task_family,dataset,agent_model,method,ppo_used,cs,ca,metric,optimizer_name,metaprompt_style,num_fewshot,top_k,top_k_prompts,valset_size,num_iterations,total_iterations,epochs,train_size,batch_size,prompt_per_example,global_step,final_score,rollouts,rollouts_budget,test_size,input_tokens,output_tokens,real_cost_usd,estimated_cost_usd,runtime_mins,seed,project,run_name,run_id
BBH-II,ACTIVE_TO_PASSIVE,google/gemma-1.1-2b-it,AlgPrompt,False,,,,,,,1.0,,,,,30.0,,16.0,4.0,,93.75,,,20.0,,,,,9.42,,II,active_to_passive,drcllx9u
BBH-II,ACTIVE_TO_PASSIVE,google/gemma-1.1-7b-it,AlgPrompt,False,,,,,,,1.0,,,,,30.0,,16.0,4.0,,99.0,,,20.0,,,,,19.23,,II_re_correct,active_to_passive,5vevj02y
BBH-II,ACTIVE_TO_PASSIVE,google/gemma-1.1-7b-it,AlgPrompt,False,,,,,,,1.0,,,,,30.0,,16.0,4.0,,100.0,,,20.0,,,,,17.63,,II_re,active_to_passive,p7hinoos
BBH-II,ACTIVE_TO_PASSIVE,google/gemma-1.1-7b-it,StablePrompt-PPO,True,,,,,,,1.0,,,,,30.0,32.0,16.0,4.0,59.0,100.0,3840.0,,100.0,,,,,7.25,3.0,GFB_II,gemma-1.1-7b-it_TO_gemma-1.1-7b-it_bs16_top5_s3,fyfy2gnl
BBH-II,ACTIVE_TO_PASSIVE,google/gemma-1.1-7b-it,StablePrompt-PPO,True,,,,,,,1.0,,,,,30.0,32.0,16.0,4.0,59.0,100.0,3840.0,,100.0,,,,,6.5,3.0,GFB_II,gemma-1.1-7b-it_TO_gemma-1.1-7b-it_bs16_top5_s3_re,e2aq8jh5
BBH-II,ACTIVE_TO_PASSIVE,google/gemma-1.1-7b-it,StablePrompt-PPO,True,,,em,,,,1.0,,,,,30.0,32.0,16.0,4.0,59.0,100.0,3840.0,,100.0,,,,,7.23,6.0,GFB_II,gemma-1.1-7b-it_TO_gemma-1.1-7b-it_bs16_top5_s6,rq1768pz
BBH-II,ACTIVE_TO_PASSIVE,google/gemma-1.1-7b-it,StablePrompt-PPO,True,,,em,,,,1.0,,,,,100.0,32.0,16.0,4.0,199.0,98.0,12800.0,,100.0,,,,,38.22,6.0,GFB_II,gemma-1.1-7b-it_TO_gemma-1.1-7b-it_bs16_top5_s6,1zp7vl6s
BBH-II,ACTIVE_TO_PASSIVE,google/gemma-1.1-7b-it,StablePrompt-PPO,True,,,em,,,,1.0,,,,,200.0,32.0,16.0,4.0,399.0,99.0,25600.0,,100.0,,,,,74.88,6.0,GFB_II,gemma-1.1-7b-it_TO_gemma-1.1-7b-it_bs16_top5_s6,xwgposix
BBH-II,ACTIVE_TO_PASSIVE,google/gemma-1.1-7b-it,StablePrompt-PPO,True,,,,,,,1.0,,,,,30.0,,16.0,4.0,59.0,99.0,3840.0,,,,,,,7.4,42.0,GFB_II,gemma-1.1-7b-it_TO_gemma-1.1-7b-it_bs16_top5_s42,ij8svrex
BBH-II,ANTONYMS,google/gemma-1.1-2b-it,AlgPrompt,False,,,,,,,1.0,,,,,30.0,,16.0,4.0,,25.0,,,20.0,,,,,10.55,,II,antonyms,7xauif7v
BBH-II,ANTONYMS,google/gemma-1.1-7b-it,AlgPrompt,False,,,,,,,1.0,,,,,30.0,,16.0,4.0,,77.0,,,20.0,,,,,16.03,,II_re_correct,antonyms,23mhm43m
BBH-II,ANTONYMS,google/gemma-1.1-7b-it,AlgPrompt,False,,,,,,,1.0,,,,,30.0,,16.0,4.0,,75.0,,,20.0,,,,,15.07,,II_re,antonyms,s2cbw413
BBH-II,ANTONYMS,google/gemma-1.1-7b-it,AlgPrompt,False,,,,,,,1.0,,,,,30.0,,16.0,4.0,,81.25,,,20.0,,,,,15.38,,II_re,antonyms,6sd1v8gs
BBH-II,ANTONYMS,google/gemma-1.1-7b-it,StablePrompt-PPO,True,,,,,,,1.0,,,,,30.0,32.0,16.0,4.0,59.0,72.0,3840.0,,100.0,,,,,7.4,3.0,GFB_II,gemma-1.1-7b-it_TO_gemma-1.1-7b-it_bs16_top5_s3,kobihwdb
BBH-II,ANTONYMS,google/gemma-1.1-7b-it,StablePrompt-PPO,True,,,,,,,1.0,,,,,30.0,32.0,16.0,4.0,59.0,68.75,3840.0,,100.0,,,,,6.47,3.0,GFB_II,gemma-1.1-7b-it_TO_gemma-1.1-7b-it_bs16_top5_s3_re,t3p5qnyz
BBH-II,ANTONYMS,google/gemma-1.1-7b-it,StablePrompt-PPO,True,,,em,,,,1.0,,,,,30.0,32.0,16.0,4.0,59.0,69.0,3840.0,,100.0,,,,,7.25,6.0,GFB_II,gemma-1.1-7b-it_TO_gemma-1.1-7b-it_bs16_top5_s6,x1w1zuh1
BBH-II,ANTONYMS,google/gemma-1.1-7b-it,StablePrompt-PPO,True,,,em,,,,1.0,,,,,100.0,32.0,16.0,4.0,199.0,68.0,12800.0,,100.0,,,,,37.95,6.0,GFB_II,gemma-1.1-7b-it_TO_gemma-1.1-7b-it_bs16_top5_s6,vh2r1ee7
BBH-II,ANTONYMS,google/gemma-1.1-7b-it,StablePrompt-PPO,True,,,em,,,,1.0,,,,,200.0,32.0,16.0,4.0,399.0,72.0,25600.0,,100.0,,,,,75.78,6.0,GFB_II,gemma-1.1-7b-it_TO_gemma-1.1-7b-it_bs16_top5_s6,ooeqfdwi
BBH-II,ANTONYMS,google/gemma-1.1-7b-it,StablePrompt-PPO,True,,,,,,,1.0,,,,,30.0,,16.0,4.0,59.0,73.0,3840.0,,,,,,,7.22,42.0,GFB_II,gemma-1.1-7b-it_TO_gemma-1.1-7b-it_bs16_top5_s42,e3e9jxpa
BBH-II,CAUSE_AND_EFFECT,google/gemma-1.1-2b-it,AlgPrompt,False,,,,,,,1.0,,,,,30.0,,16.0,4.0,,70.0,,,20.0,,,,,9.95,,II,cause_and_effect,6q4hdlkg
BBH-II,CAUSE_AND_EFFECT,google/gemma-1.1-7b-it,AlgPrompt,False,,,,,,,1.0,,,,,30.0,,16.0,4.0,,60.0,,,20.0,,,,,18.7,,II_re_correct,cause_and_effect,hosf1gjg
BBH-II,CAUSE_AND_EFFECT,google/gemma-1.1-7b-it,AlgPrompt,False,,,,,,,1.0,,,,,30.0,,16.0,4.0,,70.0,,,20.0,,,,,17.62,,II_re,cause_and_effect,fke1c7z1
BBH-II,CAUSE_AND_EFFECT,google/gemma-1.1-7b-it,StablePrompt-PPO,True,,,,,,,1.0,,,,,30.0,26.0,16.0,4.0,59.0,40.0,3840.0,,25.0,,,,,6.8,3.0,GFB_II,gemma-1.1-7b-it_TO_gemma-1.1-7b-it_bs16_top5_s3,itzyipx6
BBH-II,CAUSE_AND_EFFECT,google/gemma-1.1-7b-it,StablePrompt-PPO,True,,,,,,,1.0,,,,,30.0,26.0,16.0,4.0,59.0,40.0,3840.0,,25.0,,,,,6.82,3.0,GFB_II,gemma-1.1-7b-it_TO_gemma-1.1-7b-it_bs16_top5_s3_re,z07jnus8
BBH-II,CAUSE_AND_EFFECT,google/gemma-1.1-7b-it,StablePrompt-PPO,True,,,em,,,,1.0,,,,,30.0,26.0,16.0,4.0,59.0,60.0,3840.0,,25.0,,,,,6.77,6.0,GFB_II,gemma-1.1-7b-it_TO_gemma-1.1-7b-it_bs16_top5_s6,fdghz6vx
BBH-II,CAUSE_AND_EFFECT,google/gemma-1.1-7b-it,StablePrompt-PPO,True,,,em,,,,1.0,,,,,100.0,26.0,16.0,4.0,199.0,60.0,12800.0,,25.0,,,,,37.47,6.0,GFB_II,gemma-1.1-7b-it_TO_gemma-1.1-7b-it_bs16_top5_s6,w4rwug6n
BBH-II,CAUSE_AND_EFFECT,google/gemma-1.1-7b-it,StablePrompt-PPO,True,,,em,,,,1.0,,,,,200.0,26.0,16.0,4.0,399.0,60.0,25600.0,,25.0,,,,,74.33,6.0,GFB_II,gemma-1.1-7b-it_TO_gemma-1.1-7b-it_bs16_top5_s6,jewwiv6a
BBH-II,CAUSE_AND_EFFECT,google/gemma-1.1-7b-it,StablePrompt-PPO,True,,,,,,,1.0,,,,,30.0,,16.0,4.0,59.0,52.0,3840.0,,,,,,,7.12,42.0,GFB_II,gemma-1.1-7b-it_TO_gemma-1.1-7b-it_bs16_top5_s42,5yhpgyzx
BBH-II,COMMON_CONCEPT,google/gemma-1.1-2b-it,AlgPrompt,False,,,,,,,1.0,,,,,30.0,,16.0,4.0,,50.0,,,20.0,,,,,8.28,,II,common_concept,y9kdjtpd
BBH-II,COMMON_CONCEPT,google/gemma-1.1-7b-it,AlgPrompt,False,,,,,,,1.0,,,,,30.0,,16.0,4.0,,16.87499999999999,,,20.0,,,,,17.02,,II_re_correct,common_concept,43rfayms
BBH-II,COMMON_CONCEPT,google/gemma-1.1-7b-it,AlgPrompt,False,,,,,,,1.0,,,,,30.0,,16.0,4.0,,50.0,,,20.0,,,,,17.8,,II_re,common_concept,d8tmd5oo
BBH-II,COMMON_CONCEPT,google/gemma-1.1-7b-it,StablePrompt-PPO,True,,,,,,,1.0,,,,,30.0,17.0,16.0,4.0,59.0,16.87499999999999,3840.0,,16.0,,,,,6.62,3.0,GFB_II,gemma-1.1-7b-it_TO_gemma-1.1-7b-it_bs16_top5_s3,pu6lf8er
BBH-II,COMMON_CONCEPT,google/gemma-1.1-7b-it,StablePrompt-PPO,True,,,,,,,1.0,,,,,30.0,17.0,16.0,4.0,59.0,50.0,3840.0,,16.0,,,,,6.48,3.0,GFB_II,gemma-1.1-7b-it_TO_gemma-1.1-7b-it_bs16_top5_s3_re,gsskb3xd
BBH-II,COMMON_CONCEPT,google/gemma-1.1-7b-it,StablePrompt-PPO,True,,,f1,,,,1.0,,,,,30.0,17.0,16.0,4.0,59.0,16.87499999999999,3840.0,,16.0,,,,,6.38,6.0,GFB_II,gemma-1.1-7b-it_TO_gemma-1.1-7b-it_bs16_top5_s6,1azp7maf
BBH-II,COMMON_CONCEPT,google/gemma-1.1-7b-it,StablePrompt-PPO,True,,,f1,,,,1.0,,,,,100.0,17.0,16.0,4.0,199.0,16.87499999999999,12800.0,,16.0,,,,,34.32,6.0,GFB_II,gemma-1.1-7b-it_TO_gemma-1.1-7b-it_bs16_top5_s6,ince3hn7
BBH-II,COMMON_CONCEPT,google/gemma-1.1-7b-it,StablePrompt-PPO,True,,,f1,,,,1.0,,,,,200.0,17.0,16.0,4.0,399.0,16.87499999999999,25600.0,,16.0,,,,,68.32,6.0,GFB_II,gemma-1.1-7b-it_TO_gemma-1.1-7b-it_bs16_top5_s6,xj74yd2d
BBH-II,COMMON_CONCEPT,google/gemma-1.1-7b-it,StablePrompt-PPO,True,,,,,,,1.0,,,,,30.0,,16.0,4.0,59.0,16.87499999999999,3840.0,,,,,,,6.45,42.0,GFB_II,gemma-1.1-7b-it_TO_gemma-1.1-7b-it_bs16_top5_s42,mrv737ho
BBH-II,DIFF,google/gemma-1.1-2b-it,AlgPrompt,False,,,,,,,1.0,,,,,30.0,,16.0,4.0,,100.0,,,20.0,,,,,9.85,,II,diff,eznf5ypg
BBH-II,DIFF,google/gemma-1.1-7b-it,AlgPrompt,False,,,,,,,1.0,,,,,30.0,,16.0,4.0,,2.0,,,20.0,,,,,17.58,,II_re_correct,diff,j3q19ufr
BBH-II,DIFF,google/gemma-1.1-7b-it,AlgPrompt,False,,,,,,,1.0,,,,,30.0,,16.0,4.0,,100.0,,,20.0,,,,,16.07,,II_re,diff,9avqq2cb
BBH-II,DIFF,google/gemma-1.1-7b-it,StablePrompt-PPO,True,,,,,,,1.0,,,,,30.0,32.0,16.0,4.0,59.0,2.0,3840.0,,100.0,,,,,7.17,3.0,GFB_II,gemma-1.1-7b-it_TO_gemma-1.1-7b-it_bs16_top5_s3,1x5gi3u8
BBH-II,DIFF,google/gemma-1.1-7b-it,StablePrompt-PPO,True,,,,,,,1.0,,,,,30.0,32.0,16.0,4.0,59.0,100.0,3840.0,,100.0,,,,,6.43,3.0,GFB_II,gemma-1.1-7b-it_TO_gemma-1.1-7b-it_bs16_top5_s3_re,z7viaztr
BBH-II,DIFF,google/gemma-1.1-7b-it,StablePrompt-PPO,True,,,em,,,,1.0,,,,,30.0,32.0,16.0,4.0,59.0,2.0,3840.0,,100.0,,,,,7.1,6.0,GFB_II,gemma-1.1-7b-it_TO_gemma-1.1-7b-it_bs16_top5_s6,1n1ewrnp
BBH-II,DIFF,google/gemma-1.1-7b-it,StablePrompt-PPO,True,,,em,,,,1.0,,,,,100.0,32.0,16.0,4.0,199.0,2.0,12800.0,,100.0,,,,,39.18,6.0,GFB_II,gemma-1.1-7b-it_TO_gemma-1.1-7b-it_bs16_top5_s6,z7fv2zmc
BBH-II,DIFF,google/gemma-1.1-7b-it,StablePrompt-PPO,True,,,em,,,,1.0,,,,,200.0,32.0,16.0,4.0,399.0,2.0,25600.0,,100.0,,,,,73.0,6.0,GFB_II,gemma-1.1-7b-it_TO_gemma-1.1-7b-it_bs16_top5_s6,f0cljbpe
BBH-II,DIFF,google/gemma-1.1-7b-it,StablePrompt-PPO,True,,,,,,,1.0,,,,,30.0,,16.0,4.0,59.0,2.0,3840.0,,,,,,,7.18,42.0,GFB_II,gemma-1.1-7b-it_TO_gemma-1.1-7b-it_bs16_top5_s42,x3aq4f5o
BBH-II,DISAMBIGUATION_QA,Qwen/Qwen3-0.6B-Base,AlgPrompt,False,,,,,,,1.0,,,,,30.0,,4.0,4.0,,42.9824560880661,,,20.0,,,,,7.5,,BBH,disambiguation_qa_algprompt,0i6dvp7g
BBH-II,DISAMBIGUATION_QA,google/gemma-1.1-7b-it,AlgPrompt,False,,,,,,,1.0,,,,,30.0,,4.0,4.0,,65.35087823867798,,,20.0,,,,,6.43,,BBH,disambiguation_qa_algprompt,wfqbue3i
BBH-II,DISAMBIGUATION_QA,google/gemma-1.1-7b-it,AlgPrompt,False,,,,,,,1.0,,,,,30.0,,4.0,4.0,,65.35087823867798,,,20.0,,,,,6.47,,BBH,disambiguation_qa_algprompt,0d7hkfvh
BBH-II,EPISTEMIC_REASONING,Qwen/Qwen3-0.6B-Base,AlgPrompt,False,,,,,,,1.0,,,,,30.0,,4.0,4.0,,49.94923770427704,,,20.0,,,,,13.25,,BBH,epistemic_reasoning_algprompt,2t6vdqso
BBH-II,EPISTEMIC_REASONING,google/gemma-1.1-7b-it,AlgPrompt,False,,,,,,,1.0,,,,,30.0,,4.0,4.0,,52.639591693878174,,,20.0,,,,,10.45,,BBH,epistemic_reasoning_algprompt,q42fifv2
BBH-II,EPISTEMIC_REASONING,google/gemma-1.1-7b-it,AlgPrompt,False,,,,,,,1.0,,,,,30.0,,4.0,4.0,,62.3857855796814,,,20.0,,,,,10.53,,BBH,epistemic_reasoning_algprompt,kmw3jk3n
BBH-II,FIRST_WORD_LETTER,google/gemma-1.1-2b-it,AlgPrompt,False,,,,,,,1.0,,,,,30.0,,16.0,4.0,,50.0,,,20.0,,,,,9.93,,II,first_word_letter,c318t3sk
BBH-II,FIRST_WORD_LETTER,google/gemma-1.1-7b-it,AlgPrompt,False,,,,,,,1.0,,,,,30.0,,16.0,4.0,,97.0,,,20.0,,,,,16.98,,II_re_correct,first_word_letter,jhlbzdw5
BBH-II,FIRST_WORD_LETTER,google/gemma-1.1-7b-it,AlgPrompt,False,,,,,,,1.0,,,,,30.0,,16.0,4.0,,100.0,,,20.0,,,,,14.7,,II_re,first_word_letter,fdsuitlu
BBH-II,FIRST_WORD_LETTER,google/gemma-1.1-7b-it,StablePrompt-PPO,True,,,,,,,1.0,,,,,30.0,32.0,16.0,4.0,59.0,89.0,3840.0,,100.0,,,,,7.22,3.0,GFB_II,gemma-1.1-7b-it_TO_gemma-1.1-7b-it_bs16_top5_s3,kxnp3hoz
BBH-II,FIRST_WORD_LETTER,google/gemma-1.1-7b-it,StablePrompt-PPO,True,,,,,,,1.0,,,,,30.0,32.0,16.0,4.0,59.0,93.75,3840.0,,100.0,,,,,6.82,3.0,GFB_II,gemma-1.1-7b-it_TO_gemma-1.1-7b-it_bs16_top5_s3_re,97vhamsm
BBH-II,FIRST_WORD_LETTER,google/gemma-1.1-7b-it,StablePrompt-PPO,True,,,em,,,,1.0,,,,,30.0,32.0,16.0,4.0,59.0,93.0,3840.0,,100.0,,,,,7.22,6.0,GFB_II,gemma-1.1-7b-it_TO_gemma-1.1-7b-it_bs16_top5_s6,tpq3quf7
BBH-II,FIRST_WORD_LETTER,google/gemma-1.1-7b-it,StablePrompt-PPO,True,,,em,,,,1.0,,,,,100.0,32.0,16.0,4.0,199.0,97.0,12800.0,,100.0,,,,,36.93,6.0,GFB_II,gemma-1.1-7b-it_TO_gemma-1.1-7b-it_bs16_top5_s6,oh43f0mz
BBH-II,FIRST_WORD_LETTER,google/gemma-1.1-7b-it,StablePrompt-PPO,True,,,em,,,,1.0,,,,,200.0,32.0,16.0,4.0,399.0,93.0,25600.0,,100.0,,,,,72.92,6.0,GFB_II,gemma-1.1-7b-it_TO_gemma-1.1-7b-it_bs16_top5_s6,n69n1wgx
BBH-II,FIRST_WORD_LETTER,google/gemma-1.1-7b-it,StablePrompt-PPO,True,,,,,,,1.0,,,,,30.0,,16.0,4.0,59.0,87.0,3840.0,,,,,,,7.12,42.0,GFB_II,gemma-1.1-7b-it_TO_gemma-1.1-7b-it_bs16_top5_s42,2femz1cd
BBH-II,GENDER_INCLUSIVE_SENTENCES_GERMAN,google/gemma-1.1-7b-it,AlgPrompt,False,,,,,,,1.0,,,,,30.0,,16.0,4.0,,91.085576597706,,,20.0,,,,,19.1,,bbh_tg_algprompt,gender_inclusive_sentences_german_,pkjklb65
BBH-II,HYPERBATON,google/gemma-1.1-7b-it,AlgPrompt,False,,,,,,,1.0,,,,,30.0,,4.0,4.0,,76.08364820480347,,,20.0,,,,,108.57,,BBH,hyperbaton_algprompt,i6hktb9t
BBH-II,HYPERBATON,google/gemma-1.1-7b-it,AlgPrompt,False,,,,,,,1.0,,,,,30.0,,4.0,4.0,,73.21993112564087,,,20.0,,,,,104.45,,BBH,hyperbaton_algprompt,isr7d8uw
BBH-II,IMPLICATURES,google/gemma-1.1-7b-it,AlgPrompt,False,,,,,,,1.0,,,,,30.0,,4.0,4.0,,82.6839804649353,,,20.0,,,,,6.82,,BBH,implicatures_algprompt,a2xg42sc
BBH-II,INFORMAL_TO_FORMAL,google/gemma-1.1-2b-it,AlgPrompt,False,,,,,,,1.0,,,,,30.0,,16.0,4.0,,44.09624253741901,,,20.0,,,,,5.6,,II,informal_to_formal,2a8f7two
BBH-II,INFORMAL_TO_FORMAL,google/gemma-1.1-7b-it,AlgPrompt,False,,,,,,,1.0,,,,,30.0,,16.0,4.0,,38.35120435120435,,,20.0,,,,,9.98,,II_re_correct,informal_to_formal,ixogiy17
BBH-II,INFORMAL_TO_FORMAL,google/gemma-1.1-7b-it,AlgPrompt,False,,,,,,,1.0,,,,,30.0,,16.0,4.0,,50.347739521114136,,,20.0,,,,,10.07,,II_re,informal_to_formal,afw16bqk
BBH-II,INFORMAL_TO_FORMAL,google/gemma-1.1-7b-it,StablePrompt-PPO,True,,,,,,,1.0,,,,,30.0,15.0,16.0,4.0,29.0,30.41699041699041,1920.0,,15.0,,,,,3.65,3.0,GFB_II,gemma-1.1-7b-it_TO_gemma-1.1-7b-it_bs16_top5_s3,6ixdx991
BBH-II,INFORMAL_TO_FORMAL,google/gemma-1.1-7b-it,StablePrompt-PPO,True,,,,,,,1.0,,,,,30.0,15.0,16.0,4.0,29.0,39.90964590964591,1920.0,,15.0,,,,,3.55,3.0,GFB_II,gemma-1.1-7b-it_TO_gemma-1.1-7b-it_bs16_top5_s3_re,jyv22mj7
BBH-II,INFORMAL_TO_FORMAL,google/gemma-1.1-7b-it,StablePrompt-PPO,True,,,f1,,,,1.0,,,,,30.0,15.0,16.0,4.0,29.0,40.93410701212558,1920.0,,15.0,,,,,3.6,6.0,GFB_II,gemma-1.1-7b-it_TO_gemma-1.1-7b-it_bs16_top5_s6,6lwi3mq8
BBH-II,INFORMAL_TO_FORMAL,google/gemma-1.1-7b-it,StablePrompt-PPO,True,,,f1,,,,1.0,,,,,100.0,15.0,16.0,4.0,99.0,45.29655140181456,6400.0,,15.0,,,,,18.93,6.0,GFB_II,gemma-1.1-7b-it_TO_gemma-1.1-7b-it_bs16_top5_s6,yx87svw0
BBH-II,INFORMAL_TO_FORMAL,google/gemma-1.1-7b-it,StablePrompt-PPO,True,,,f1,,,,1.0,,,,,200.0,15.0,16.0,4.0,199.0,44.83078325183587,12800.0,,15.0,,,,,37.87,6.0,GFB_II,gemma-1.1-7b-it_TO_gemma-1.1-7b-it_bs16_top5_s6,2zbjozkz
BBH-II,INFORMAL_TO_FORMAL,google/gemma-1.1-7b-it,StablePrompt-PPO,True,,,,,,,1.0,,,,,30.0,,16.0,4.0,29.0,45.27425842131724,1920.0,,,,,,,3.55,42.0,GFB_II,gemma-1.1-7b-it_TO_gemma-1.1-7b-it_bs16_top5_s42,mifp70tg
BBH-II,LARGER_ANIMAL,google/gemma-1.1-2b-it,AlgPrompt,False,,,,,,,1.0,,,,,30.0,,16.0,4.0,,37.5,,,20.0,,,,,7.97,,II,larger_animal,xqkg93b5
BBH-II,LARGER_ANIMAL,google/gemma-1.1-7b-it,AlgPrompt,False,,,,,,,1.0,,,,,30.0,,16.0,4.0,,80.0,,,20.0,,,,,15.37,,II_re_correct,larger_animal,ffl0i7ls
BBH-II,LARGER_ANIMAL,google/gemma-1.1-7b-it,AlgPrompt,False,,,,,,,1.0,,,,,30.0,,16.0,4.0,,93.75,,,20.0,,,,,14.32,,II_re,larger_animal,lb2ntb53
BBH-II,LARGER_ANIMAL,google/gemma-1.1-7b-it,StablePrompt-PPO,True,,,,,,,1.0,,,,,30.0,32.0,16.0,4.0,59.0,78.0,3840.0,,100.0,,,,,7.87,3.0,GFB_II,gemma-1.1-7b-it_TO_gemma-1.1-7b-it_bs16_top5_s3,4lkdhyn7
BBH-II,LARGER_ANIMAL,google/gemma-1.1-7b-it,StablePrompt-PPO,True,,,,,,,1.0,,,,,30.0,32.0,16.0,4.0,59.0,93.75,3840.0,,100.0,,,,,6.52,3.0,GFB_II,gemma-1.1-7b-it_TO_gemma-1.1-7b-it_bs16_top5_s3_re,jsvot9w1
BBH-II,LARGER_ANIMAL,google/gemma-1.1-7b-it,StablePrompt-PPO,True,,,em,,,,1.0,,,,,30.0,32.0,16.0,4.0,59.0,54.0,3840.0,,100.0,,,,,7.0,6.0,GFB_II,gemma-1.1-7b-it_TO_gemma-1.1-7b-it_bs16_top5_s6,x8twx5pr
BBH-II,LARGER_ANIMAL,google/gemma-1.1-7b-it,StablePrompt-PPO,True,,,em,,,,1.0,,,,,100.0,32.0,16.0,4.0,199.0,79.0,12800.0,,100.0,,,,,36.97,6.0,GFB_II,gemma-1.1-7b-it_TO_gemma-1.1-7b-it_bs16_top5_s6,gr159iws
BBH-II,LARGER_ANIMAL,google/gemma-1.1-7b-it,StablePrompt-PPO,True,,,em,,,,1.0,,,,,200.0,32.0,16.0,4.0,399.0,86.0,25600.0,,100.0,,,,,71.83,6.0,GFB_II,gemma-1.1-7b-it_TO_gemma-1.1-7b-it_bs16_top5_s6,viyevmbv
BBH-II,LARGER_ANIMAL,google/gemma-1.1-7b-it,StablePrompt-PPO,True,,,,,,,1.0,,,,,30.0,,16.0,4.0,59.0,83.0,3840.0,,,,,,,6.72,42.0,GFB_II,gemma-1.1-7b-it_TO_gemma-1.1-7b-it_bs16_top5_s42,zbi8uyn0
BBH-II,LETTERS_LIST,google/gemma-1.1-2b-it,AlgPrompt,False,,,,,,,1.0,,,,,30.0,,16.0,4.0,,50.0,,,20.0,,,,,10.62,,II,letters_list,4f3z86bk
BBH-II,LETTERS_LIST,google/gemma-1.1-7b-it,AlgPrompt,False,,,,,,,1.0,,,,,30.0,,16.0,4.0,,69.0,,,20.0,,,,,16.28,,II_re_correct,letters_list,mrva3xnv
BBH-II,LETTERS_LIST,google/gemma-1.1-7b-it,AlgPrompt,False,,,,,,,1.0,,,,,30.0,,16.0,4.0,,93.75,,,20.0,,,,,15.45,,II_re,letters_list,81j629mo
BBH-II,LETTERS_LIST,google/gemma-1.1-7b-it,StablePrompt-PPO,True,,,,,,,1.0,,,,,30.0,32.0,16.0,4.0,59.0,47.0,3840.0,,100.0,,,,,7.12,3.0,GFB_II,gemma-1.1-7b-it_TO_gemma-1.1-7b-it_bs16_top5_s3,zfyzyskw
BBH-II,LETTERS_LIST,google/gemma-1.1-7b-it,StablePrompt-PPO,True,,,,,,,1.0,,,,,30.0,32.0,16.0,4.0,59.0,56.25,3840.0,,100.0,,,,,6.57,3.0,GFB_II,gemma-1.1-7b-it_TO_gemma-1.1-7b-it_bs16_top5_s3_re,khz29jhu
BBH-II,LETTERS_LIST,google/gemma-1.1-7b-it,StablePrompt-PPO,True,,,em,,,,1.0,,,,,30.0,32.0,16.0,4.0,59.0,56.00000000000001,3840.0,,100.0,,,,,7.15,6.0,GFB_II,gemma-1.1-7b-it_TO_gemma-1.1-7b-it_bs16_top5_s6,oxn8x551
BBH-II,LETTERS_LIST,google/gemma-1.1-7b-it,StablePrompt-PPO,True,,,em,,,,1.0,,,,,100.0,32.0,16.0,4.0,199.0,70.0,12800.0,,100.0,,,,,37.3,6.0,GFB_II,gemma-1.1-7b-it_TO_gemma-1.1-7b-it_bs16_top5_s6,hxccbihu
BBH-II,LETTERS_LIST,google/gemma-1.1-7b-it,StablePrompt-PPO,True,,,em,,,,1.0,,,,,200.0,32.0,16.0,4.0,399.0,73.0,25600.0,,100.0,,,,,73.13,6.0,GFB_II,gemma-1.1-7b-it_TO_gemma-1.1-7b-it_bs16_top5_s6,ikf6t572
BBH-II,LETTERS_LIST,google/gemma-1.1-7b-it,StablePrompt-PPO,True,,,,,,,1.0,,,,,30.0,,16.0,4.0,59.0,61.0,3840.0,,,,,,,7.07,42.0,GFB_II,gemma-1.1-7b-it_TO_gemma-1.1-7b-it_bs16_top5_s42,uisb947h
BBH-II,LOGICAL_FALLACY_DETECTION,google/gemma-1.1-7b-it,AlgPrompt,False,,,,,,,1.0,,,,,30.0,,4.0,4.0,,53.21299433708191,,,20.0,,,,,11.87,,BBH,logical_fallacy_detection_algprompt,q24ycgvc
BBH-II,MOVIE_RECOMMENDATION,google/gemma-1.1-7b-it,AlgPrompt,False,,,,,,,1.0,,,,,30.0,,4.0,4.0,,63.82978558540344,,,20.0,,,,,7.47,,BBH,movie_recommendation_algprompt,qjc1ycwk
BBH-II,NAVIGATE,google/gemma-1.1-7b-it,AlgPrompt,False,,,,,,,1.0,,,,,30.0,,4.0,4.0,,51.54638886451721,,,20.0,,,,,8.0,,BBH,navigate_algprompt,rf8cm0z9
BBH-II,NEGATION,google/gemma-1.1-2b-it,AlgPrompt,False,,,,,,,1.0,,,,,30.0,,16.0,4.0,,18.75,,,20.0,,,,,10.07,,II,negation,bojg8y71
BBH-II,NEGATION,google/gemma-1.1-7b-it,AlgPrompt,False,,,,,,,1.0,,,,,30.0,,16.0,4.0,,73.0,,,20.0,,,,,19.77,,II_re_correct,negation,oii2f8bt
BBH-II,NEGATION,google/gemma-1.1-7b-it,AlgPrompt,False,,,,,,,1.0,,,,,30.0,,16.0,4.0,,75.0,,,20.0,,,,,20.3,,II_re,negation,6rwnfwve
BBH-II,NEGATION,google/gemma-1.1-7b-it,StablePrompt-PPO,True,,,,,,,1.0,,,,,30.0,32.0,16.0,4.0,59.0,72.0,3840.0,,100.0,,,,,7.32,3.0,GFB_II,gemma-1.1-7b-it_TO_gemma-1.1-7b-it_bs16_top5_s3,r0j4ovqn
BBH-II,NEGATION,google/gemma-1.1-7b-it,StablePrompt-PPO,True,,,,,,,1.0,,,,,30.0,32.0,16.0,4.0,59.0,68.75,3840.0,,100.0,,,,,6.72,3.0,GFB_II,gemma-1.1-7b-it_TO_gemma-1.1-7b-it_bs16_top5_s3_re,u299b6hc
BBH-II,NEGATION,google/gemma-1.1-7b-it,StablePrompt-PPO,True,,,em,,,,1.0,,,,,30.0,32.0,16.0,4.0,59.0,79.0,3840.0,,100.0,,,,,7.42,6.0,GFB_II,gemma-1.1-7b-it_TO_gemma-1.1-7b-it_bs16_top5_s6,o4k7nzsl
BBH-II,NEGATION,google/gemma-1.1-7b-it,StablePrompt-PPO,True,,,em,,,,1.0,,,,,100.0,32.0,16.0,4.0,199.0,76.0,12800.0,,100.0,,,,,39.35,6.0,GFB_II,gemma-1.1-7b-it_TO_gemma-1.1-7b-it_bs16_top5_s6,nebz7o1j
BBH-II,NEGATION,google/gemma-1.1-7b-it,StablePrompt-PPO,True,,,em,,,,1.0,,,,,200.0,32.0,16.0,4.0,399.0,81.0,25600.0,,100.0,,,,,77.02,6.0,GFB_II,gemma-1.1-7b-it_TO_gemma-1.1-7b-it_bs16_top5_s6,yr7zbwik
BBH-II,NEGATION,google/gemma-1.1-7b-it,StablePrompt-PPO,True,,,,,,,1.0,,,,,30.0,,16.0,4.0,59.0,79.0,3840.0,,,,,,,7.48,42.0,GFB_II,gemma-1.1-7b-it_TO_gemma-1.1-7b-it_bs16_top5_s42,reiyf9mi
BBH-II,NUM_TO_VERBAL,google/gemma-1.1-2b-it,AlgPrompt,False,,,,,,,1.0,,,,,30.0,,16.0,4.0,,62.5,,,20.0,,,,,9.97,,II,num_to_verbal,5lo759sz
BBH-II,NUM_TO_VERBAL,google/gemma-1.1-7b-it,AlgPrompt,False,,,,,,,1.0,,,,,30.0,,16.0,4.0,,64.0,,,20.0,,,,,15.33,,II_re_correct,num_to_verbal,88y16n6p
BBH-II,NUM_TO_VERBAL,google/gemma-1.1-7b-it,AlgPrompt,False,,,,,,,1.0,,,,,30.0,,16.0,4.0,,87.5,,,20.0,,,,,15.3,,II_re,num_to_verbal,yvtq5xzd
BBH-II,NUM_TO_VERBAL,google/gemma-1.1-7b-it,StablePrompt-PPO,True,,,,,,,1.0,,,,,30.0,32.0,16.0,4.0,59.0,56.00000000000001,3840.0,,100.0,,,,,7.05,3.0,GFB_II,gemma-1.1-7b-it_TO_gemma-1.1-7b-it_bs16_top5_s3,nqa6dhgl
BBH-II,NUM_TO_VERBAL,google/gemma-1.1-7b-it,StablePrompt-PPO,True,,,,,,,1.0,,,,,30.0,32.0,16.0,4.0,59.0,87.5,3840.0,,100.0,,,,,6.75,3.0,GFB_II,gemma-1.1-7b-it_TO_gemma-1.1-7b-it_bs16_top5_s3_re,uy9vl7up
BBH-II,NUM_TO_VERBAL,google/gemma-1.1-7b-it,StablePrompt-PPO,True,,,em,,,,1.0,,,,,30.0,32.0,16.0,4.0,59.0,55.00000000000001,3840.0,,100.0,,,,,7.72,6.0,GFB_II,gemma-1.1-7b-it_TO_gemma-1.1-7b-it_bs16_top5_s6,1v947onh
BBH-II,NUM_TO_VERBAL,google/gemma-1.1-7b-it,StablePrompt-PPO,True,,,em,,,,1.0,,,,,100.0,32.0,16.0,4.0,199.0,77.0,12800.0,,100.0,,,,,36.2,6.0,GFB_II,gemma-1.1-7b-it_TO_gemma-1.1-7b-it_bs16_top5_s6,8njysxts
BBH-II,NUM_TO_VERBAL,google/gemma-1.1-7b-it,StablePrompt-PPO,True,,,em,,,,1.0,,,,,200.0,32.0,16.0,4.0,399.0,79.0,25600.0,,100.0,,,,,70.65,6.0,GFB_II,gemma-1.1-7b-it_TO_gemma-1.1-7b-it_bs16_top5_s6,adakczlb
BBH-II,NUM_TO_VERBAL,google/gemma-1.1-7b-it,StablePrompt-PPO,True,,,,,,,1.0,,,,,30.0,,16.0,4.0,59.0,56.99999999999999,3840.0,,,,,,,6.97,42.0,GFB_II,gemma-1.1-7b-it_TO_gemma-1.1-7b-it_bs16_top5_s42,xhapw4eo
BBH-II,OBJECT_COUNTING,google/gemma-1.1-7b-it,AlgPrompt,False,,,,,,,1.0,,,,,30.0,,16.0,4.0,,50.0,,,20.0,,,,,15.87,,bbh_tg_algprompt,object_counting_,yclxwduc
BBH-II,OPERATORS,google/gemma-1.1-7b-it,AlgPrompt,False,,,,,,,1.0,,,,,30.0,,16.0,4.0,,50.0,,,20.0,,,,,20.33,,bbh_tg_algprompt,operators_,4arl5ybf
BBH-II,ORTHOGRAPHY_STARTS_WITH,google/gemma-1.1-2b-it,AlgPrompt,False,,,,,,,1.0,,,,,30.0,,16.0,4.0,,12.5,,,20.0,,,,,9.13,,II,orthography_starts_with,6ulywml2
BBH-II,ORTHOGRAPHY_STARTS_WITH,google/gemma-1.1-7b-it,AlgPrompt,False,,,,,,,1.0,,,,,30.0,,16.0,4.0,,9.0,,,20.0,,,,,18.07,,II_re_correct,orthography_starts_with,q178ktlp
BBH-II,ORTHOGRAPHY_STARTS_WITH,google/gemma-1.1-7b-it,AlgPrompt,False,,,,,,,1.0,,,,,30.0,,16.0,4.0,,25.0,,,20.0,,,,,17.03,,II_re,orthography_starts_with,zlv7ygth
BBH-II,ORTHOGRAPHY_STARTS_WITH,google/gemma-1.1-7b-it,StablePrompt-PPO,True,,,,,,,1.0,,,,,30.0,32.0,16.0,4.0,59.0,15.0,3840.0,,100.0,,,,,7.28,3.0,GFB_II,gemma-1.1-7b-it_TO_gemma-1.1-7b-it_bs16_top5_s3,a15pypf7
BBH-II,ORTHOGRAPHY_STARTS_WITH,google/gemma-1.1-7b-it,StablePrompt-PPO,True,,,,,,,1.0,,,,,30.0,32.0,16.0,4.0,59.0,31.25,3840.0,,100.0,,,,,6.97,3.0,GFB_II,gemma-1.1-7b-it_TO_gemma-1.1-7b-it_bs16_top5_s3_re,3jcm00fe
BBH-II,ORTHOGRAPHY_STARTS_WITH,google/gemma-1.1-7b-it,StablePrompt-PPO,True,,,es,,,,1.0,,,,,30.0,32.0,16.0,4.0,59.0,15.0,3840.0,,100.0,,,,,7.33,6.0,GFB_II,gemma-1.1-7b-it_TO_gemma-1.1-7b-it_bs16_top5_s6,zxw36jg3
BBH-II,ORTHOGRAPHY_STARTS_WITH,google/gemma-1.1-7b-it,StablePrompt-PPO,True,,,es,,,,1.0,,,,,100.0,32.0,16.0,4.0,199.0,30.0,12800.0,,100.0,,,,,39.22,6.0,GFB_II,gemma-1.1-7b-it_TO_gemma-1.1-7b-it_bs16_top5_s6,13yc9cmw
BBH-II,ORTHOGRAPHY_STARTS_WITH,google/gemma-1.1-7b-it,StablePrompt-PPO,True,,,es,,,,1.0,,,,,200.0,32.0,16.0,4.0,399.0,24.0,25600.0,,100.0,,,,,77.7,6.0,GFB_II,gemma-1.1-7b-it_TO_gemma-1.1-7b-it_bs16_top5_s6,wpnikx0u
BBH-II,ORTHOGRAPHY_STARTS_WITH,google/gemma-1.1-7b-it,StablePrompt-PPO,True,,,,,,,1.0,,,,,30.0,,16.0,4.0,59.0,13.0,3840.0,,,,,,,7.25,42.0,GFB_II,gemma-1.1-7b-it_TO_gemma-1.1-7b-it_bs16_top5_s42,uknwr52m
BBH-II,RHYMES,google/gemma-1.1-2b-it,AlgPrompt,False,,,,,,,1.0,,,,,30.0,,16.0,4.0,,12.5,,,20.0,,,,,10.2,,II,rhymes,uxphwmz4
BBH-II,RHYMES,google/gemma-1.1-7b-it,AlgPrompt,False,,,,,,,1.0,,,,,30.0,,16.0,4.0,,8.0,,,20.0,,,,,17.5,,II_re_correct,rhymes,dzb3bpr9
BBH-II,RHYMES,google/gemma-1.1-7b-it,AlgPrompt,False,,,,,,,1.0,,,,,30.0,,16.0,4.0,,6.25,,,20.0,,,,,17.97,,II_re,rhymes,p2gy34pd
BBH-II,RHYMES,google/gemma-1.1-7b-it,StablePrompt-PPO,True,,,,,,,1.0,,,,,30.0,32.0,16.0,4.0,59.0,6.0,3840.0,,100.0,,,,,7.13,3.0,GFB_II,gemma-1.1-7b-it_TO_gemma-1.1-7b-it_bs16_top5_s3,58sdhgo0
BBH-II,RHYMES,google/gemma-1.1-7b-it,StablePrompt-PPO,True,,,,,,,1.0,,,,,30.0,32.0,16.0,4.0,59.0,12.5,3840.0,,100.0,,,,,6.68,3.0,GFB_II,gemma-1.1-7b-it_TO_gemma-1.1-7b-it_bs16_top5_s3_re,oarwpibw
BBH-II,RHYMES,google/gemma-1.1-7b-it,StablePrompt-PPO,True,,,em,,,,1.0,,,,,30.0,32.0,16.0,4.0,59.0,9.0,3840.0,,100.0,,,,,7.47,6.0,GFB_II,gemma-1.1-7b-it_TO_gemma-1.1-7b-it_bs16_top5_s6,fykqraaf
BBH-II,RHYMES,google/gemma-1.1-7b-it,StablePrompt-PPO,True,,,em,,,,1.0,,,,,100.0,32.0,16.0,4.0,199.0,3.0,12800.0,,100.0,,,,,37.6,6.0,GFB_II,gemma-1.1-7b-it_TO_gemma-1.1-7b-it_bs16_top5_s6,a2mignvr
BBH-II,RHYMES,google/gemma-1.1-7b-it,StablePrompt-PPO,True,,,,,,,1.0,,,,,30.0,,16.0,4.0,59.0,1.0,3840.0,,,,,,,7.2,42.0,GFB_II,gemma-1.1-7b-it_TO_gemma-1.1-7b-it_bs16_top5_s42,nhjqiwmk
BBH-II,RUIN_NAMES,google/gemma-1.1-7b-it,AlgPrompt,False,,,,,,,1.0,,,,,30.0,,4.0,4.0,,28.46890091896057,,,20.0,,,,,6.62,,BBH,ruin_names_algprompt,ndx3izfd
BBH-II,SECOND_WORD_LETTER,google/gemma-1.1-2b-it,AlgPrompt,False,,,,,,,1.0,,,,,30.0,,16.0,4.0,,25.0,,,20.0,,,,,9.95,,II,second_word_letter,7wmfzwms
BBH-II,SECOND_WORD_LETTER,google/gemma-1.1-7b-it,AlgPrompt,False,,,,,,,1.0,,,,,30.0,,16.0,4.0,,16.0,,,20.0,,,,,16.1,,II_re_correct,second_word_letter,y5mx7vud
BBH-II,SECOND_WORD_LETTER,google/gemma-1.1-7b-it,AlgPrompt,False,,,,,,,1.0,,,,,30.0,,16.0,4.0,,25.0,,,20.0,,,,,15.67,,II_re,second_word_letter,wbny7d7l
BBH-II,SECOND_WORD_LETTER,google/gemma-1.1-7b-it,StablePrompt-PPO,True,,,,,,,1.0,,,,,30.0,32.0,16.0,4.0,59.0,14.000000000000002,3840.0,,100.0,,,,,7.27,3.0,GFB_II,gemma-1.1-7b-it_TO_gemma-1.1-7b-it_bs16_top5_s3,dtygrvur
BBH-II,SECOND_WORD_LETTER,google/gemma-1.1-7b-it,StablePrompt-PPO,True,,,,,,,1.0,,,,,30.0,32.0,16.0,4.0,59.0,18.75,3840.0,,100.0,,,,,6.55,3.0,GFB_II,gemma-1.1-7b-it_TO_gemma-1.1-7b-it_bs16_top5_s3_re,8m2ad850
BBH-II,SECOND_WORD_LETTER,google/gemma-1.1-7b-it,StablePrompt-PPO,True,,,em,,,,1.0,,,,,30.0,32.0,16.0,4.0,59.0,14.000000000000002,3840.0,,100.0,,,,,7.17,6.0,GFB_II,gemma-1.1-7b-it_TO_gemma-1.1-7b-it_bs16_top5_s6,i0nrgxvf
BBH-II,SECOND_WORD_LETTER,google/gemma-1.1-7b-it,StablePrompt-PPO,True,,,em,,,,1.0,,,,,100.0,32.0,16.0,4.0,199.0,14.000000000000002,12800.0,,100.0,,,,,37.23,6.0,GFB_II,gemma-1.1-7b-it_TO_gemma-1.1-7b-it_bs16_top5_s6,8320cdfd
BBH-II,SECOND_WORD_LETTER,google/gemma-1.1-7b-it,StablePrompt-PPO,True,,,em,,,,1.0,,,,,200.0,32.0,16.0,4.0,399.0,14.000000000000002,25600.0,,100.0,,,,,72.9,6.0,GFB_II,gemma-1.1-7b-it_TO_gemma-1.1-7b-it_bs16_top5_s6,8p58c7ce
BBH-II,SECOND_WORD_LETTER,google/gemma-1.1-7b-it,StablePrompt-PPO,True,,,,,,,1.0,,,,,30.0,,16.0,4.0,59.0,14.000000000000002,3840.0,,,,,,,7.2,42.0,GFB_II,gemma-1.1-7b-it_TO_gemma-1.1-7b-it_bs16_top5_s42,hcisz5t7
BBH-II,SENTENCE_SIMILARITY,google/gemma-1.1-2b-it,AlgPrompt,False,,,,,,,1.0,,,,,30.0,,16.0,4.0,,31.25,,,20.0,,,,,9.92,,II,sentence_similarity,ysqg6nkc
BBH-II,SENTENCE_SIMILARITY,google/gemma-1.1-7b-it,AlgPrompt,False,,,,,,,1.0,,,,,30.0,,16.0,4.0,,30.0,,,20.0,,,,,20.03,,II_re_correct,sentence_similarity,7n7ue95l
BBH-II,SENTENCE_SIMILARITY,google/gemma-1.1-7b-it,AlgPrompt,False,,,,,,,1.0,,,,,30.0,,16.0,4.0,,37.5,,,20.0,,,,,18.7,,II_re,sentence_similarity,eegvzaoa
BBH-II,SENTENCE_SIMILARITY,google/gemma-1.1-7b-it,StablePrompt-PPO,True,,,,,,,1.0,,,,,30.0,32.0,16.0,4.0,59.0,32.0,3840.0,,100.0,,,,,7.55,3.0,GFB_II,gemma-1.1-7b-it_TO_gemma-1.1-7b-it_bs16_top5_s3,ev1lk5wu
BBH-II,SENTENCE_SIMILARITY,google/gemma-1.1-7b-it,StablePrompt-PPO,True,,,,,,,1.0,,,,,30.0,32.0,16.0,4.0,59.0,31.25,3840.0,,100.0,,,,,7.18,3.0,GFB_II,gemma-1.1-7b-it_TO_gemma-1.1-7b-it_bs16_top5_s3_re,xkxylho2
BBH-II,SENTENCE_SIMILARITY,google/gemma-1.1-7b-it,StablePrompt-PPO,True,,,em,,,,1.0,,,,,30.0,32.0,16.0,4.0,59.0,23.0,3840.0,,100.0,,,,,7.38,6.0,GFB_II,gemma-1.1-7b-it_TO_gemma-1.1-7b-it_bs16_top5_s6,ljo176e1
BBH-II,SENTENCE_SIMILARITY,google/gemma-1.1-7b-it,StablePrompt-PPO,True,,,em,,,,1.0,,,,,100.0,32.0,16.0,4.0,199.0,27.0,12800.0,,100.0,,,,,40.45,6.0,GFB_II,gemma-1.1-7b-it_TO_gemma-1.1-7b-it_bs16_top5_s6,fwzn1gjy
BBH-II,SENTENCE_SIMILARITY,google/gemma-1.1-7b-it,StablePrompt-PPO,True,,,em,,,,1.0,,,,,200.0,32.0,16.0,4.0,399.0,24.0,25600.0,,100.0,,,,,79.62,6.0,GFB_II,gemma-1.1-7b-it_TO_gemma-1.1-7b-it_bs16_top5_s6,u456fi0y
BBH-II,SENTENCE_SIMILARITY,google/gemma-1.1-7b-it,StablePrompt-PPO,True,,,,,,,1.0,,,,,30.0,,16.0,4.0,59.0,27.0,3840.0,,,,,,,7.57,42.0,GFB_II,gemma-1.1-7b-it_TO_gemma-1.1-7b-it_bs16_top5_s42,s8sxnk2g
BBH-II,SENTIMENT,google/gemma-1.1-2b-it,AlgPrompt,False,,,,,,,1.0,,,,,30.0,,16.0,4.0,,75.0,,,20.0,,,,,9.53,,II,sentiment,7z2c4iwl
BBH-II,SENTIMENT,google/gemma-1.1-7b-it,AlgPrompt,False,,,,,,,1.0,,,,,30.0,,16.0,4.0,,84.0,,,20.0,,,,,19.75,,II_re_correct,sentiment,vaxroels
BBH-II,SENTIMENT,google/gemma-1.1-7b-it,AlgPrompt,False,,,,,,,1.0,,,,,30.0,,16.0,4.0,,100.0,,,20.0,,,,,17.9,,II_re,sentiment,cznie71d
BBH-II,SENTIMENT,google/gemma-1.1-7b-it,StablePrompt-PPO,True,,,,,,,1.0,,,,,30.0,32.0,16.0,4.0,59.0,88.0,3840.0,,100.0,,,,,7.33,3.0,GFB_II,gemma-1.1-7b-it_TO_gemma-1.1-7b-it_bs16_top5_s3,w34ayhza
BBH-II,SENTIMENT,google/gemma-1.1-7b-it,StablePrompt-PPO,True,,,,,,,1.0,,,,,30.0,32.0,16.0,4.0,59.0,100.0,3840.0,,100.0,,,,,6.72,3.0,GFB_II,gemma-1.1-7b-it_TO_gemma-1.1-7b-it_bs16_top5_s3_re,h5osl9wl
BBH-II,SENTIMENT,google/gemma-1.1-7b-it,StablePrompt-PPO,True,,,em,,,,1.0,,,,,30.0,32.0,16.0,4.0,59.0,86.0,3840.0,,100.0,,,,,7.58,6.0,GFB_II,gemma-1.1-7b-it_TO_gemma-1.1-7b-it_bs16_top5_s6,7fvfzens
BBH-II,SENTIMENT,google/gemma-1.1-7b-it,StablePrompt-PPO,True,,,em,,,,1.0,,,,,100.0,32.0,16.0,4.0,199.0,87.0,12800.0,,100.0,,,,,38.93,6.0,GFB_II,gemma-1.1-7b-it_TO_gemma-1.1-7b-it_bs16_top5_s6,abtx5xrq
BBH-II,SENTIMENT,google/gemma-1.1-7b-it,StablePrompt-PPO,True,,,em,,,,1.0,,,,,200.0,32.0,16.0,4.0,399.0,87.0,25600.0,,100.0,,,,,77.02,6.0,GFB_II,gemma-1.1-7b-it_TO_gemma-1.1-7b-it_bs16_top5_s6,4pe5m4de
BBH-II,SENTIMENT,google/gemma-1.1-7b-it,StablePrompt-PPO,True,,,,,,,1.0,,,,,30.0,,16.0,4.0,59.0,88.0,3840.0,,,,,,,7.33,42.0,GFB_II,gemma-1.1-7b-it_TO_gemma-1.1-7b-it_bs16_top5_s42,r130swr5
BBH-II,SINGULAR_TO_PLURAL,google/gemma-1.1-2b-it,AlgPrompt,False,,,,,,,1.0,,,,,30.0,,16.0,4.0,,37.5,,,20.0,,,,,9.85,,II,singular_to_plural,eo927obe
BBH-II,SINGULAR_TO_PLURAL,google/gemma-1.1-7b-it,AlgPrompt,False,,,,,,,1.0,,,,,30.0,,16.0,4.0,,96.0,,,20.0,,,,,15.28,,II_re_correct,singular_to_plural,jm1ga5ah
BBH-II,SINGULAR_TO_PLURAL,google/gemma-1.1-7b-it,AlgPrompt,False,,,,,,,1.0,,,,,30.0,,16.0,4.0,,100.0,,,20.0,,,,,14.57,,II_re,singular_to_plural,fu41lhoo
BBH-II,SINGULAR_TO_PLURAL,google/gemma-1.1-7b-it,StablePrompt-PPO,True,,,,,,,1.0,,,,,30.0,32.0,16.0,4.0,59.0,89.0,3840.0,,100.0,,,,,7.08,3.0,GFB_II,gemma-1.1-7b-it_TO_gemma-1.1-7b-it_bs16_top5_s3,4v72cxj9
BBH-II,SINGULAR_TO_PLURAL,google/gemma-1.1-7b-it,StablePrompt-PPO,True,,,,,,,1.0,,,,,30.0,32.0,16.0,4.0,59.0,93.75,3840.0,,100.0,,,,,6.42,3.0,GFB_II,gemma-1.1-7b-it_TO_gemma-1.1-7b-it_bs16_top5_s3_re,ixe0a886
BBH-II,SINGULAR_TO_PLURAL,google/gemma-1.1-7b-it,StablePrompt-PPO,True,,,em,,,,1.0,,,,,30.0,32.0,16.0,4.0,59.0,95.0,3840.0,,100.0,,,,,6.88,6.0,GFB_II,gemma-1.1-7b-it_TO_gemma-1.1-7b-it_bs16_top5_s6,4g1zp7gx
BBH-II,SINGULAR_TO_PLURAL,google/gemma-1.1-7b-it,StablePrompt-PPO,True,,,em,,,,1.0,,,,,100.0,32.0,16.0,4.0,199.0,94.0,12800.0,,100.0,,,,,36.77,6.0,GFB_II,gemma-1.1-7b-it_TO_gemma-1.1-7b-it_bs16_top5_s6,pwpoa9kg
BBH-II,SINGULAR_TO_PLURAL,google/gemma-1.1-7b-it,StablePrompt-PPO,True,,,em,,,,1.0,,,,,200.0,32.0,16.0,4.0,399.0,93.0,25600.0,,100.0,,,,,71.9,6.0,GFB_II,gemma-1.1-7b-it_TO_gemma-1.1-7b-it_bs16_top5_s6,8r2z8ben
BBH-II,SINGULAR_TO_PLURAL,google/gemma-1.1-7b-it,StablePrompt-PPO,True,,,,,,,1.0,,,,,30.0,,16.0,4.0,59.0,97.0,3840.0,,,,,,,7.07,42.0,GFB_II,gemma-1.1-7b-it_TO_gemma-1.1-7b-it_bs16_top5_s42,wgegb00l
BBH-II,SNARKS,google/gemma-1.1-7b-it,AlgPrompt,False,,,,,,,1.0,,,,,30.0,,4.0,4.0,,51.65562629699707,,,20.0,,,,,6.37,,BBH,snarks_algprompt,bnu00qe0
BBH-II,SPORTS_UNDERSTANDING,google/gemma-1.1-7b-it,AlgPrompt,False,,,,,,,1.0,,,,,30.0,,4.0,4.0,,51.75257921218872,,,20.0,,,,,7.8,,BBH,sports_understanding_algprompt,2jgds0lx
BBH-II,SUM,google/gemma-1.1-2b-it,AlgPrompt,False,,,,,,,1.0,,,,,30.0,,16.0,4.0,,68.75,,,20.0,,,,,9.63,,II,sum,z0eggvvi
BBH-II,SUM,google/gemma-1.1-7b-it,AlgPrompt,False,,,,,,,1.0,,,,,30.0,,16.0,4.0,,2.0,,,20.0,,,,,17.07,,II_re_correct,sum,ut61m2un
BBH-II,SUM,google/gemma-1.1-7b-it,AlgPrompt,False,,,,,,,1.0,,,,,30.0,,16.0,4.0,,100.0,,,20.0,,,,,15.98,,II_re,sum,pvb9td7f
BBH-II,SUM,google/gemma-1.1-7b-it,StablePrompt-PPO,True,,,,,,,1.0,,,,,30.0,32.0,16.0,4.0,59.0,2.0,3840.0,,100.0,,,,,7.1,3.0,GFB_II,gemma-1.1-7b-it_TO_gemma-1.1-7b-it_bs16_top5_s3,trp1goyb
BBH-II,SUM,google/gemma-1.1-7b-it,StablePrompt-PPO,True,,,,,,,1.0,,,,,30.0,32.0,16.0,4.0,59.0,100.0,3840.0,,100.0,,,,,6.53,3.0,GFB_II,gemma-1.1-7b-it_TO_gemma-1.1-7b-it_bs16_top5_s3_re,asqz76id
BBH-II,SUM,google/gemma-1.1-7b-it,StablePrompt-PPO,True,,,em,,,,1.0,,,,,30.0,32.0,16.0,4.0,59.0,3.0,3840.0,,100.0,,,,,7.08,6.0,GFB_II,gemma-1.1-7b-it_TO_gemma-1.1-7b-it_bs16_top5_s6,kv6niv96
BBH-II,SUM,google/gemma-1.1-7b-it,StablePrompt-PPO,True,,,em,,,,1.0,,,,,100.0,32.0,16.0,4.0,199.0,2.0,12800.0,,100.0,,,,,37.57,6.0,GFB_II,gemma-1.1-7b-it_TO_gemma-1.1-7b-it_bs16_top5_s6,fj8di6v2
BBH-II,SUM,google/gemma-1.1-7b-it,StablePrompt-PPO,True,,,em,,,,1.0,,,,,200.0,32.0,16.0,4.0,399.0,2.0,25600.0,,100.0,,,,,74.02,6.0,GFB_II,gemma-1.1-7b-it_TO_gemma-1.1-7b-it_bs16_top5_s6,vlxloxje
BBH-II,SUM,google/gemma-1.1-7b-it,StablePrompt-PPO,True,,,,,,,1.0,,,,,30.0,,16.0,4.0,59.0,2.0,3840.0,,,,,,,7.17,42.0,GFB_II,gemma-1.1-7b-it_TO_gemma-1.1-7b-it_bs16_top5_s42,qzfcwrai
BBH-II,SYNONYMS,google/gemma-1.1-7b-it,AlgPrompt,False,,,,,,,1.0,,,,,30.0,,16.0,4.0,,16.0,,,20.0,,,,,18.43,,II_re_correct,synonyms,ws9y0dfs
BBH-II,SYNONYMS,google/gemma-1.1-7b-it,AlgPrompt,False,,,,,,,1.0,,,,,30.0,,16.0,4.0,,18.75,,,20.0,,,,,16.8,,II_re,synonyms,mgea92d3
BBH-II,SYNONYMS,google/gemma-1.1-7b-it,StablePrompt-PPO,True,,,,,,,1.0,,,,,30.0,32.0,16.0,4.0,59.0,11.0,3840.0,,100.0,,,,,7.27,3.0,GFB_II,gemma-1.1-7b-it_TO_gemma-1.1-7b-it_bs16_top5_s3,e5atjxvy
BBH-II,SYNONYMS,google/gemma-1.1-7b-it,StablePrompt-PPO,True,,,,,,,1.0,,,,,30.0,32.0,16.0,4.0,59.0,25.0,3840.0,,100.0,,,,,6.58,3.0,GFB_II,gemma-1.1-7b-it_TO_gemma-1.1-7b-it_bs16_top5_s3_re,fepne7t8
BBH-II,SYNONYMS,google/gemma-1.1-7b-it,StablePrompt-PPO,True,,,contains,,,,1.0,,,,,30.0,32.0,16.0,4.0,59.0,12.0,3840.0,,100.0,,,,,8.52,6.0,GFB_II,gemma-1.1-7b-it_TO_gemma-1.1-7b-it_bs16_top5_s6,wo56tdgm
BBH-II,SYNONYMS,google/gemma-1.1-7b-it,StablePrompt-PPO,True,,,contains,,,,1.0,,,,,100.0,32.0,16.0,4.0,199.0,14.000000000000002,12800.0,,100.0,,,,,37.92,6.0,GFB_II,gemma-1.1-7b-it_TO_gemma-1.1-7b-it_bs16_top5_s6,dwpv12iw
BBH-II,SYNONYMS,google/gemma-1.1-7b-it,StablePrompt-PPO,True,,,contains,,,,1.0,,,,,200.0,32.0,16.0,4.0,399.0,12.0,25600.0,,100.0,,,,,74.57,6.0,GFB_II,gemma-1.1-7b-it_TO_gemma-1.1-7b-it_bs16_top5_s6,s7q3zil0
BBH-II,SYNONYMS,google/gemma-1.1-7b-it,StablePrompt-PPO,True,,,,,,,1.0,,,,,30.0,,16.0,4.0,59.0,9.0,3840.0,,,,,,,7.18,42.0,GFB_II,gemma-1.1-7b-it_TO_gemma-1.1-7b-it_bs16_top5_s42,y2iff2ze
BBH-II,TAXONOMY_ANIMAL,google/gemma-1.1-2b-it,AlgPrompt,False,,,,,,,1.0,,,,,30.0,,16.0,4.0,,25.0,,,20.0,,,,,9.27,,II,taxonomy_animal,xxtb009u
BBH-II,TAXONOMY_ANIMAL,google/gemma-1.1-7b-it,AlgPrompt,False,,,,,,,1.0,,,,,30.0,,16.0,4.0,,79.0,,,20.0,,,,,18.37,,II_re_correct,taxonomy_animal,3uhcjdpa
BBH-II,TAXONOMY_ANIMAL,google/gemma-1.1-7b-it,AlgPrompt,False,,,,,,,1.0,,,,,30.0,,16.0,4.0,,75.0,,,20.0,,,,,17.22,,II_re,taxonomy_animal,htfbgr8g
BBH-II,TAXONOMY_ANIMAL,google/gemma-1.1-7b-it,StablePrompt-PPO,True,,,,,,,1.0,,,,,30.0,32.0,16.0,4.0,59.0,39.0,3840.0,,100.0,,,,,7.18,3.0,GFB_II,gemma-1.1-7b-it_TO_gemma-1.1-7b-it_bs16_top5_s3,etzwt1qh
BBH-II,TAXONOMY_ANIMAL,google/gemma-1.1-7b-it,StablePrompt-PPO,True,,,,,,,1.0,,,,,30.0,32.0,16.0,4.0,59.0,50.0,3840.0,,100.0,,,,,6.72,3.0,GFB_II,gemma-1.1-7b-it_TO_gemma-1.1-7b-it_bs16_top5_s3_re,x5ltxxkj
BBH-II,TAXONOMY_ANIMAL,google/gemma-1.1-7b-it,StablePrompt-PPO,True,,,es,,,,1.0,,,,,30.0,32.0,16.0,4.0,59.0,55.00000000000001,3840.0,,100.0,,,,,7.35,6.0,GFB_II,gemma-1.1-7b-it_TO_gemma-1.1-7b-it_bs16_top5_s6,4tn3ldme
BBH-II,TAXONOMY_ANIMAL,google/gemma-1.1-7b-it,StablePrompt-PPO,True,,,es,,,,1.0,,,,,100.0,32.0,16.0,4.0,199.0,79.0,12800.0,,100.0,,,,,38.57,6.0,GFB_II,gemma-1.1-7b-it_TO_gemma-1.1-7b-it_bs16_top5_s6,hbyqjltd
BBH-II,TAXONOMY_ANIMAL,google/gemma-1.1-7b-it,StablePrompt-PPO,True,,,es,,,,1.0,,,,,200.0,32.0,16.0,4.0,399.0,79.0,25600.0,,100.0,,,,,75.52,6.0,GFB_II,gemma-1.1-7b-it_TO_gemma-1.1-7b-it_bs16_top5_s6,7xjf8nxq
BBH-II,TAXONOMY_ANIMAL,google/gemma-1.1-7b-it,StablePrompt-PPO,True,,,,,,,1.0,,,,,30.0,,16.0,4.0,59.0,45.0,3840.0,,,,,,,7.12,42.0,GFB_II,gemma-1.1-7b-it_TO_gemma-1.1-7b-it_bs16_top5_s42,58xxm6ju
BBH-II,TENSE,google/gemma-1.1-7b-it,AlgPrompt,False,,,,,,,1.0,,,,,30.0,,16.0,4.0,,100.0,,,20.0,,,,,18.27,,bbh_tg_algprompt,tense_,u1kfax6h
BBH-II,TRANSLATION_EN-DE,google/gemma-1.1-2b-it,AlgPrompt,False,,,,,,,1.0,,,,,30.0,,16.0,4.0,,12.5,,,20.0,,,,,9.82,,II,translation_en-de,yxb6fhie
BBH-II,TRANSLATION_EN-DE,google/gemma-1.1-7b-it,AlgPrompt,False,,,,,,,1.0,,,,,30.0,,16.0,4.0,,29.0,,,20.0,,,,,14.75,,II_re_correct,translation_en-de,prdatvv9
BBH-II,TRANSLATION_EN-DE,google/gemma-1.1-7b-it,AlgPrompt,False,,,,,,,1.0,,,,,30.0,,16.0,4.0,,31.25,,,20.0,,,,,15.15,,II_re,translation_en-de,xlc0w714
BBH-II,TRANSLATION_EN-DE,google/gemma-1.1-7b-it,StablePrompt-PPO,True,,,,,,,1.0,,,,,30.0,32.0,16.0,4.0,59.0,18.0,3840.0,,100.0,,,,,7.02,3.0,GFB_II,gemma-1.1-7b-it_TO_gemma-1.1-7b-it_bs16_top5_s3,791xou4c
BBH-II,TRANSLATION_EN-DE,google/gemma-1.1-7b-it,StablePrompt-PPO,True,,,,,,,1.0,,,,,30.0,32.0,16.0,4.0,59.0,25.0,3840.0,,100.0,,,,,6.32,3.0,GFB_II,gemma-1.1-7b-it_TO_gemma-1.1-7b-it_bs16_top5_s3_re,b8n9xp82
BBH-II,TRANSLATION_EN-DE,google/gemma-1.1-7b-it,StablePrompt-PPO,True,,,em,,,,1.0,,,,,30.0,32.0,16.0,4.0,59.0,20.0,3840.0,,100.0,,,,,6.98,6.0,GFB_II,gemma-1.1-7b-it_TO_gemma-1.1-7b-it_bs16_top5_s6,fkjd03ik
BBH-II,TRANSLATION_EN-DE,google/gemma-1.1-7b-it,StablePrompt-PPO,True,,,em,,,,1.0,,,,,100.0,32.0,16.0,4.0,199.0,26.0,12800.0,,100.0,,,,,36.25,6.0,GFB_II,gemma-1.1-7b-it_TO_gemma-1.1-7b-it_bs16_top5_s6,uzya0ah3
BBH-II,TRANSLATION_EN-DE,google/gemma-1.1-7b-it,StablePrompt-PPO,True,,,em,,,,1.0,,,,,200.0,32.0,16.0,4.0,399.0,25.0,25600.0,,100.0,,,,,70.93,6.0,GFB_II,gemma-1.1-7b-it_TO_gemma-1.1-7b-it_bs16_top5_s6,py7xe8cw
BBH-II,TRANSLATION_EN-DE,google/gemma-1.1-7b-it,StablePrompt-PPO,True,,,,,,,1.0,,,,,30.0,,16.0,4.0,59.0,27.0,3840.0,,,,,,,6.9,42.0,GFB_II,gemma-1.1-7b-it_TO_gemma-1.1-7b-it_bs16_top5_s42,ce6ci83c
BBH-II,TRANSLATION_EN-ES,google/gemma-1.1-2b-it,AlgPrompt,False,,,,,,,1.0,,,,,30.0,,16.0,4.0,,31.25,,,20.0,,,,,9.53,,II,translation_en-es,857zgbck
BBH-II,TRANSLATION_EN-ES,google/gemma-1.1-7b-it,AlgPrompt,False,,,,,,,1.0,,,,,30.0,,16.0,4.0,,44.0,,,20.0,,,,,15.57,,II_re_correct,translation_en-es,jbefmoj5
BBH-II,TRANSLATION_EN-ES,google/gemma-1.1-7b-it,AlgPrompt,False,,,,,,,1.0,,,,,30.0,,16.0,4.0,,43.75,,,20.0,,,,,13.68,,II_re,translation_en-es,9j3p03or
BBH-II,TRANSLATION_EN-ES,google/gemma-1.1-7b-it,StablePrompt-PPO,True,,,,,,,1.0,,,,,30.0,32.0,16.0,4.0,59.0,31.0,3840.0,,100.0,,,,,7.0,3.0,GFB_II,gemma-1.1-7b-it_TO_gemma-1.1-7b-it_bs16_top5_s3,5nzmf901
BBH-II,TRANSLATION_EN-ES,google/gemma-1.1-7b-it,StablePrompt-PPO,True,,,,,,,1.0,,,,,30.0,32.0,16.0,4.0,59.0,31.25,3840.0,,100.0,,,,,6.17,3.0,GFB_II,gemma-1.1-7b-it_TO_gemma-1.1-7b-it_bs16_top5_s3_re,ovg0a6id
BBH-II,TRANSLATION_EN-ES,google/gemma-1.1-7b-it,StablePrompt-PPO,True,,,em,,,,1.0,,,,,30.0,32.0,16.0,4.0,59.0,23.0,3840.0,,100.0,,,,,6.87,6.0,GFB_II,gemma-1.1-7b-it_TO_gemma-1.1-7b-it_bs16_top5_s6,p634eblj
BBH-II,TRANSLATION_EN-ES,google/gemma-1.1-7b-it,StablePrompt-PPO,True,,,em,,,,1.0,,,,,100.0,32.0,16.0,4.0,199.0,29.0,12800.0,,100.0,,,,,35.07,6.0,GFB_II,gemma-1.1-7b-it_TO_gemma-1.1-7b-it_bs16_top5_s6,ksbaavzu
BBH-II,TRANSLATION_EN-ES,google/gemma-1.1-7b-it,StablePrompt-PPO,True,,,em,,,,1.0,,,,,200.0,32.0,16.0,4.0,399.0,36.0,25600.0,,100.0,,,,,68.97,6.0,GFB_II,gemma-1.1-7b-it_TO_gemma-1.1-7b-it_bs16_top5_s6,k63x8lus
BBH-II,TRANSLATION_EN-ES,google/gemma-1.1-7b-it,StablePrompt-PPO,True,,,,,,,1.0,,,,,30.0,,16.0,4.0,59.0,34.0,3840.0,,,,,,,6.85,42.0,GFB_II,gemma-1.1-7b-it_TO_gemma-1.1-7b-it_bs16_top5_s42,8j6q5bag
BBH-II,TRANSLATION_EN-FR,google/gemma-1.1-2b-it,AlgPrompt,False,,,,,,,1.0,,,,,30.0,,16.0,4.0,,31.25,,,20.0,,,,,9.68,,II,translation_en-fr,bu2ecydg
BBH-II,TRANSLATION_EN-FR,google/gemma-1.1-7b-it,AlgPrompt,False,,,,,,,1.0,,,,,30.0,,16.0,4.0,,28.000000000000004,,,20.0,,,,,15.3,,II_re_correct,translation_en-fr,ualtqyz7
BBH-II,TRANSLATION_EN-FR,google/gemma-1.1-7b-it,AlgPrompt,False,,,,,,,1.0,,,,,30.0,,16.0,4.0,,50.0,,,20.0,,,,,14.43,,II_re,translation_en-fr,bcctizpc
BBH-II,TRANSLATION_EN-FR,google/gemma-1.1-7b-it,StablePrompt-PPO,True,,,,,,,1.0,,,,,30.0,32.0,16.0,4.0,59.0,26.0,3840.0,,100.0,,,,,6.97,3.0,GFB_II,gemma-1.1-7b-it_TO_gemma-1.1-7b-it_bs16_top5_s3,npajnuwq
BBH-II,TRANSLATION_EN-FR,google/gemma-1.1-7b-it,StablePrompt-PPO,True,,,,,,,1.0,,,,,30.0,32.0,16.0,4.0,59.0,31.25,3840.0,,100.0,,,,,6.12,3.0,GFB_II,gemma-1.1-7b-it_TO_gemma-1.1-7b-it_bs16_top5_s3_re,y7gpc91k
BBH-II,TRANSLATION_EN-FR,google/gemma-1.1-7b-it,StablePrompt-PPO,True,,,em,,,,1.0,,,,,30.0,32.0,16.0,4.0,59.0,32.0,3840.0,,100.0,,,,,6.82,6.0,GFB_II,gemma-1.1-7b-it_TO_gemma-1.1-7b-it_bs16_top5_s6,0zjbfjbk
BBH-II,TRANSLATION_EN-FR,google/gemma-1.1-7b-it,StablePrompt-PPO,True,,,em,,,,1.0,,,,,100.0,32.0,16.0,4.0,199.0,23.0,12800.0,,100.0,,,,,35.63,6.0,GFB_II,gemma-1.1-7b-it_TO_gemma-1.1-7b-it_bs16_top5_s6,ad3ds1dx
BBH-II,TRANSLATION_EN-FR,google/gemma-1.1-7b-it,StablePrompt-PPO,True,,,em,,,,1.0,,,,,200.0,32.0,16.0,4.0,399.0,26.0,25600.0,,100.0,,,,,69.62,6.0,GFB_II,gemma-1.1-7b-it_TO_gemma-1.1-7b-it_bs16_top5_s6,tbs7rnrs
BBH-II,TRANSLATION_EN-FR,google/gemma-1.1-7b-it,StablePrompt-PPO,True,,,,,,,1.0,,,,,30.0,,16.0,4.0,59.0,25.0,3840.0,,,,,,,6.72,42.0,GFB_II,gemma-1.1-7b-it_TO_gemma-1.1-7b-it_bs16_top5_s42,knv128de
BBH-II,WINOWHY,google/gemma-1.1-7b-it,AlgPrompt,False,,,,,,,1.0,,,,,30.0,,4.0,4.0,,53.2275140285492,,,20.0,,,,,11.95,,BBH,winowhy_algprompt,1h2jvi7q
BBH-II,WORD_IN_CONTEXT,google/gemma-1.1-2b-it,AlgPrompt,False,,,,,,,1.0,,,,,30.0,,16.0,4.0,,43.75,,,20.0,,,,,10.57,,II,word_in_context,l0zv2fp4
BBH-II,WORD_IN_CONTEXT,google/gemma-1.1-7b-it,AlgPrompt,False,,,,,,,1.0,,,,,30.0,,16.0,4.0,,52.0,,,20.0,,,,,20.87,,II_re_correct,word_in_context,bkzqyofa
BBH-II,WORD_IN_CONTEXT,google/gemma-1.1-7b-it,AlgPrompt,False,,,,,,,1.0,,,,,30.0,,16.0,4.0,,50.0,,,20.0,,,,,19.05,,II_re,word_in_context,vhopmdwy
BBH-II,WORD_IN_CONTEXT,google/gemma-1.1-7b-it,StablePrompt-PPO,True,,,,,,,1.0,,,,,30.0,32.0,16.0,4.0,59.0,54.0,3840.0,,100.0,,,,,7.35,3.0,GFB_II,gemma-1.1-7b-it_TO_gemma-1.1-7b-it_bs16_top5_s3,vgkzoub3
BBH-II,WORD_IN_CONTEXT,google/gemma-1.1-7b-it,StablePrompt-PPO,True,,,,,,,1.0,,,,,30.0,32.0,16.0,4.0,59.0,62.5,3840.0,,100.0,,,,,6.87,3.0,GFB_II,gemma-1.1-7b-it_TO_gemma-1.1-7b-it_bs16_top5_s3_re,gw67czaz
BBH-II,WORD_IN_CONTEXT,google/gemma-1.1-7b-it,StablePrompt-PPO,True,,,em,,,,1.0,,,,,30.0,32.0,16.0,4.0,59.0,49.0,3840.0,,100.0,,,,,7.4,6.0,GFB_II,gemma-1.1-7b-it_TO_gemma-1.1-7b-it_bs16_top5_s6,8pwb3fml
BBH-II,WORD_IN_CONTEXT,google/gemma-1.1-7b-it,StablePrompt-PPO,True,,,em,,,,1.0,,,,,100.0,32.0,16.0,4.0,199.0,50.0,12800.0,,100.0,,,,,40.6,6.0,GFB_II,gemma-1.1-7b-it_TO_gemma-1.1-7b-it_bs16_top5_s6,cr9h5kos
BBH-II,WORD_IN_CONTEXT,google/gemma-1.1-7b-it,StablePrompt-PPO,True,,,em,,,,1.0,,,,,200.0,32.0,16.0,4.0,399.0,50.0,25600.0,,100.0,,,,,79.57,6.0,GFB_II,gemma-1.1-7b-it_TO_gemma-1.1-7b-it_bs16_top5_s6,7b8pcgmp
BBH-II,WORD_IN_CONTEXT,google/gemma-1.1-7b-it,StablePrompt-PPO,True,,,,,,,1.0,,,,,30.0,,16.0,4.0,59.0,63.0,3840.0,,,,,,,7.45,42.0,GFB_II,gemma-1.1-7b-it_TO_gemma-1.1-7b-it_bs16_top5_s42,jvx2eop8
BBH-II,WORD_SORTING,google/gemma-1.1-7b-it,AlgPrompt,False,,,,,,,1.0,,,,,30.0,,16.0,4.0,,96.42857142857144,,,20.0,,,,,16.2,,bbh_tg_algprompt,word_sorting_,vdf2llvt
GLUE,HOVER,GPT-4.1-mini,Baseline,False,,,,Baseline,,,1.0,,,,,,,,,,43.67,,,300.0,824938.0,236463.0,0.7083159999999998,0.7083159999999998,32.17,0.0,GEPA,hoverBench_HoverMultiHop_Baseline_gpt-41-mini-openrouter_seed_0_final_eval,jrfatq5k
GLUE,HOVER,GPT-4.1-mini,Baseline,False,,,gepa_artifact.benchmarks.hover.hover_utils.discrete_retrieval_eval,,,,1.0,,300.0,,,,,,,,36.33,,,300.0,,,,,17.23,,hover-baseline-test,original_dspy_baseline_gpt41mini,t5xzxori
GLUE,HOVER,GPT-4.1-mini,Baseline,False,,,gepa_artifact.benchmarks.hover.hover_utils.discrete_retrieval_eval,,,,1.0,,300.0,,,,,,,,40.33,,,300.0,,,,,5.75,,hover-baseline-test,original_dspy_baseline_gpt41mini,8w1agenb
GLUE,HOVER,GPT-4.1-mini,FSPO,False,,,gepa_artifact.benchmarks.hover.hover_utils.discrete_retrieval_eval,,four_stage_multi_hop_retrieval,3.0,1.0,1.0,30.0,20.0,20.0,,,,,,45.67,600.0,,300.0,,,,,31.48,,hover-dynamic-fewshot,dynamic_fewshot_gpt41mini_20iter_3shot,wqp8lojs
GLUE,HOVER,GPT-4.1-mini,GEPA,False,,,,GEPA,,,1.0,,,,,,,,,,50.33,,,300.0,22432141.0,4737669.0,25.868068000000243,25.868068000000243,15.35,0.0,GEPA,hoverBench_HoverMultiHop_GEPA_gpt-41-mini-openrouter_seed_0_final_eval,grkqqy50
GLUE,HOVER,GPT-4.1-mini,GEPA,False,,,,GEPA,,,1.0,,,,,,,,,,49.0,,,300.0,24457774.0,5629351.0,24.87235720000004,24.87235720000004,45.78,0.0,GEPA,hoverBench_HoverMultiHop_GEPA_gpt-41-mini-openrouter_seed_0_final_eval,fseu747k
GLUE,HOVER,GPT-4.1-mini,GEPA-MERGE,False,,,,GEPA-MERGE,,,1.0,,,,,,,,,,49.67,,,300.0,21181794.0,4789980.0,24.88143839999999,24.88143839999999,14.85,0.0,GEPA,hoverBench_HoverMultiHop_GEPA-MERGE_gpt-41-mini-openrouter_seed_0_final_eval,lgwdl9nf
GLUE,HOVER,GPT-4.1-mini,GEPA-MERGE,False,,,,GEPA-MERGE,,,1.0,,,,,,,,,,50.0,,,300.0,20965559.0,4116541.0,23.6879424000001,23.6879424000001,46.05,0.0,GEPA,hoverBench_HoverMultiHop_GEPA-MERGE_gpt-41-mini-openrouter_seed_0_final_eval,cbww2z0d
GLUE,HOVER,GPT-4.1-mini,MIPROv2-Heavy,False,,,,MIPROv2-Heavy,,,1.0,,,,,,,,,,47.33,,,300.0,21979584.0,2975930.0,25.55533639999978,25.55533639999978,61.05,0.0,GEPA,hoverBench_HoverMultiHop_MIPROv2-Heavy_gpt-41-mini-openrouter_seed_0_final_eval,rdp3iq4v
GLUE,HOVER,Qwen3-8B,Baseline,False,,,gepa_artifact.benchmarks.hover.hover_utils.discrete_retrieval_eval,,,,1.0,,300.0,,,,,,,,32.67,,,300.0,,,,,13.03,,hover-baseline-test,original_dspy_baseline_qwen3-8b,i6jpie0k
GLUE,HOVER,Qwen3-8B,Baseline,False,,,gepa_artifact.benchmarks.hover.hover_utils.discrete_retrieval_eval,,,,1.0,,300.0,,,,,,,,33.67,,,300.0,,,,,13.62,,hover-baseline-test,original_dspy_baseline_qwen3-8b,mo8q5f7s
GLUE,HOVER,Qwen3-8B,FSPO,False,,,gepa_artifact.benchmarks.hover.hover_utils.discrete_retrieval_eval,,four_stage_multi_hop_retrieval,3.0,1.0,1.0,30.0,20.0,20.0,,,,,,44.0,600.0,,300.0,,,,,71.55,,hover-dynamic-fewshot,dynamic_fewshot_qwen3_8b_20iter_3shot,aa8u5puv
GLUE,MNLI,google/gemma-1.1-2b-it,StablePrompt-PPO(cs=0.1),True,0.1,10.0,,,,,1.0,,,,,100.0,48.0,16.0,4.0,299.0,44.63576078414917,19200.0,,9815.0,10840000.0,,,,50.73,42.0,GFB_TC,gemma-1.1-2b-it_TO_gemma-1.1-2b-it_bs16_top5_s42,h85nn2oe
GLUE,MNLI,google/gemma-1.1-2b-it,StablePrompt-PPO(cs=0.1),True,0.1,10.0,,,,,1.0,,,,,6.0,,16.0,4.0,,45.92970013618469,1216.0,,20.0,1968400.0,,,,47.12,42.0,mnli_tc_GFB,mnli_google/gemma-1.1-2b-it/google/gemma-1.1-2b-it,txmrzv27
GLUE,MNLI,google/gemma-1.1-2b-it,Unknown,True,0.1,10.0,,,,,1.0,,,,,100.0,,16.0,,,46.78553342819214,,,9815.0,0.0,,,,80.48,,algprompt_classification_mnli,classification_mnli_google/gemma-1.1-2b-it_google/gemma-1.1-2b-it,495m1vre
GLUE,MNLI,google/gemma-1.1-2b-it,Unknown,True,0.1,10.0,,,,,1.0,,,,,100.0,,16.0,,,54.87518906593323,,,9815.0,0.0,,,,40.77,,algprompt_classification_mnli,classification_mnli_google/gemma-3-1b-it_google/gemma-1.1-2b-it,eo3f3sho
GLUE,MNLI,google/gemma-1.1-2b-it,Unknown,True,0.1,10.0,,,,,1.0,,,,,100.0,,16.0,,,45.86856961250305,,,9815.0,0.0,,,,77.48,,algprompt_classification_mnli,classification_mnli_google/gemma-1.1-2b-it_google/gemma-1.1-2b-it,uzpu2ozu
GLUE,MNLI,google/gemma-1.1-2b-it,Unknown,True,0.1,10.0,,,,,1.0,,,,,100.0,,16.0,,,51.10545158386231,,,9815.0,0.0,,,,40.68,,algprompt_classification_mnli,classification_mnli_google/gemma-1.1-2b-it_google/gemma-1.1-2b-it,fhgzxa7k
GLUE,MNLI,google/gemma-1.1-2b-it,Unknown,True,0.1,10.0,,,,,1.0,,,,,100.0,,16.0,,,43.76974105834961,,,9815.0,0.0,,,,53.98,,algprompt_classification_mnli,classification_mnli_google/gemma-1.1-2b-it_google/gemma-1.1-2b-it,8pug7jjv
GLUE,MNLI,google/gemma-1.1-2b-it,Unknown,True,0.1,10.0,,,,,1.0,,,,,100.0,,16.0,,,48.0489045381546,,,9815.0,0.0,,,,100.4,,algprompt_classification_mnli,classification_mnli_google/gemma-1.1-2b-it_google/gemma-1.1-2b-it,8hoodkc3
GLUE,MNLI,google/gemma-1.1-7b-it,AlgPrompt,False,,,,,,,1.0,,,,,100.0,,16.0,4.0,,67.00968146324158,,,20.0,,,,,59.12,,algprompt_classification_mnli,classification_mnli_google/gemma-1.1-7b-it_google/gemma-1.1-7b-it,acxjarlv
GLUE,MNLI,google/gemma-1.1-7b-it,StablePrompt-PPO(cs=0),True,0.0,10.0,,,,,1.0,,,,,100.0,48.0,16.0,4.0,299.0,67.0300543308258,19200.0,,9815.0,12190400.0,,,,91.73,3.0,GFB_TC,gemma-1.1-7b-it_TO_gemma-1.1-7b-it_bs16_top5_s3,pmniwyrq
GLUE,MNLI,google/gemma-1.1-7b-it,StablePrompt-PPO(cs=0),True,0.0,10.0,,,,,1.0,,,,,100.0,48.0,16.0,4.0,299.0,68.36474537849426,19200.0,,9815.0,12712000.0,,,,46.72,3.0,GFB_TC,gemma-1.1-7b-it_TO_gemma-1.1-7b-it_s3_cs0_bs16_top5,gvkvzlr6
GLUE,MNLI,google/gemma-1.1-7b-it,StablePrompt-PPO(cs=0),True,0.0,10.0,,,,,1.0,,,,,100.0,48.0,16.0,4.0,299.0,63.87162208557129,19200.0,,9815.0,9339200.0,,,,92.13,42.0,GFB_TC,gemma-1.1-7b-it_TO_gemma-1.1-7b-it_bs16_top5_s42,jsopwo9k
GLUE,MNLI,google/gemma-1.1-7b-it,StablePrompt-PPO(cs=0),True,0.0,10.0,,,,,1.0,,,,,100.0,48.0,16.0,4.0,299.0,61.19205355644226,19200.0,,9815.0,10288000.0,,,,98.93,666.0,GFB_TC,gemma-1.1-7b-it_TO_gemma-1.1-7b-it_bs16_top5_s666,o1f96h39
GLUE,MNLI,google/gemma-1.1-7b-it,StablePrompt-PPO(cs=0.1),True,0.1,10.0,,,,,1.0,,,,,100.0,48.0,16.0,4.0,299.0,68.36474537849426,19200.0,,9815.0,12712000.0,,,,46.57,3.0,GFB_TC,gemma-1.1-7b-it_TO_gemma-1.1-7b-it_s3_cs0.1_bs16_top5,bs06xgun
GLUE,MNLI,google/gemma-1.1-7b-it,StablePrompt-PPO(cs=0.1),True,0.1,10.0,,,,,1.0,,,,,100.0,48.0,16.0,4.0,299.0,66.3983702659607,19200.0,,9815.0,9339200.0,,,,95.07,42.0,GFB_TC,gemma-1.1-7b-it_TO_gemma-1.1-7b-it_bs16_top5_s42,3srihmlk
GLUE,MNLI,google/gemma-1.1-7b-it,StablePrompt-PPO(cs=0.1),True,0.1,10.0,,,,,1.0,,,,,100.0,48.0,16.0,4.0,299.0,66.89760684967041,19200.0,,9815.0,10288000.0,,,,98.73,666.0,GFB_TC,gemma-1.1-7b-it_TO_gemma-1.1-7b-it_s666_cs0.1_bs16_top5,3hip65ye
GLUE,MNLI,google/gemma-1.1-7b-it,Unknown,True,0.1,10.0,,,,,1.0,,,,,100.0,,16.0,,,62.4961793422699,,,9815.0,0.0,,,,76.57,,algprompt_classification_mnli,classification_mnli_google/gemma-1.1-7b-it_google/gemma-1.1-7b-it,ewu7nuhq
GLUE,MNLI,google/gemma-1.1-7b-it,Unknown,True,0.1,10.0,,,,,1.0,,,,,100.0,,16.0,,,62.66938447952271,,,9815.0,0.0,,,,51.95,,algprompt_classification_mnli,classification_mnli_google/gemma-1.1-7b-it_google/gemma-1.1-7b-it,3cdsli1h
GLUE,MNLI,google/gemma-3-1b-it,Unknown,True,0.1,10.0,,,,,1.0,,,,,100.0,,16.0,,,35.384616255760186,,,9815.0,0.0,,,,35.83,,algprompt_classification_mnli,classification_mnli_google/gemma-3-1b-it_FacebookAI/xlm-roberta-large,afuxzf0g
GLUE,MNLI,google/gemma-3-1b-it,Unknown,True,0.1,10.0,,,,,1.0,,,,,100.0,,16.0,,,50.9526252746582,,,9815.0,0.0,,,,45.32,,algprompt_classification_mnli,classification_mnli_google/gemma-3-1b-it_google/gemma-3-1b-it,6cs3ch8l
GLUE,MNLI,jingyaogong/MiniMind2,AlgPrompt,False,,,,,,,1.0,,,,,100.0,,4.0,4.0,,49.27152395248413,,,20.0,,,,,22.62,,algprompt_classification_mnli,classification_mnli_jingyaogong/MiniMind2_google/gemma-3-1b-it,b6hd5b58
GLUE,MNLI,jingyaogong/MiniMind2,AlgPrompt,False,,,,,,,1.0,,,,,100.0,,16.0,4.0,,35.445746779441826,,,20.0,,,,,59.8,,algprompt_classification_mnli,classification_mnli_jingyaogong/MiniMind2_jingyaogong/MiniMind2,rgqtzcj2
GLUE,MNLI,jingyaogong/MiniMind2,AlgPrompt,False,,,,,,,1.0,,,,,100.0,,16.0,4.0,,35.445746779441826,,,20.0,,,,,57.52,,algprompt_classification_mnli,classification_mnli_jingyaogong/MiniMind2_jingyaogong/MiniMind2,lsf9ynwq
GLUE,MRPC,google/gemma-1.1-2b-it,StablePrompt-PPO(cs=0.1),True,0.1,10.0,,,,,1.0,,,,,100.0,32.0,16.0,4.0,199.0,66.91176295280457,12800.0,,408.0,5348800.0,,,,13.67,42.0,GFB_TC,gemma-1.1-2b-it_TO_gemma-1.1-2b-it_bs16_top5_s42,gw4i6d0o
GLUE,MRPC,google/gemma-1.1-2b-it,StablePrompt-PPO(cs=0.1),True,0.1,10.0,,,,,1.0,,,,,6.0,,16.0,4.0,,58.08823704719544,832.0,,20.0,1900912.0,,,,3.42,42.0,mrpc_tc_GFB,mrpc_google/gemma-1.1-2b-it/google/gemma-1.1-2b-it,xbzndvde
GLUE,MRPC,google/gemma-1.1-2b-it,Unknown,True,0.1,10.0,,,,,1.0,,,,,100.0,,16.0,,,68.13725233078003,,,408.0,0.0,,,,31.35,,algprompt_classification_mrpc,classification_mrpc_google/gemma-1.1-2b-it_google/gemma-1.1-2b-it,iri0u5kl
GLUE,MRPC,google/gemma-1.1-2b-it,Unknown,True,0.1,10.0,,,,,1.0,,,,,100.0,,16.0,,,69.11764740943909,,,408.0,0.0,,,,14.43,,algprompt_classification_mrpc,classification_mrpc_google/gemma-3-1b-it_google/gemma-1.1-2b-it,hbyiuxdl
GLUE,MRPC,google/gemma-1.1-2b-it,Unknown,True,0.1,10.0,,,,,1.0,,,,,100.0,,16.0,,,61.76470518112183,,,408.0,0.0,,,,33.82,,algprompt_classification_mrpc,classification_mrpc_google/gemma-1.1-2b-it_google/gemma-1.1-2b-it,1o9bkr2m
GLUE,MRPC,google/gemma-1.1-2b-it,Unknown,True,0.1,10.0,,,,,1.0,,,,,100.0,,16.0,,,69.11764740943909,,,408.0,0.0,,,,13.22,,algprompt_classification_mrpc,classification_mrpc_google/gemma-1.1-2b-it_google/gemma-1.1-2b-it,rlprdacm
GLUE,MRPC,google/gemma-1.1-2b-it,Unknown,True,0.1,10.0,,,,,1.0,,,,,100.0,,16.0,,,66.42156839370728,,,408.0,0.0,,,,20.73,,algprompt_classification_mrpc,classification_mrpc_google/gemma-1.1-2b-it_google/gemma-1.1-2b-it,r7mwksbz
GLUE,MRPC,google/gemma-1.1-2b-it,Unknown,True,0.1,10.0,,,,,1.0,,,,,100.0,,16.0,,,67.40196347236633,,,408.0,0.0,,,,32.53,,algprompt_classification_mrpc,classification_mrpc_google/gemma-1.1-2b-it_google/gemma-1.1-2b-it,ovgx9lxq
GLUE,MRPC,google/gemma-1.1-7b-it,AlgPrompt,False,,,,,,,1.0,,,,,100.0,,16.0,4.0,,75.73529481887817,,,20.0,,,,,31.32,,algprompt_classification_mrpc,classification_mrpc_google/gemma-1.1-7b-it_google/gemma-1.1-7b-it,9m6c1ql8
GLUE,MRPC,google/gemma-1.1-7b-it,StablePrompt-PPO(cs=0),True,0.0,10.0,,,,,1.0,,,,,100.0,32.0,16.0,4.0,199.0,73.77451062202454,12800.0,,408.0,6560000.0,,,,31.03,3.0,GFB_TC,gemma-1.1-7b-it_TO_gemma-1.1-7b-it_bs16_top5_s3,0rp5kbqm
GLUE,MRPC,google/gemma-1.1-7b-it,StablePrompt-PPO(cs=0),True,0.0,10.0,,,,,1.0,,,,,100.0,32.0,16.0,4.0,199.0,66.91176295280457,12800.0,,408.0,5712000.0,,,,16.9,3.0,GFB_TC,gemma-1.1-7b-it_TO_gemma-1.1-7b-it_s3_cs0_bs16_top5,xm5i8qzk
GLUE,MRPC,google/gemma-1.1-7b-it,StablePrompt-PPO(cs=0),True,0.0,10.0,,,,,1.0,,,,,100.0,32.0,16.0,4.0,199.0,75.98039507865906,12800.0,,408.0,4254400.0,,,,31.1,42.0,GFB_TC,gemma-1.1-7b-it_TO_gemma-1.1-7b-it_bs16_top5_s42,cu3s286o
GLUE,MRPC,google/gemma-1.1-7b-it,StablePrompt-PPO(cs=0),True,0.0,10.0,,,,,1.0,,,,,100.0,32.0,16.0,4.0,199.0,72.54902124404907,12800.0,,408.0,5331200.0,,,,31.22,666.0,GFB_TC,gemma-1.1-7b-it_TO_gemma-1.1-7b-it_bs16_top5_s666,lu7cmpoj
GLUE,MRPC,google/gemma-1.1-7b-it,StablePrompt-PPO(cs=0.1),True,0.1,10.0,,,,,1.0,,,,,100.0,32.0,16.0,4.0,199.0,66.91176295280457,12800.0,,408.0,5712000.0,,,,16.7,3.0,GFB_TC,gemma-1.1-7b-it_TO_gemma-1.1-7b-it_s3_cs0.1_bs16_top5,phr2rzfe
GLUE,MRPC,google/gemma-1.1-7b-it,StablePrompt-PPO(cs=0.1),True,0.1,10.0,,,,,1.0,,,,,100.0,32.0,16.0,4.0,199.0,75.98039507865906,12800.0,,408.0,4254400.0,,,,31.5,42.0,GFB_TC,gemma-1.1-7b-it_TO_gemma-1.1-7b-it_bs16_top5_s42,giznmfah
GLUE,MRPC,google/gemma-1.1-7b-it,StablePrompt-PPO(cs=0.1),True,0.1,10.0,,,,,1.0,,,,,100.0,32.0,16.0,4.0,199.0,73.03921580314636,12800.0,,408.0,5331200.0,,,,31.35,666.0,GFB_TC,gemma-1.1-7b-it_TO_gemma-1.1-7b-it_s666_cs0.1_bs16_top5,5r8t3kpx
GLUE,MRPC,google/gemma-1.1-7b-it,Unknown,True,0.1,10.0,,,,,1.0,,,,,100.0,,16.0,,,68.38235259056091,,,408.0,0.0,,,,37.47,,algprompt_classification_mrpc,classification_mrpc_google/gemma-1.1-7b-it_google/gemma-1.1-7b-it,ayrbxuao
GLUE,MRPC,google/gemma-1.1-7b-it,Unknown,True,0.1,10.0,,,,,1.0,,,,,100.0,,16.0,,,73.52941036224365,,,408.0,0.0,,,,19.78,,algprompt_classification_mrpc,classification_mrpc_google/gemma-1.1-7b-it_google/gemma-1.1-7b-it,ggfk8buo
GLUE,MRPC,google/gemma-3-1b-it,Unknown,True,0.1,10.0,,,,,1.0,,,,,100.0,,16.0,,,51.715683937072754,,,408.0,0.0,,,,42.65,,algprompt_classification_mrpc,classification_mrpc_google/gemma-3-1b-it_FacebookAI/xlm-roberta-large,etfvr6c9
GLUE,MRPC,google/gemma-3-1b-it,Unknown,True,0.1,10.0,,,,,1.0,,,,,100.0,,16.0,,,67.89215803146362,,,408.0,0.0,,,,40.85,,algprompt_classification_mrpc,classification_mrpc_google/gemma-3-1b-it_google/gemma-3-1b-it,xbnx409b
GLUE,MRPC,jingyaogong/MiniMind2,AlgPrompt,False,,,,,,,1.0,,,,,100.0,,4.0,4.0,,68.13725233078003,,,20.0,,,,,5.93,,algprompt_classification_mrpc,classification_mrpc_jingyaogong/MiniMind2_google/gemma-3-1b-it,iwjkyur2
GLUE,MRPC,jingyaogong/MiniMind2,AlgPrompt,False,,,,,,,1.0,,,,,100.0,,16.0,4.0,,31.61764740943908,,,20.0,,,,,17.12,,algprompt_classification_mrpc,classification_mrpc_jingyaogong/MiniMind2_jingyaogong/MiniMind2,wmpsvanz
GLUE,MRPC,jingyaogong/MiniMind2,AlgPrompt,False,,,,,,,1.0,,,,,100.0,,16.0,4.0,,31.61764740943908,,,20.0,,,,,12.75,,algprompt_classification_mrpc,classification_mrpc_jingyaogong/MiniMind2_jingyaogong/MiniMind2,eetn6uo6
GLUE,QNLI,google/gemma-1.1-2b-it,StablePrompt-PPO(cs=0.1),True,0.1,10.0,,,,,1.0,,,,,100.0,32.0,16.0,4.0,199.0,59.60094928741455,12800.0,,5463.0,4534400.0,,,,28.1,42.0,GFB_TC,gemma-1.1-2b-it_TO_gemma-1.1-2b-it_bs16_top5_s42,1i7bi1jg
GLUE,QNLI,google/gemma-1.1-2b-it,StablePrompt-PPO(cs=0.1),True,0.1,10.0,,,,,1.0,,,,,6.0,,16.0,4.0,,58.50265622138977,832.0,,20.0,1577992.0,,,,24.6,42.0,qnli_tc_GFB,qnli_google/gemma-1.1-2b-it/google/gemma-1.1-2b-it,32y4je7g
GLUE,QNLI,google/gemma-1.1-2b-it,Unknown,True,0.1,10.0,,,,,1.0,,,,,100.0,,16.0,,,59.12502408027649,,,5463.0,0.0,,,,45.98,,algprompt_classification_qnli,classification_qnli_google/gemma-1.1-2b-it_google/gemma-1.1-2b-it,ofe9qgx6
GLUE,QNLI,google/gemma-1.1-2b-it,Unknown,True,0.1,10.0,,,,,1.0,,,,,100.0,,16.0,,,60.57111620903015,,,5463.0,0.0,,,,32.28,,algprompt_classification_qnli,classification_qnli_google/gemma-3-1b-it_google/gemma-1.1-2b-it,g24kzt7s
GLUE,QNLI,google/gemma-1.1-2b-it,Unknown,True,0.1,10.0,,,,,1.0,,,,,100.0,,16.0,,,55.83012700080872,,,5463.0,0.0,,,,22.33,,algprompt_classification_qnli,classification_qnli_google/gemma-1.1-2b-it_google/gemma-1.1-2b-it,c5a63nne
GLUE,QNLI,google/gemma-1.1-2b-it,Unknown,True,0.1,10.0,,,,,1.0,,,,,100.0,,16.0,,,60.003662109375,,,5463.0,0.0,,,,31.28,,algprompt_classification_qnli,classification_qnli_google/gemma-1.1-2b-it_google/gemma-1.1-2b-it,e2uzzfpt
GLUE,QNLI,google/gemma-1.1-2b-it,Unknown,True,0.1,10.0,,,,,1.0,,,,,100.0,,16.0,,,59.56434011459351,,,5463.0,0.0,,,,28.7,,algprompt_classification_qnli,classification_qnli_google/gemma-1.1-2b-it_google/gemma-1.1-2b-it,pqhlblb4
GLUE,QNLI,google/gemma-1.1-7b-it,AlgPrompt,False,,,,,,,1.0,,,,,100.0,,16.0,4.0,,81.29233121871948,,,20.0,,,,,39.03,,algprompt_classification_qnli,classification_qnli_google/gemma-1.1-7b-it_google/gemma-1.1-7b-it,2n7zbc6q
GLUE,QNLI,google/gemma-1.1-7b-it,StablePrompt-PPO(cs=0),True,0.0,10.0,,,,,1.0,,,,,100.0,32.0,16.0,4.0,199.0,79.29708957672119,12800.0,,5463.0,6772800.0,,,,56.98,3.0,GFB_TC,gemma-1.1-7b-it_TO_gemma-1.1-7b-it_bs16_top5_s3,oo5rdcty
GLUE,QNLI,google/gemma-1.1-7b-it,StablePrompt-PPO(cs=0),True,0.0,10.0,,,,,1.0,,,,,100.0,32.0,16.0,4.0,199.0,78.52827906608582,12800.0,,5463.0,5713600.0,,,,27.28,3.0,GFB_TC,gemma-1.1-7b-it_TO_gemma-1.1-7b-it_s3_cs0_bs16_top5,u35qx1lw
GLUE,QNLI,google/gemma-1.1-7b-it,StablePrompt-PPO(cs=0),True,0.0,10.0,,,,,1.0,,,,,100.0,32.0,16.0,4.0,199.0,77.41168141365051,12800.0,,5463.0,5489600.0,,,,51.8,42.0,GFB_TC,gemma-1.1-7b-it_TO_gemma-1.1-7b-it_bs16_top5_s42,n72iimyi
GLUE,QNLI,google/gemma-1.1-7b-it,StablePrompt-PPO(cs=0),True,0.0,10.0,,,,,1.0,,,,,100.0,32.0,16.0,4.0,199.0,79.99267578125,12800.0,,5463.0,6206400.0,,,,54.78,666.0,GFB_TC,gemma-1.1-7b-it_TO_gemma-1.1-7b-it_bs16_top5_s666,6p2l2nxh
GLUE,QNLI,google/gemma-1.1-7b-it,StablePrompt-PPO(cs=0.1),True,0.1,10.0,,,,,1.0,,,,,100.0,32.0,16.0,4.0,199.0,78.52827906608582,12800.0,,5463.0,5713600.0,,,,27.17,3.0,GFB_TC,gemma-1.1-7b-it_TO_gemma-1.1-7b-it_s3_cs0.1_bs16_top5,qyq4nfrs
GLUE,QNLI,google/gemma-1.1-7b-it,StablePrompt-PPO(cs=0.1),True,0.1,10.0,,,,,1.0,,,,,100.0,32.0,16.0,4.0,199.0,76.14863514900208,12800.0,,5463.0,5489600.0,,,,51.05,42.0,GFB_TC,gemma-1.1-7b-it_TO_gemma-1.1-7b-it_bs16_top5_s42,ow70ta82
GLUE,QNLI,google/gemma-1.1-7b-it,StablePrompt-PPO(cs=0.1),True,0.1,10.0,,,,,1.0,,,,,100.0,32.0,16.0,4.0,199.0,79.99267578125,12800.0,,5463.0,6206400.0,,,,54.63,666.0,GFB_TC,gemma-1.1-7b-it_TO_gemma-1.1-7b-it_s666_cs0.1_bs16_top5,v6c2ly9b
GLUE,QNLI,google/gemma-1.1-7b-it,Unknown,True,0.1,10.0,,,,,1.0,,,,,100.0,,16.0,,,77.08218693733215,,,5463.0,0.0,,,,29.4,,algprompt_classification_qnli,classification_qnli_google/gemma-1.1-7b-it_google/gemma-1.1-7b-it,z42fn4jy
GLUE,QNLI,google/gemma-3-1b-it,Unknown,True,0.1,10.0,,,,,1.0,,,,,100.0,,16.0,,,50.53999423980713,,,5463.0,0.0,,,,23.38,,algprompt_classification_qnli,classification_qnli_google/gemma-3-1b-it_FacebookAI/xlm-roberta-large,qm1vuglu
GLUE,QNLI,google/gemma-3-1b-it,Unknown,True,0.1,10.0,,,,,1.0,,,,,100.0,,16.0,,,60.82738637924194,,,5463.0,0.0,,,,27.13,,algprompt_classification_qnli,classification_qnli_google/gemma-3-1b-it_google/gemma-3-1b-it,zk8lfc1m
GLUE,QNLI,jingyaogong/MiniMind2,AlgPrompt,False,,,,,,,1.0,,,,,100.0,,4.0,4.0,,58.94197225570679,,,20.0,,,,,13.67,,algprompt_classification_qnli,classification_qnli_jingyaogong/MiniMind2_google/gemma-3-1b-it,1z07kshc
GLUE,QNLI,jingyaogong/MiniMind2,AlgPrompt,False,,,,,,,1.0,,,,,100.0,,16.0,4.0,,49.46000277996063,,,20.0,,,,,33.33,,algprompt_classification_qnli,classification_qnli_jingyaogong/MiniMind2_jingyaogong/MiniMind2,bmgvkhxh
GLUE,QNLI,jingyaogong/MiniMind2,AlgPrompt,False,,,,,,,1.0,,,,,100.0,,16.0,4.0,,49.46000277996063,,,20.0,,,,,35.13,,algprompt_classification_qnli,classification_qnli_jingyaogong/MiniMind2_jingyaogong/MiniMind2,i4gh5633
GLUE,RTE,google/gemma-1.1-2b-it,StablePrompt-PPO(cs=0.1),True,0.1,10.0,,,,,1.0,,,,,100.0,32.0,16.0,4.0,199.0,58.48375558853149,12800.0,,277.0,6940800.0,,,,15.65,42.0,GFB_TC,gemma-1.1-2b-it_TO_gemma-1.1-2b-it_bs16_top5_s42,wzfz8l78
GLUE,RTE,google/gemma-1.1-2b-it,StablePrompt-PPO(cs=0.1),True,0.1,10.0,,,,,1.0,,,,,6.0,,16.0,4.0,,64.98194932937622,832.0,,20.0,2366832.0,,,,3.28,42.0,rte_tc_GFB,rte_google/gemma-1.1-2b-it/google/gemma-1.1-2b-it,nbnma73f
GLUE,RTE,google/gemma-1.1-2b-it,Unknown,True,0.1,10.0,,,,,1.0,,,,,100.0,,16.0,,,67.87003874778748,,,277.0,0.0,,,,34.22,,algprompt_classification_rte,classification_rte_google/gemma-1.1-2b-it_google/gemma-1.1-2b-it,58gk4hxf
GLUE,RTE,google/gemma-1.1-2b-it,Unknown,True,0.1,10.0,,,,,1.0,,,,,100.0,,16.0,,,66.0649836063385,,,277.0,0.0,,,,5.68,,algprompt_classification_rte,classification_rte_google/gemma-3-1b-it_google/gemma-1.1-2b-it,t6z4c4si
GLUE,RTE,google/gemma-1.1-2b-it,Unknown,True,0.1,10.0,,,,,1.0,,,,,100.0,,16.0,,,67.87003874778748,,,277.0,0.0,,,,35.5,,algprompt_classification_rte,classification_rte_google/gemma-1.1-2b-it_google/gemma-1.1-2b-it,82q7zmdz
GLUE,RTE,google/gemma-1.1-2b-it,Unknown,True,0.1,10.0,,,,,1.0,,,,,100.0,,16.0,,,61.37183904647827,,,277.0,0.0,,,,14.3,,algprompt_classification_rte,classification_rte_google/gemma-1.1-2b-it_google/gemma-1.1-2b-it,ya7f3qch
GLUE,RTE,google/gemma-1.1-2b-it,Unknown,True,0.1,10.0,,,,,1.0,,,,,100.0,,16.0,,,65.3429627418518,,,277.0,0.0,,,,20.4,,algprompt_classification_rte,classification_rte_google/gemma-1.1-2b-it_google/gemma-1.1-2b-it,f6ecjhgq
GLUE,RTE,google/gemma-1.1-2b-it,Unknown,True,0.1,10.0,,,,,1.0,,,,,100.0,,16.0,,,67.87003874778748,,,277.0,0.0,,,,46.67,,algprompt_classification_rte,classification_rte_google/gemma-1.1-2b-it_google/gemma-1.1-2b-it,lvs29tf5
GLUE,RTE,google/gemma-1.1-7b-it,StablePrompt-PPO(cs=0),True,0.0,10.0,,,,,1.0,,,,,100.0,32.0,16.0,4.0,199.0,82.6714813709259,12800.0,,277.0,6748800.0,,,,37.17,3.0,GFB_TC,gemma-1.1-7b-it_TO_gemma-1.1-7b-it_bs16_top5_s3,khg3bqk8
GLUE,RTE,google/gemma-1.1-7b-it,StablePrompt-PPO(cs=0),True,0.0,10.0,,,,,1.0,,,,,100.0,32.0,16.0,4.0,199.0,81.58844709396362,12800.0,,277.0,7648000.0,,,,19.52,3.0,GFB_TC,gemma-1.1-7b-it_TO_gemma-1.1-7b-it_s3_cs0_bs16_top5,g5vrsu5y
GLUE,RTE,google/gemma-1.1-7b-it,StablePrompt-PPO(cs=0),True,0.0,10.0,,,,,1.0,,,,,100.0,32.0,16.0,4.0,199.0,81.22743964195251,12800.0,,277.0,8518400.0,,,,37.88,42.0,GFB_TC,gemma-1.1-7b-it_TO_gemma-1.1-7b-it_bs16_top5_s42,06jr9z5i
GLUE,RTE,google/gemma-1.1-7b-it,StablePrompt-PPO(cs=0),True,0.0,10.0,,,,,1.0,,,,,100.0,32.0,16.0,4.0,199.0,80.86642622947693,12800.0,,277.0,6208000.0,,,,36.3,666.0,GFB_TC,gemma-1.1-7b-it_TO_gemma-1.1-7b-it_bs16_top5_s666,jl4j4rxk
GLUE,RTE,google/gemma-1.1-7b-it,StablePrompt-PPO(cs=0.1),True,0.1,10.0,,,,,1.0,,,,,100.0,32.0,16.0,4.0,199.0,81.58844709396362,12800.0,,277.0,7648000.0,,,,19.68,3.0,GFB_TC,gemma-1.1-7b-it_TO_gemma-1.1-7b-it_s3_cs0.1_bs16_top5,vii6hjkr
GLUE,RTE,google/gemma-1.1-7b-it,StablePrompt-PPO(cs=0.1),True,0.1,10.0,,,,,1.0,,,,,100.0,32.0,16.0,4.0,199.0,81.22743964195251,12800.0,,277.0,8518400.0,,,,38.28,42.0,GFB_TC,gemma-1.1-7b-it_TO_gemma-1.1-7b-it_bs16_top5_s42,q9bi1p48
GLUE,RTE,google/gemma-1.1-7b-it,StablePrompt-PPO(cs=0.1),True,0.1,10.0,,,,,1.0,,,,,100.0,32.0,16.0,4.0,199.0,80.86642622947693,12800.0,,277.0,6208000.0,,,,36.7,666.0,GFB_TC,gemma-1.1-7b-it_TO_gemma-1.1-7b-it_s666_cs0.1_bs16_top5,igkngxjy
GLUE,RTE,google/gemma-1.1-7b-it,Unknown,True,0.1,10.0,,,,,1.0,,,,,100.0,,16.0,,,79.42238450050354,,,277.0,0.0,,,,22.08,,algprompt_classification_rte,classification_rte_google/gemma-1.1-7b-it_google/gemma-1.1-7b-it,021bviiv
GLUE,RTE,google/gemma-3-1b-it,Unknown,True,0.1,10.0,,,,,1.0,,,,,100.0,,16.0,,,47.29241728782654,,,277.0,0.0,,,,35.48,,algprompt_classification_rte,classification_rte_google/gemma-3-1b-it_FacebookAI/xlm-roberta-large,dux4bt2i
GLUE,RTE,google/gemma-3-1b-it,Unknown,True,0.1,10.0,,,,,1.0,,,,,100.0,,16.0,,,66.42599105834961,,,277.0,0.0,,,,24.1,,algprompt_classification_rte,classification_rte_google/gemma-3-1b-it_google/gemma-3-1b-it,48zynjkj
GLUE,RTE,jingyaogong/MiniMind2,AlgPrompt,False,,,,,,,1.0,,,,,100.0,,4.0,4.0,,64.25992846488953,,,20.0,,,,,5.87,,algprompt_classification_rte,classification_rte_jingyaogong/MiniMind2_google/gemma-3-1b-it,vsphc6xr
GLUE,RTE,jingyaogong/MiniMind2,AlgPrompt,False,,,,,,,1.0,,,,,100.0,,16.0,4.0,,52.70758271217346,,,20.0,,,,,19.85,,algprompt_classification_rte,classification_rte_jingyaogong/MiniMind2_jingyaogong/MiniMind2,u440r23o
GLUE,RTE,jingyaogong/MiniMind2,AlgPrompt,False,,,,,,,1.0,,,,,100.0,,16.0,4.0,,52.70758271217346,,,20.0,,,,,19.85,,algprompt_classification_rte,classification_rte_jingyaogong/MiniMind2_jingyaogong/MiniMind2,gijek73b
GLUE,SNLI,google/gemma-1.1-2b-it,StablePrompt-PPO(cs=0.1),True,0.1,10.0,,,,,1.0,,,,,100.0,48.0,16.0,4.0,299.0,53.69843244552612,19200.0,,9842.0,8972800.0,,,,48.68,42.0,GFB_TC,gemma-1.1-2b-it_TO_gemma-1.1-2b-it_bs16_top5_s42,iruld2he
GLUE,SNLI,google/gemma-1.1-2b-it,StablePrompt-PPO(cs=0.1),True,0.1,10.0,,,,,1.0,,,,,6.0,,16.0,4.0,,45.68177163600921,1216.0,,20.0,1741514.6666666667,,,,40.75,42.0,snli_tc_GFB,snli_google/gemma-1.1-2b-it/google/gemma-1.1-2b-it,1vtyacb4
GLUE,SNLI,google/gemma-1.1-2b-it,Unknown,True,0.1,10.0,,,,,1.0,,,,,100.0,,16.0,,,47.54115045070648,,,9842.0,0.0,,,,75.28,,algprompt_classification_snli,classification_snli_google/gemma-1.1-2b-it_google/gemma-1.1-2b-it,0dfu5nmq
GLUE,SNLI,google/gemma-1.1-2b-it,Unknown,True,0.1,10.0,,,,,1.0,,,,,100.0,,16.0,,,49.66470301151275,,,9842.0,0.0,,,,39.58,,algprompt_classification_snli,classification_snli_google/gemma-3-1b-it_google/gemma-1.1-2b-it,831vsma0
GLUE,SNLI,google/gemma-1.1-2b-it,Unknown,True,0.1,10.0,,,,,1.0,,,,,100.0,,16.0,,,50.78235864639282,,,9842.0,0.0,,,,38.15,,algprompt_classification_snli,classification_snli_google/gemma-1.1-2b-it_google/gemma-1.1-2b-it,9d5tatbu
GLUE,SNLI,google/gemma-1.1-2b-it,Unknown,True,0.1,10.0,,,,,1.0,,,,,100.0,,16.0,,,46.87055349349976,,,9842.0,0.0,,,,75.35,,algprompt_classification_snli,classification_snli_google/gemma-1.1-2b-it_google/gemma-1.1-2b-it,fntelt7b
GLUE,SNLI,google/gemma-1.1-2b-it,Unknown,True,0.1,10.0,,,,,1.0,,,,,100.0,,16.0,,,49.44117069244385,,,9842.0,0.0,,,,48.8,,algprompt_classification_snli,classification_snli_google/gemma-1.1-2b-it_google/gemma-1.1-2b-it,2vxekkws
GLUE,SNLI,google/gemma-1.1-7b-it,StablePrompt-PPO(cs=0),True,0.0,10.0,,,,,1.0,,,,,100.0,48.0,16.0,4.0,299.0,74.0195095539093,19200.0,,9842.0,10820800.0,,,,91.62,3.0,GFB_TC,gemma-1.1-7b-it_TO_gemma-1.1-7b-it_bs16_top5_s3,uwujmxiz
GLUE,SNLI,google/gemma-1.1-7b-it,StablePrompt-PPO(cs=0),True,0.0,10.0,,,,,1.0,,,,,100.0,48.0,16.0,4.0,299.0,71.58098220825195,19200.0,,9842.0,10481600.0,,,,44.5,3.0,GFB_TC,gemma-1.1-7b-it_TO_gemma-1.1-7b-it_s3_cs0_bs16_top5,vwn055o6
GLUE,SNLI,google/gemma-1.1-7b-it,StablePrompt-PPO(cs=0),True,0.0,10.0,,,,,1.0,,,,,100.0,48.0,16.0,4.0,299.0,71.44889235496521,19200.0,,9842.0,11433600.0,,,,85.93,42.0,GFB_TC,gemma-1.1-7b-it_TO_gemma-1.1-7b-it_bs16_top5_s42,wjq0ywiq
GLUE,SNLI,google/gemma-1.1-7b-it,StablePrompt-PPO(cs=0),True,0.0,10.0,,,,,1.0,,,,,100.0,48.0,16.0,4.0,299.0,73.12538027763367,19200.0,,9842.0,12305600.0,,,,93.32,666.0,GFB_TC,gemma-1.1-7b-it_TO_gemma-1.1-7b-it_bs16_top5_s666,xy9dlzm1
GLUE,SNLI,google/gemma-1.1-7b-it,StablePrompt-PPO(cs=0.1),True,0.1,10.0,,,,,1.0,,,,,100.0,48.0,16.0,4.0,299.0,71.58098220825195,19200.0,,9842.0,10481600.0,,,,44.3,3.0,GFB_TC,gemma-1.1-7b-it_TO_gemma-1.1-7b-it_s3_cs0.1_bs16_top5,urvwfep8
GLUE,SNLI,google/gemma-1.1-7b-it,StablePrompt-PPO(cs=0.1),True,0.1,10.0,,,,,1.0,,,,,100.0,48.0,16.0,4.0,299.0,66.88681244850159,19200.0,,9842.0,11433600.0,,,,89.38,42.0,GFB_TC,gemma-1.1-7b-it_TO_gemma-1.1-7b-it_bs16_top5_s42,0ed07hsf
GLUE,SNLI,google/gemma-1.1-7b-it,StablePrompt-PPO(cs=0.1),True,0.1,10.0,,,,,1.0,,,,,100.0,48.0,16.0,4.0,299.0,73.12538027763367,19200.0,,9842.0,12305600.0,,,,93.0,666.0,GFB_TC,gemma-1.1-7b-it_TO_gemma-1.1-7b-it_s666_cs0.1_bs16_top5,6nhg85b5
GLUE,SNLI,google/gemma-1.1-7b-it,Unknown,True,0.1,10.0,,,,,1.0,,,,,100.0,,16.0,,,76.49868130683899,,,9842.0,0.0,,,,73.53,,algprompt_classification_snli,classification_snli_google/gemma-1.1-7b-it_google/gemma-1.1-7b-it,bc6prqrz
GLUE,SNLI,google/gemma-1.1-7b-it,Unknown,True,0.1,10.0,,,,,1.0,,,,,100.0,,16.0,,,78.70351672172546,,,9842.0,0.0,,,,49.3,,algprompt_classification_snli,classification_snli_google/gemma-1.1-7b-it_google/gemma-1.1-7b-it,5q6bv3gp
GLUE,SNLI,google/gemma-3-1b-it,AlgPrompt,False,,,,,,,1.0,,,,,100.0,,4.0,4.0,,43.2635635137558,,,20.0,,,,,31.42,,algprompt_classification_snli,classification_snli_google/gemma-3-1b-it_google/gemma-3-1b-it,kb0nqd5j
GLUE,SNLI,google/gemma-3-1b-it,Unknown,True,0.1,10.0,,,,,1.0,,,,,100.0,,16.0,,,33.93619060516357,,,9842.0,0.0,,,,30.53,,algprompt_classification_snli,classification_snli_google/gemma-3-1b-it_FacebookAI/xlm-roberta-large,kxfci9dj
GLUE,SNLI,google/gemma-3-1b-it,Unknown,True,0.1,10.0,,,,,1.0,,,,,100.0,,16.0,,,60.00812649726868,,,9842.0,0.0,,,,40.53,,algprompt_classification_snli,classification_snli_google/gemma-3-1b-it_google/gemma-3-1b-it,kcxji83o
GLUE,SNLI,jingyaogong/MiniMind2,AlgPrompt,False,,,,,,,1.0,,,,,100.0,,4.0,4.0,,44.66571807861328,,,20.0,,,,,24.02,,algprompt_classification_snli,classification_snli_jingyaogong/MiniMind2_google/gemma-3-1b-it,nieldgfc
GLUE,SNLI,jingyaogong/MiniMind2,AlgPrompt,False,,,,,,,1.0,,,,,100.0,,16.0,4.0,,33.82442593574524,,,20.0,,,,,50.37,,algprompt_classification_snli,classification_snli_jingyaogong/MiniMind2_jingyaogong/MiniMind2,w490ymcb
GLUE,SNLI,jingyaogong/MiniMind2,AlgPrompt,False,,,,,,,1.0,,,,,100.0,,16.0,4.0,,33.82442593574524,,,20.0,,,,,57.92,,algprompt_classification_snli,classification_snli_jingyaogong/MiniMind2_jingyaogong/MiniMind2,hsoyt4p8
GLUE,SST2,Qwen/Qwen3-0.6B-Base,AlgPrompt,False,,,,,,,1.0,,,,,10.0,,4.0,2.0,,52.95454545454545,,,,,,,,81.15,,tta_TC,sst2_,potihk2i
GLUE,SST2,Qwen/Qwen3-0.6B-Base,AlgPrompt,False,,,,,,,1.0,,,,,100.0,,4.0,4.0,,55.38991093635559,,,20.0,,,,,18.82,,algprompt_classification_sst2,classification_sst2_Qwen/Qwen3-0.6B-Base_Qwen/Qwen3-0.6B-Base,vixf1cs5
GLUE,SST2,google/gemma-1.1-2b-it,StablePrompt-PPO(cs=0),True,0.0,10.0,,,,,1.0,,,,,100.0,32.0,16.0,4.0,199.0,86.35321259498596,12800.0,,872.0,5742400.0,,,,15.05,42.0,GFB_TC,gemma-1.1-2b-it_TO_gemma-1.1-2b-it_bs16_top5_s42,bfo26a2p
GLUE,SST2,google/gemma-1.1-2b-it,StablePrompt-PPO(cs=0.1),True,0.1,10.0,,,,,1.0,,,,,100.0,32.0,16.0,4.0,199.0,86.35321259498596,12800.0,,872.0,5742400.0,,,,15.87,42.0,GFB_TC,gemma-1.1-2b-it_TO_gemma-1.1-2b-it_bs16_top5_s42,5ec6v19q
GLUE,SST2,google/gemma-1.1-2b-it,StablePrompt-PPO(cs=0.1),True,0.1,10.0,,,,,1.0,,,,,100.0,32.0,16.0,4.0,199.0,86.35321259498596,12800.0,,872.0,5742400.0,,,,15.97,42.0,GFB_TC,gemma-1.1-2b-it_TO_gemma-1.1-2b-it_bs16_top5_s42,72a08p1l
GLUE,SST2,google/gemma-1.1-2b-it,StablePrompt-PPO(cs=0.1),True,0.1,10.0,,,,,1.0,,,,,100.0,32.0,16.0,4.0,199.0,86.35321259498596,12800.0,,872.0,5742400.0,,,,15.52,42.0,GFB_TC,gemma-1.1-2b-it_TO_gemma-1.1-2b-it_bs16_top5_s42,6xu5h2xd
GLUE,SST2,google/gemma-1.1-2b-it,StablePrompt-PPO(cs=0.1),True,0.1,10.0,,,,,1.0,,,,,6.0,,16.0,4.0,,75.91742873191833,832.0,,20.0,912288.0,,,,4.55,42.0,sst2_tc_GFB,sst2_google/gemma-1.1-2b-it/google/gemma-1.1-2b-it,2z0cp4qa
GLUE,SST2,google/gemma-1.1-2b-it,Unknown,True,0.1,10.0,,,,,1.0,,,,,100.0,,16.0,,,87.2706413269043,,,872.0,0.0,,,,32.02,,algprompt_classification_sst2,classification_sst2_google/gemma-1.1-2b-it_google/gemma-1.1-2b-it,qe8gwhk9
GLUE,SST2,google/gemma-1.1-2b-it,Unknown,True,0.1,10.0,,,,,1.0,,,,,100.0,,16.0,,,87.0412826538086,,,872.0,0.0,,,,9.55,,algprompt_classification_sst2,classification_sst2_google/gemma-3-1b-it_google/gemma-1.1-2b-it,gotoqdy4
GLUE,SST2,google/gemma-1.1-2b-it,Unknown,True,0.1,10.0,,,,,1.0,,,,,100.0,,16.0,,,82.11008906364441,,,872.0,0.0,,,,32.52,,algprompt_classification_sst2,classification_sst2_google/gemma-1.1-2b-it_google/gemma-1.1-2b-it,rdfzo5o6
GLUE,SST2,google/gemma-1.1-2b-it,Unknown,True,0.1,10.0,,,,,1.0,,,,,100.0,,16.0,,,79.12843823432922,,,872.0,0.0,,,,14.53,,algprompt_classification_sst2,classification_sst2_google/gemma-1.1-2b-it_google/gemma-1.1-2b-it,pxfs1bzl
GLUE,SST2,google/gemma-1.1-2b-it,Unknown,True,0.1,10.0,,,,,1.0,,,,,100.0,,16.0,,,88.18807601928711,,,872.0,0.0,,,,18.15,,algprompt_classification_sst2,classification_sst2_google/gemma-1.1-2b-it_google/gemma-1.1-2b-it,fvcdrkse
GLUE,SST2,google/gemma-1.1-2b-it,Unknown,True,0.1,10.0,,,,,1.0,,,,,100.0,,16.0,,,86.00917458534241,,,872.0,0.0,,,,34.08,,algprompt_classification_sst2,classification_sst2_google/gemma-1.1-2b-it_google/gemma-1.1-2b-it,xs0wrn1u
GLUE,SST2,google/gemma-1.1-7b-it,AlgPrompt,False,,,,,,,1.0,,,,,100.0,,16.0,4.0,,91.85779690742493,,,20.0,,,,,27.7,,algprompt_classification_sst2,classification_sst2_google/gemma-1.1-7b-it_google/gemma-1.1-7b-it,p6qlvi5v
GLUE,SST2,google/gemma-1.1-7b-it,StablePrompt-PPO(cs=0),True,0.0,10.0,,,,,1.0,,,,,100.0,32.0,16.0,4.0,199.0,92.77523159980774,12800.0,,872.0,8121600.0,,,,31.9,3.0,GFB_TC,gemma-1.1-7b-it_TO_gemma-1.1-7b-it_bs16_top5_s3,92emydsq
GLUE,SST2,google/gemma-1.1-7b-it,StablePrompt-PPO(cs=0),True,0.0,10.0,,,,,1.0,,,,,100.0,32.0,16.0,4.0,199.0,90.71100950241087,12800.0,,872.0,7427200.0,,,,18.18,3.0,GFB_TC,gemma-1.1-7b-it_TO_gemma-1.1-7b-it_s3_cs0_bs16_top5,x8vi5opn
GLUE,SST2,google/gemma-1.1-7b-it,StablePrompt-PPO(cs=0),True,0.0,10.0,,,,,1.0,,,,,100.0,32.0,16.0,4.0,199.0,92.77523159980774,12800.0,,872.0,7220800.0,,,,31.83,42.0,GFB_TC,gemma-1.1-7b-it_TO_gemma-1.1-7b-it_bs16_top5_s42,8cp0i36r
GLUE,SST2,google/gemma-1.1-7b-it,StablePrompt-PPO(cs=0),True,0.0,10.0,,,,,1.0,,,,,100.0,32.0,16.0,4.0,199.0,92.77523159980774,12800.0,,872.0,7220800.0,,,,31.75,42.0,GFB_TC,gemma-1.1-7b-it_TO_gemma-1.1-7b-it_bs16_top5_s42,yfxn6rcx
GLUE,SST2,google/gemma-1.1-7b-it,StablePrompt-PPO(cs=0),True,0.0,10.0,,,,,1.0,,,,,100.0,32.0,16.0,4.0,199.0,87.9587173461914,12800.0,,872.0,7054400.0,,,,30.58,666.0,GFB_TC,gemma-1.1-7b-it_TO_gemma-1.1-7b-it_bs16_top5_s666,gb5a03z7
GLUE,SST2,google/gemma-1.1-7b-it,StablePrompt-PPO(cs=0.1),True,0.1,10.0,,,,,1.0,,,,,100.0,32.0,16.0,4.0,199.0,90.71100950241087,12800.0,,872.0,7427200.0,,,,18.83,3.0,GFB_TC,gemma-1.1-7b-it_TO_gemma-1.1-7b-it_s3_cs0.1_bs16_top5,8a1j1qz9
GLUE,SST2,google/gemma-1.1-7b-it,StablePrompt-PPO(cs=0.1),True,0.1,10.0,,,,,1.0,,,,,100.0,32.0,16.0,4.0,199.0,89.90825414657593,12800.0,,872.0,7220800.0,,,,32.72,42.0,GFB_TC,gemma-1.1-7b-it_TO_gemma-1.1-7b-it_bs16_top5_s42,r6d8qcje
GLUE,SST2,google/gemma-1.1-7b-it,StablePrompt-PPO(cs=0.1),True,0.1,10.0,,,,,1.0,,,,,100.0,32.0,16.0,4.0,199.0,89.90825414657593,12800.0,,872.0,7220800.0,,,,32.2,42.0,GFB_TC,gemma-1.1-7b-it_TO_gemma-1.1-7b-it_bs16_top5_s42,jbugnzc8
GLUE,SST2,google/gemma-1.1-7b-it,StablePrompt-PPO(cs=0.1),True,0.1,10.0,,,,,1.0,,,,,100.0,32.0,16.0,4.0,199.0,87.9587173461914,12800.0,,872.0,7054400.0,,,,31.03,666.0,GFB_TC,gemma-1.1-7b-it_TO_gemma-1.1-7b-it_s666_cs0.1_bs16_top5,ik1s0zys
GLUE,SST2,google/gemma-1.1-7b-it,Unknown,True,0.1,10.0,,,,,1.0,,,,,100.0,,16.0,,,91.62843823432922,,,872.0,0.0,,,,37.22,,algprompt_classification_sst2,classification_sst2_google/gemma-1.1-7b-it_google/gemma-1.1-7b-it,hxxqjxon
GLUE,SST2,google/gemma-1.1-7b-it,Unknown,True,0.1,10.0,,,,,1.0,,,,,100.0,,16.0,,,93.11926364898682,,,872.0,0.0,,,,20.98,,algprompt_classification_sst2,classification_sst2_google/gemma-1.1-7b-it_google/gemma-1.1-7b-it,gr6jxsk8
GLUE,SST2,google/gemma-3-1b-it,Unknown,True,0.1,10.0,,,,,1.0,,,,,100.0,,16.0,,,49.08256828784942,,,872.0,0.0,,,,28.47,,algprompt_classification_sst2,classification_sst2_google/gemma-3-1b-it_FacebookAI/xlm-roberta-large,3t4b3gya
GLUE,SST2,google/gemma-3-1b-it,Unknown,True,0.1,10.0,,,,,1.0,,,,,100.0,,16.0,,,86.46789193153381,,,872.0,0.0,,,,17.85,,algprompt_classification_sst2,classification_sst2_google/gemma-3-1b-it_google/gemma-3-1b-it,lqlqnxls
GLUE,SST2,jingyaogong/MiniMind2,AlgPrompt,False,,,,,,,1.0,,,,,100.0,,4.0,4.0,,56.19266033172608,,,20.0,,,,,6.35,,algprompt_classification_sst2,classification_sst2_jingyaogong/MiniMind2_google/gemma-3-1b-it,x5jgrbi7
GLUE,SST2,jingyaogong/MiniMind2,AlgPrompt,False,,,,,,,1.0,,,,,100.0,,16.0,4.0,,49.08256828784942,,,20.0,,,,,22.97,,algprompt_classification_sst2,classification_sst2_jingyaogong/MiniMind2_jingyaogong/MiniMind2,4h0gv2s0
GLUE,SST2,jingyaogong/MiniMind2,AlgPrompt,False,,,,,,,1.0,,,,,100.0,,16.0,4.0,,49.08256828784942,,,20.0,,,,,22.37,,algprompt_classification_sst2,classification_sst2_jingyaogong/MiniMind2_jingyaogong/MiniMind2,v5w9rs99
MMLU,ABSTRACT_ALGEBRA,Qwen/Qwen3-0.6B,AlgPrompt,False,,,,,,,1.0,,,,,30.0,,4.0,3.0,,27.0000010728836,,,20.0,,,,,27.88,,mmlu,abstract_algebrameta_changeQwen/Qwen3-0.6B_google/gemma-3-1b-it,iouhuf0k
MMLU,ABSTRACT_ALGEBRA,Qwen/Qwen3-0.6B,AlgPrompt,False,,,,,,,1.0,,,,,30.0,,4.0,3.0,,25.99999904632568,,,20.0,,,,,7.1,,mmlu,abstract_algebrameta_changeQwen/Qwen3-0.6B_google/gemma-3-1b-it,wh0pfaag
MMLU,ABSTRACT_ALGEBRA,Qwen/Qwen3-0.6B,AlgPrompt,False,,,,,,,1.0,,,,,30.0,,4.0,3.0,,30.00000119209289,,,20.0,,,,,8.3,,mmlu,abstract_algebrameta_changeQwen/Qwen3-0.6B_google/gemma-3-1b-it,rgpfydsc
MMLU,ABSTRACT_ALGEBRA,Qwen/Qwen3-0.6B-Base,AlgPrompt,False,,,,,,,1.0,,,,,30.0,,4.0,3.0,,21.99999988079071,,,20.0,,,,,1.72,,mmlu,abstract_algebrameta_changeQwen/Qwen3-0.6B-Base_google/gemma-3-1b-it,a9pyqcmf
MMLU,ABSTRACT_ALGEBRA,google/gemma-1.1-7b-it,AlgPrompt,False,,,,,,,1.0,,,,,30.0,,4.0,3.0,,31.999999284744263,,,,,,,,6.5,42.0,mmlu,abstract_algebrameta_changegoogle/gemma-1.1-7b-it_google/gemma-1.1-7b-it,ds23iye2
MMLU,ABSTRACT_ALGEBRA,google/gemma-1.1-7b-it,AlgPrompt,False,,,,,,,1.0,,,,,30.0,,4.0,3.0,,33.00000131130218,,,,,,,,4.33,42.0,mmlu,abstract_algebrameta_changegoogle/gemma-1.1-7b-it_google/gemma-1.1-7b-it,m3ph287v
MMLU,ABSTRACT_ALGEBRA,google/gemma-1.1-7b-it,AlgPrompt,False,,,,,,,1.0,,,,,30.0,,4.0,3.0,,34.99999940395355,,,,,,,,5.32,42.0,mmlu,abstract_algebrameta_changegoogle/gemma-1.1-7b-it_google/gemma-1.1-7b-it,hho995yk
MMLU,ABSTRACT_ALGEBRA,google/gemma-1.1-7b-it,AlgPrompt,False,,,,,,,1.0,,,,,30.0,,4.0,3.0,,36.00000143051147,,,20.0,,,,,5.43,,mmlu,abstract_algebrameta_changegoogle/gemma-1.1-7b-it_google/gemma-1.1-7b-it,vyjkrrgm
MMLU,ABSTRACT_ALGEBRA,google/gemma-1.1-7b-it,AlgPrompt,False,,,,,,,1.0,,,,,30.0,,4.0,3.0,,31.00000023841858,,,20.0,,,,,5.53,,mmlu,abstract_algebrameta_changegoogle/gemma-1.1-7b-it_google/gemma-1.1-7b-it,w0nxue9l
MMLU,ABSTRACT_ALGEBRA,google/gemma-1.1-7b-it,StablePrompt-PPO(cs=0),True,0.0,10.0,,,,,1.0,,,,,30.0,5.0,5.0,4.0,29.0,31.999999284744263,600.0,,100.0,316350.0,,,,4.42,3.0,GFB_QA,gemma-1.1-7b-it_TO_gemma-1.1-7b-it_s3_bs5_top5,1mvbx7nz
MMLU,ABSTRACT_ALGEBRA,google/gemma-1.1-7b-it,StablePrompt-PPO(cs=0),True,0.0,10.0,,,,,1.0,,,,,30.0,5.0,5.0,4.0,29.0,31.00000023841858,600.0,,100.0,329850.0,,,,4.27,42.0,GFB_QA,gemma-1.1-7b-it_TO_gemma-1.1-7b-it_s42_bs5_top5,idb2logj
MMLU,ABSTRACT_ALGEBRA,google/gemma-1.1-7b-it,StablePrompt-PPO(cs=0.05),True,0.05,3.0,,,,,1.0,,,,,30.0,5.0,5.0,4.0,29.0,34.00000035762787,600.0,,100.0,318000.0,,,,2.43,42.0,GFB_QA,gemma-1.1-7b-it_TO_gemma-1.1-7b-it_s42_bs5_top5,4cumdblz
MMLU,ABSTRACT_ALGEBRA,google/gemma-1.1-7b-it,StablePrompt-PPO(cs=0.05),True,0.05,3.0,,,,,1.0,,,,,30.0,5.0,4.0,4.0,59.0,33.00000131130218,960.0,,100.0,398400.0,,,,4.1,42.0,GFB_QA,gemma-1.1-7b-it_TO_gemma-1.1-7b-it_s42_bs4_top5,wzpg5dqm
MMLU,ABSTRACT_ALGEBRA,google/gemma-1.1-7b-it,StablePrompt-PPO(cs=0.1),True,0.1,10.0,,,,,1.0,,,,,30.0,5.0,5.0,4.0,29.0,36.00000143051147,600.0,,100.0,329850.0,,,,4.27,42.0,GFB_QA,gemma-1.1-7b-it_TO_gemma-1.1-7b-it_s42_bs5_top5,vt9nbbf3
MMLU,ABSTRACT_ALGEBRA,google/gemma-3-1b-it,AlgPrompt,False,,,,,,,1.0,,,,,30.0,,4.0,3.0,,25.99999904632568,,,20.0,,,,,17.45,,mmlu,abstract_algebrameta_changegoogle/gemma-3-1b-it_google/gemma-3-1b-it,fja0l50u
MMLU,ABSTRACT_ALGEBRA,jingyaogong/MiniMind2,AlgPrompt,False,,,,,,,1.0,,,,,30.0,,4.0,3.0,,28.00000011920929,,,20.0,,,,,2.77,,mmlu,abstract_algebrameta_changejingyaogong/MiniMind2_jingyaogong/MiniMind2,x95ffpjg
MMLU,ABSTRACT_ALGEBRA,jingyaogong/MiniMind2,AlgPrompt,False,,,,,,,1.0,,,,,30.0,,4.0,3.0,,34.00000035762787,,,20.0,,,,,1.63,,mmlu,abstract_algebrameta_changejingyaogong/MiniMind2_jingyaogong/MiniMind2,1opift77
MMLU,ABSTRACT_ALGEBRA,jingyaogong/MiniMind2,AlgPrompt,False,,,,,,,1.0,,,,,30.0,,4.0,3.0,,34.00000035762787,,,20.0,,,,,4.7,,mmlu,abstract_algebrameta_changejingyaogong/MiniMind2_jingyaogong/MiniMind2,o3ht9her
MMLU,ANATOMY,Qwen/Qwen3-0.6B,AlgPrompt,False,,,,,,,1.0,,,,,30.0,,4.0,3.0,,42.96296238899231,,,20.0,,,,,8.12,,mmlu,anatomymeta_changeQwen/Qwen3-0.6B_google/gemma-3-1b-it,ja5n9lv2
MMLU,ANATOMY,Qwen/Qwen3-0.6B,AlgPrompt,False,,,,,,,1.0,,,,,30.0,,4.0,3.0,,42.2222226858139,,,20.0,,,,,7.2,,mmlu,anatomymeta_changeQwen/Qwen3-0.6B_google/gemma-3-1b-it,llmo66dc
MMLU,ANATOMY,Qwen/Qwen3-0.6B-Base,AlgPrompt,False,,,,,,,1.0,,,,,30.0,,4.0,3.0,,39.2592579126358,,,20.0,,,,,8.15,,mmlu,anatomymeta_changeQwen/Qwen3-0.6B-Base_google/gemma-3-1b-it,hfluz11f
MMLU,ANATOMY,google/gemma-1.1-7b-it,AlgPrompt,False,,,,,,,1.0,,,,,30.0,,4.0,3.0,,51.85185074806213,,,,,,,,4.87,42.0,mmlu,anatomymeta_changegoogle/gemma-1.1-7b-it_google/gemma-1.1-7b-it,935v09wh
MMLU,ANATOMY,google/gemma-1.1-7b-it,AlgPrompt,False,,,,,,,1.0,,,,,30.0,,4.0,3.0,,54.81481552124024,,,,,,,,4.23,42.0,mmlu,anatomymeta_changegoogle/gemma-1.1-7b-it_google/gemma-1.1-7b-it,stgzjyl7
MMLU,ANATOMY,google/gemma-1.1-7b-it,AlgPrompt,False,,,,,,,1.0,,,,,30.0,,4.0,3.0,,54.07407283782959,,,,,,,,2.9,42.0,mmlu,anatomymeta_changegoogle/gemma-1.1-7b-it_google/gemma-1.1-7b-it,exr96f6h
MMLU,ANATOMY,google/gemma-1.1-7b-it,AlgPrompt,False,,,,,,,1.0,,,,,30.0,,4.0,3.0,,53.33333611488342,,,20.0,,,,,6.22,,mmlu,anatomymeta_changegoogle/gemma-1.1-7b-it_google/gemma-1.1-7b-it,l3kt3owb
MMLU,ANATOMY,google/gemma-1.1-7b-it,AlgPrompt,False,,,,,,,1.0,,,,,30.0,,4.0,3.0,,52.59259343147278,,,20.0,,,,,6.03,,mmlu,anatomymeta_changegoogle/gemma-1.1-7b-it_google/gemma-1.1-7b-it,te42h38z
MMLU,ANATOMY,google/gemma-1.1-7b-it,StablePrompt-PPO(cs=0),True,0.0,10.0,,,,,1.0,,,,,30.0,5.0,5.0,4.0,29.0,51.11111402511597,600.0,,135.0,198300.0,,,,4.38,3.0,GFB_QA,gemma-1.1-7b-it_TO_gemma-1.1-7b-it_s3_bs5_top5,i8pwlpik
MMLU,ANATOMY,google/gemma-1.1-7b-it,StablePrompt-PPO(cs=0),True,0.0,10.0,,,,,1.0,,,,,30.0,5.0,5.0,4.0,29.0,54.81481552124024,600.0,,135.0,224400.0,,,,4.58,42.0,GFB_QA,gemma-1.1-7b-it_TO_gemma-1.1-7b-it_s42_bs5_top5,6ffo0w6o
MMLU,ANATOMY,google/gemma-1.1-7b-it,StablePrompt-PPO(cs=0.05),True,0.05,3.0,,,,,1.0,,,,,30.0,5.0,5.0,4.0,29.0,51.11111402511597,600.0,,135.0,306600.0,,,,2.62,42.0,GFB_QA,gemma-1.1-7b-it_TO_gemma-1.1-7b-it_s42_bs5_top5,3z3v5bbz
MMLU,ANATOMY,google/gemma-1.1-7b-it,StablePrompt-PPO(cs=0.05),True,0.05,3.0,,,,,1.0,,,,,30.0,5.0,4.0,4.0,59.0,55.55555820465088,960.0,,135.0,392280.0,,,,4.38,42.0,GFB_QA,gemma-1.1-7b-it_TO_gemma-1.1-7b-it_s42_bs4_top5,xak3hkdf
MMLU,ANATOMY,google/gemma-1.1-7b-it,StablePrompt-PPO(cs=0.1),True,0.1,10.0,,,,,1.0,,,,,30.0,5.0,5.0,4.0,29.0,54.81481552124024,600.0,,135.0,224400.0,,,,4.62,42.0,GFB_QA,gemma-1.1-7b-it_TO_gemma-1.1-7b-it_s42_bs5_top5,wp7qa3zq
MMLU,ANATOMY,google/gemma-3-1b-it,AlgPrompt,False,,,,,,,1.0,,,,,30.0,,4.0,3.0,,40.00000059604645,,,20.0,,,,,1.48,,mmlu,anatomymeta_changegoogle/gemma-3-1b-it_google/gemma-3-1b-it,14s19zs3
MMLU,ANATOMY,jingyaogong/MiniMind2,AlgPrompt,False,,,,,,,1.0,,,,,30.0,,4.0,3.0,,24.44444447755813,,,20.0,,,,,3.05,,mmlu,anatomymeta_changejingyaogong/MiniMind2_jingyaogong/MiniMind2,m0aym0cu
MMLU,ANATOMY,jingyaogong/MiniMind2,AlgPrompt,False,,,,,,,1.0,,,,,30.0,,4.0,3.0,,25.92592537403106,,,20.0,,,,,1.95,,mmlu,anatomymeta_changejingyaogong/MiniMind2_jingyaogong/MiniMind2,5zitofuv
MMLU,ANATOMY,jingyaogong/MiniMind2,AlgPrompt,False,,,,,,,1.0,,,,,30.0,,4.0,3.0,,22.9629635810852,,,20.0,,,,,5.57,,mmlu,anatomymeta_changejingyaogong/MiniMind2_jingyaogong/MiniMind2,yn6h1bki
MMLU,ASTRONOMY,Qwen/Qwen3-0.6B-Base,AlgPrompt,False,,,,,,,1.0,,,,,30.0,,4.0,3.0,,39.47368562221527,,,20.0,,,,,11.32,,mmlu,astronomymeta_changeQwen/Qwen3-0.6B-Base_google/gemma-3-1b-it,lrfcmeqr
MMLU,ASTRONOMY,google/gemma-1.1-7b-it,AlgPrompt,False,,,,,,,1.0,,,,,30.0,,4.0,3.0,,61.84210777282715,,,,,,,,5.75,42.0,mmlu,astronomymeta_changegoogle/gemma-1.1-7b-it_google/gemma-1.1-7b-it,f4a7z2ht
MMLU,ASTRONOMY,google/gemma-1.1-7b-it,AlgPrompt,False,,,,,,,1.0,,,,,30.0,,4.0,3.0,,60.52631735801697,,,,,,,,4.57,42.0,mmlu,astronomymeta_changegoogle/gemma-1.1-7b-it_google/gemma-1.1-7b-it,bt6zyhjy
MMLU,ASTRONOMY,google/gemma-1.1-7b-it,AlgPrompt,False,,,,,,,1.0,,,,,30.0,,4.0,3.0,,61.18420958518982,,,,,,,,3.05,42.0,mmlu,astronomymeta_changegoogle/gemma-1.1-7b-it_google/gemma-1.1-7b-it,xh2xhkj4
MMLU,ASTRONOMY,google/gemma-1.1-7b-it,AlgPrompt,False,,,,,,,1.0,,,,,30.0,,4.0,3.0,,57.894736528396606,,,20.0,,,,,6.72,,mmlu,astronomymeta_changegoogle/gemma-1.1-7b-it_google/gemma-1.1-7b-it,opb2ryoe
MMLU,ASTRONOMY,google/gemma-1.1-7b-it,AlgPrompt,False,,,,,,,1.0,,,,,30.0,,4.0,3.0,,62.5,,,20.0,,,,,6.77,,mmlu,astronomymeta_changegoogle/gemma-1.1-7b-it_google/gemma-1.1-7b-it,i34s22ug
MMLU,ASTRONOMY,google/gemma-1.1-7b-it,StablePrompt-PPO(cs=0),True,0.0,10.0,,,,,1.0,,,,,30.0,5.0,5.0,4.0,29.0,58.55262875556946,600.0,,152.0,395250.0,,,,4.93,3.0,GFB_QA,gemma-1.1-7b-it_TO_gemma-1.1-7b-it_s3_bs5_top5,43d82g96
MMLU,ASTRONOMY,google/gemma-1.1-7b-it,StablePrompt-PPO(cs=0),True,0.0,10.0,,,,,1.0,,,,,30.0,5.0,5.0,4.0,29.0,50.0,600.0,,152.0,184950.0,,,,4.95,42.0,GFB_QA,gemma-1.1-7b-it_TO_gemma-1.1-7b-it_s42_bs5_top5,vw5be5bo
MMLU,ASTRONOMY,google/gemma-1.1-7b-it,StablePrompt-PPO(cs=0.05),True,0.05,3.0,,,,,1.0,,,,,30.0,5.0,5.0,4.0,29.0,50.65789222717285,600.0,,152.0,316800.0,,,,2.7,42.0,GFB_QA,gemma-1.1-7b-it_TO_gemma-1.1-7b-it_s42_bs5_top5,s52hrvwn
MMLU,ASTRONOMY,google/gemma-1.1-7b-it,StablePrompt-PPO(cs=0.05),True,0.05,3.0,,,,,1.0,,,,,30.0,5.0,4.0,4.0,59.0,50.0,960.0,,152.0,487080.0,,,,4.38,42.0,GFB_QA,gemma-1.1-7b-it_TO_gemma-1.1-7b-it_s42_bs4_top5,e4bh0d1k
MMLU,ASTRONOMY,google/gemma-1.1-7b-it,StablePrompt-PPO(cs=0.1),True,0.1,10.0,,,,,1.0,,,,,30.0,5.0,5.0,4.0,29.0,50.0,600.0,,152.0,184950.0,,,,4.95,42.0,GFB_QA,gemma-1.1-7b-it_TO_gemma-1.1-7b-it_s42_bs5_top5,x8iokfag
MMLU,ASTRONOMY,google/gemma-3-1b-it,AlgPrompt,False,,,,,,,1.0,,,,,30.0,,4.0,3.0,,41.447368264198296,,,20.0,,,,,3.28,,mmlu,astronomymeta_changegoogle/gemma-3-1b-it_google/gemma-3-1b-it,bku146gf
MMLU,ASTRONOMY,jingyaogong/MiniMind2,AlgPrompt,False,,,,,,,1.0,,,,,30.0,,4.0,3.0,,28.28947305679321,,,20.0,,,,,3.32,,mmlu,astronomymeta_changejingyaogong/MiniMind2_jingyaogong/MiniMind2,tsozqvjd
MMLU,ASTRONOMY,jingyaogong/MiniMind2,AlgPrompt,False,,,,,,,1.0,,,,,30.0,,4.0,3.0,,28.947368264198296,,,20.0,,,,,2.58,,mmlu,astronomymeta_changejingyaogong/MiniMind2_jingyaogong/MiniMind2,qw0u5qaf
MMLU,ASTRONOMY,jingyaogong/MiniMind2,AlgPrompt,False,,,,,,,1.0,,,,,30.0,,4.0,3.0,,28.947368264198296,,,20.0,,,,,6.02,,mmlu,astronomymeta_changejingyaogong/MiniMind2_jingyaogong/MiniMind2,cnp5gji0
MMLU,BUSINESS_ETHICS,Qwen/Qwen3-0.6B-Base,AlgPrompt,False,,,,,,,1.0,,,,,30.0,,4.0,3.0,,36.00000143051147,,,20.0,,,,,7.1,,mmlu,business_ethicsmeta_changeQwen/Qwen3-0.6B-Base_google/gemma-3-1b-it,l884iiot
MMLU,BUSINESS_ETHICS,google/gemma-1.1-7b-it,AlgPrompt,False,,,,,,,1.0,,,,,30.0,,4.0,3.0,,55.000001192092896,,,,,,,,3.68,42.0,mmlu,business_ethicsmeta_changegoogle/gemma-1.1-7b-it_google/gemma-1.1-7b-it,gcwg00xd
MMLU,BUSINESS_ETHICS,google/gemma-1.1-7b-it,AlgPrompt,False,,,,,,,1.0,,,,,30.0,,4.0,3.0,,55.000001192092896,,,,,,,,2.62,42.0,mmlu,business_ethicsmeta_changegoogle/gemma-1.1-7b-it_google/gemma-1.1-7b-it,ljatv6s0
MMLU,BUSINESS_ETHICS,google/gemma-1.1-7b-it,AlgPrompt,False,,,,,,,1.0,,,,,30.0,,4.0,3.0,,54.00000214576721,,,20.0,,,,,5.6,,mmlu,business_ethicsmeta_changegoogle/gemma-1.1-7b-it_google/gemma-1.1-7b-it,l5ywecmk
MMLU,BUSINESS_ETHICS,google/gemma-1.1-7b-it,AlgPrompt,False,,,,,,,1.0,,,,,30.0,,4.0,3.0,,54.00000214576721,,,20.0,,,,,5.55,,mmlu,business_ethicsmeta_changegoogle/gemma-1.1-7b-it_google/gemma-1.1-7b-it,yjukp10v
MMLU,BUSINESS_ETHICS,google/gemma-1.1-7b-it,StablePrompt-PPO(cs=0),True,0.0,10.0,,,,,1.0,,,,,30.0,5.0,5.0,4.0,29.0,56.99999928474426,600.0,,100.0,341700.0,,,,4.55,3.0,GFB_QA,gemma-1.1-7b-it_TO_gemma-1.1-7b-it_s3_bs5_top5,gtoqmzyo
MMLU,BUSINESS_ETHICS,google/gemma-1.1-7b-it,StablePrompt-PPO(cs=0),True,0.0,10.0,,,,,1.0,,,,,30.0,5.0,5.0,4.0,29.0,52.99999713897705,600.0,,100.0,421950.0,,,,4.53,42.0,GFB_QA,gemma-1.1-7b-it_TO_gemma-1.1-7b-it_s42_bs5_top5,as2imu5n
MMLU,BUSINESS_ETHICS,google/gemma-1.1-7b-it,StablePrompt-PPO(cs=0.05),True,0.05,3.0,,,,,1.0,,,,,30.0,5.0,5.0,4.0,29.0,51.99999809265137,600.0,,100.0,388350.0,,,,2.62,42.0,GFB_QA,gemma-1.1-7b-it_TO_gemma-1.1-7b-it_s42_bs5_top5,7ewzj49u
MMLU,BUSINESS_ETHICS,google/gemma-1.1-7b-it,StablePrompt-PPO(cs=0.05),True,0.05,3.0,,,,,1.0,,,,,30.0,5.0,4.0,4.0,59.0,52.99999713897705,960.0,,100.0,506280.0,,,,4.48,42.0,GFB_QA,gemma-1.1-7b-it_TO_gemma-1.1-7b-it_s42_bs4_top5,uq14l3v3
MMLU,BUSINESS_ETHICS,google/gemma-1.1-7b-it,StablePrompt-PPO(cs=0.1),True,0.1,10.0,,,,,1.0,,,,,30.0,5.0,5.0,4.0,29.0,55.000001192092896,600.0,,100.0,421950.0,,,,4.57,42.0,GFB_QA,gemma-1.1-7b-it_TO_gemma-1.1-7b-it_s42_bs5_top5,twsag6lw
MMLU,BUSINESS_ETHICS,google/gemma-3-1b-it,AlgPrompt,False,,,,,,,1.0,,,,,30.0,,4.0,3.0,,40.00000059604645,,,20.0,,,,,10.97,,mmlu,business_ethicsmeta_changegoogle/gemma-3-1b-it_google/gemma-3-1b-it,ta3xq49z
MMLU,BUSINESS_ETHICS,jingyaogong/MiniMind2,AlgPrompt,False,,,,,,,1.0,,,,,30.0,,4.0,3.0,,30.00000119209289,,,20.0,,,,,2.6,,mmlu,business_ethicsmeta_changejingyaogong/MiniMind2_jingyaogong/MiniMind2,85scurfs
MMLU,BUSINESS_ETHICS,jingyaogong/MiniMind2,AlgPrompt,False,,,,,,,1.0,,,,,30.0,,4.0,3.0,,30.00000119209289,,,20.0,,,,,3.3,,mmlu,business_ethicsmeta_changejingyaogong/MiniMind2_jingyaogong/MiniMind2,5pfi9e6t
MMLU,BUSINESS_ETHICS,jingyaogong/MiniMind2,AlgPrompt,False,,,,,,,1.0,,,,,30.0,,4.0,3.0,,28.99999916553497,,,20.0,,,,,4.82,,mmlu,business_ethicsmeta_changejingyaogong/MiniMind2_jingyaogong/MiniMind2,ct39kb23
MMLU,CLINICAL_KNOWLEDGE,Qwen/Qwen3-0.6B-Base,AlgPrompt,False,,,,,,,1.0,,,,,30.0,,4.0,3.0,,44.15094256401062,,,20.0,,,,,5.9,,mmlu,clinical_knowledgemeta_changeQwen/Qwen3-0.6B-Base_google/gemma-3-1b-it,qqw6ds1y
MMLU,CLINICAL_KNOWLEDGE,google/gemma-1.1-7b-it,AlgPrompt,False,,,,,,,1.0,,,,,30.0,,4.0,3.0,,60.75471639633179,,,,,,,,6.18,42.0,mmlu,clinical_knowledgemeta_changegoogle/gemma-1.1-7b-it_google/gemma-1.1-7b-it,k46se5w5
MMLU,CLINICAL_KNOWLEDGE,google/gemma-1.1-7b-it,AlgPrompt,False,,,,,,,1.0,,,,,30.0,,4.0,3.0,,56.98113441467285,,,,,,,,4.03,42.0,mmlu,clinical_knowledgemeta_changegoogle/gemma-1.1-7b-it_google/gemma-1.1-7b-it,ui150pgf
MMLU,CLINICAL_KNOWLEDGE,google/gemma-1.1-7b-it,AlgPrompt,False,,,,,,,1.0,,,,,30.0,,4.0,3.0,,60.37735939025879,,,20.0,,,,,8.63,,mmlu,clinical_knowledgemeta_changegoogle/gemma-1.1-7b-it_google/gemma-1.1-7b-it,s7z1ls5s
MMLU,CLINICAL_KNOWLEDGE,google/gemma-1.1-7b-it,AlgPrompt,False,,,,,,,1.0,,,,,30.0,,4.0,3.0,,61.88679337501526,,,20.0,,,,,8.58,,mmlu,clinical_knowledgemeta_changegoogle/gemma-1.1-7b-it_google/gemma-1.1-7b-it,epforthd
MMLU,CLINICAL_KNOWLEDGE,google/gemma-1.1-7b-it,StablePrompt-PPO(cs=0),True,0.0,10.0,,,,,1.0,,,,,30.0,5.0,5.0,4.0,29.0,54.71698045730591,600.0,,265.0,263700.0,,,,5.23,3.0,GFB_QA,gemma-1.1-7b-it_TO_gemma-1.1-7b-it_s3_bs5_top5,zesfotys
MMLU,CLINICAL_KNOWLEDGE,google/gemma-1.1-7b-it,StablePrompt-PPO(cs=0),True,0.0,10.0,,,,,1.0,,,,,30.0,5.0,5.0,4.0,29.0,52.83018946647644,600.0,,265.0,211350.0,,,,5.33,42.0,GFB_QA,gemma-1.1-7b-it_TO_gemma-1.1-7b-it_s42_bs5_top5,tut9lfgt
MMLU,CLINICAL_KNOWLEDGE,google/gemma-1.1-7b-it,StablePrompt-PPO(cs=0.05),True,0.05,3.0,,,,,1.0,,,,,30.0,5.0,5.0,4.0,29.0,52.07546949386597,600.0,,265.0,332700.0,,,,2.97,42.0,GFB_QA,gemma-1.1-7b-it_TO_gemma-1.1-7b-it_s42_bs5_top5,lbta79z1
MMLU,CLINICAL_KNOWLEDGE,google/gemma-1.1-7b-it,StablePrompt-PPO(cs=0.05),True,0.05,3.0,,,,,1.0,,,,,30.0,5.0,4.0,4.0,59.0,59.24528241157532,960.0,,265.0,519840.0,,,,4.68,42.0,GFB_QA,gemma-1.1-7b-it_TO_gemma-1.1-7b-it_s42_bs4_top5,eqaql33y
MMLU,CLINICAL_KNOWLEDGE,google/gemma-1.1-7b-it,StablePrompt-PPO(cs=0.1),True,0.1,10.0,,,,,1.0,,,,,30.0,5.0,5.0,4.0,29.0,52.83018946647644,600.0,,265.0,211350.0,,,,5.3,42.0,GFB_QA,gemma-1.1-7b-it_TO_gemma-1.1-7b-it_s42_bs5_top5,y7vfr46f
MMLU,CLINICAL_KNOWLEDGE,google/gemma-3-1b-it,AlgPrompt,False,,,,,,,1.0,,,,,30.0,,4.0,3.0,,43.01886856555938,,,20.0,,,,,3.03,,mmlu,clinical_knowledgemeta_changegoogle/gemma-3-1b-it_google/gemma-3-1b-it,bzipow2x
MMLU,CLINICAL_KNOWLEDGE,jingyaogong/MiniMind2,AlgPrompt,False,,,,,,,1.0,,,,,30.0,,4.0,3.0,,28.301885724067688,,,20.0,,,,,2.42,,mmlu,clinical_knowledgemeta_changejingyaogong/MiniMind2_jingyaogong/MiniMind2,ndz7uy8k
MMLU,CLINICAL_KNOWLEDGE,jingyaogong/MiniMind2,AlgPrompt,False,,,,,,,1.0,,,,,30.0,,4.0,3.0,,27.92452871799469,,,20.0,,,,,5.07,,mmlu,clinical_knowledgemeta_changejingyaogong/MiniMind2_jingyaogong/MiniMind2,kd2hnnld
MMLU,CLINICAL_KNOWLEDGE,jingyaogong/MiniMind2,AlgPrompt,False,,,,,,,1.0,,,,,30.0,,4.0,3.0,,27.54716873168945,,,20.0,,,,,9.13,,mmlu,clinical_knowledgemeta_changejingyaogong/MiniMind2_jingyaogong/MiniMind2,s7amuh23
MMLU,COLLEGE_BIOLOGY,Qwen/Qwen3-0.6B-Base,AlgPrompt,False,,,,,,,1.0,,,,,30.0,,4.0,3.0,,43.75,,,20.0,,,,,12.97,,mmlu,college_biologymeta_changeQwen/Qwen3-0.6B-Base_google/gemma-3-1b-it,8j8p4mfi
MMLU,COLLEGE_BIOLOGY,google/gemma-1.1-7b-it,AlgPrompt,False,,,,,,,1.0,,,,,30.0,,4.0,3.0,,64.58333134651184,,,,,,,,4.5,42.0,mmlu,college_biologymeta_changegoogle/gemma-1.1-7b-it_google/gemma-1.1-7b-it,y1c844or
MMLU,COLLEGE_BIOLOGY,google/gemma-1.1-7b-it,AlgPrompt,False,,,,,,,1.0,,,,,30.0,,4.0,3.0,,65.97222089767456,,,,,,,,3.02,42.0,mmlu,college_biologymeta_changegoogle/gemma-1.1-7b-it_google/gemma-1.1-7b-it,vokpg9wh
MMLU,COLLEGE_BIOLOGY,google/gemma-1.1-7b-it,AlgPrompt,False,,,,,,,1.0,,,,,30.0,,4.0,3.0,,65.27777910232544,,,20.0,,,,,6.38,,mmlu,college_biologymeta_changegoogle/gemma-1.1-7b-it_google/gemma-1.1-7b-it,i7ko8kq3
MMLU,COLLEGE_BIOLOGY,google/gemma-1.1-7b-it,AlgPrompt,False,,,,,,,1.0,,,,,30.0,,4.0,3.0,,63.88888955116272,,,20.0,,,,,6.38,,mmlu,college_biologymeta_changegoogle/gemma-1.1-7b-it_google/gemma-1.1-7b-it,719fpm3v
MMLU,COLLEGE_BIOLOGY,google/gemma-1.1-7b-it,StablePrompt-PPO(cs=0),True,0.0,10.0,,,,,1.0,,,,,30.0,5.0,5.0,4.0,29.0,63.88888955116272,600.0,,144.0,331500.0,,,,4.83,3.0,GFB_QA,gemma-1.1-7b-it_TO_gemma-1.1-7b-it_s3_bs5_top5,d6z4aria
MMLU,COLLEGE_BIOLOGY,google/gemma-1.1-7b-it,StablePrompt-PPO(cs=0),True,0.0,10.0,,,,,1.0,,,,,30.0,5.0,5.0,4.0,29.0,63.88888955116272,600.0,,144.0,176400.0,,,,4.72,42.0,GFB_QA,gemma-1.1-7b-it_TO_gemma-1.1-7b-it_s42_bs5_top5,x7g90mz1
MMLU,COLLEGE_BIOLOGY,google/gemma-1.1-7b-it,StablePrompt-PPO(cs=0.05),True,0.05,3.0,,,,,1.0,,,,,30.0,5.0,5.0,4.0,29.0,56.94444179534912,600.0,,144.0,205050.0,,,,2.67,42.0,GFB_QA,gemma-1.1-7b-it_TO_gemma-1.1-7b-it_s42_bs5_top5,prnl0ks6
MMLU,COLLEGE_BIOLOGY,google/gemma-1.1-7b-it,StablePrompt-PPO(cs=0.05),True,0.05,3.0,,,,,1.0,,,,,30.0,5.0,4.0,4.0,59.0,67.36111044883728,960.0,,144.0,409680.0,,,,4.47,42.0,GFB_QA,gemma-1.1-7b-it_TO_gemma-1.1-7b-it_s42_bs4_top5,t3rqjjam
MMLU,COLLEGE_BIOLOGY,google/gemma-1.1-7b-it,StablePrompt-PPO(cs=0.1),True,0.1,10.0,,,,,1.0,,,,,30.0,5.0,5.0,4.0,29.0,63.88888955116272,600.0,,144.0,176400.0,,,,4.72,42.0,GFB_QA,gemma-1.1-7b-it_TO_gemma-1.1-7b-it_s42_bs5_top5,f3cggt8f
MMLU,COLLEGE_BIOLOGY,jingyaogong/MiniMind2,AlgPrompt,False,,,,,,,1.0,,,,,30.0,,4.0,3.0,,26.38888955116272,,,20.0,,,,,2.87,,mmlu,college_biologymeta_changejingyaogong/MiniMind2_jingyaogong/MiniMind2,d7e20e8b
MMLU,COLLEGE_BIOLOGY,jingyaogong/MiniMind2,AlgPrompt,False,,,,,,,1.0,,,,,30.0,,4.0,3.0,,25.69444477558136,,,20.0,,,,,5.77,,mmlu,college_biologymeta_changejingyaogong/MiniMind2_jingyaogong/MiniMind2,cei5nt6c
MMLU,COLLEGE_CHEMISTRY,Qwen/Qwen3-0.6B-Base,AlgPrompt,False,,,,,,,1.0,,,,,30.0,,4.0,3.0,,41.99999868869781,,,20.0,,,,,8.03,,mmlu,college_chemistrymeta_changeQwen/Qwen3-0.6B-Base_google/gemma-3-1b-it,lf08ois4
MMLU,COLLEGE_CHEMISTRY,google/gemma-1.1-7b-it,AlgPrompt,False,,,,,,,1.0,,,,,30.0,,4.0,3.0,,36.00000143051147,,,,,,,,3.67,42.0,mmlu,college_chemistrymeta_changegoogle/gemma-1.1-7b-it_google/gemma-1.1-7b-it,k4mxdxb7
MMLU,COLLEGE_CHEMISTRY,google/gemma-1.1-7b-it,AlgPrompt,False,,,,,,,1.0,,,,,30.0,,4.0,3.0,,41.99999868869781,,,,,,,,2.48,42.0,mmlu,college_chemistrymeta_changegoogle/gemma-1.1-7b-it_google/gemma-1.1-7b-it,b428lmha
MMLU,COLLEGE_CHEMISTRY,google/gemma-1.1-7b-it,AlgPrompt,False,,,,,,,1.0,,,,,30.0,,4.0,3.0,,34.99999940395355,,,20.0,,,,,5.62,,mmlu,college_chemistrymeta_changegoogle/gemma-1.1-7b-it_google/gemma-1.1-7b-it,t2a4daw8
MMLU,COLLEGE_CHEMISTRY,google/gemma-1.1-7b-it,AlgPrompt,False,,,,,,,1.0,,,,,30.0,,4.0,3.0,,40.00000059604645,,,20.0,,,,,5.47,,mmlu,college_chemistrymeta_changegoogle/gemma-1.1-7b-it_google/gemma-1.1-7b-it,ks015d43
MMLU,COLLEGE_CHEMISTRY,google/gemma-1.1-7b-it,StablePrompt-PPO(cs=0),True,0.0,10.0,,,,,1.0,,,,,30.0,5.0,5.0,4.0,29.0,50.99999904632568,600.0,,100.0,201750.0,,,,4.5,3.0,GFB_QA,gemma-1.1-7b-it_TO_gemma-1.1-7b-it_s3_bs5_top5,4gv148eh
MMLU,COLLEGE_CHEMISTRY,google/gemma-1.1-7b-it,StablePrompt-PPO(cs=0),True,0.0,10.0,,,,,1.0,,,,,30.0,5.0,5.0,4.0,29.0,49.00000095367432,600.0,,100.0,250200.0,,,,4.63,42.0,GFB_QA,gemma-1.1-7b-it_TO_gemma-1.1-7b-it_s42_bs5_top5,ewnoc61c
MMLU,COLLEGE_CHEMISTRY,google/gemma-1.1-7b-it,StablePrompt-PPO(cs=0.05),True,0.05,3.0,,,,,1.0,,,,,30.0,5.0,5.0,4.0,29.0,49.00000095367432,600.0,,100.0,253200.0,,,,2.5,42.0,GFB_QA,gemma-1.1-7b-it_TO_gemma-1.1-7b-it_s42_bs5_top5,wqeu1d4t
MMLU,COLLEGE_CHEMISTRY,google/gemma-1.1-7b-it,StablePrompt-PPO(cs=0.05),True,0.05,3.0,,,,,1.0,,,,,30.0,5.0,4.0,4.0,59.0,46.99999988079071,960.0,,100.0,507480.0,,,,4.33,42.0,GFB_QA,gemma-1.1-7b-it_TO_gemma-1.1-7b-it_s42_bs4_top5,pgruja29
MMLU,COLLEGE_CHEMISTRY,google/gemma-1.1-7b-it,StablePrompt-PPO(cs=0.1),True,0.1,10.0,,,,,1.0,,,,,30.0,5.0,5.0,4.0,29.0,50.99999904632568,600.0,,100.0,250200.0,,,,4.53,42.0,GFB_QA,gemma-1.1-7b-it_TO_gemma-1.1-7b-it_s42_bs5_top5,cbcknnii
MMLU,COLLEGE_CHEMISTRY,jingyaogong/MiniMind2,AlgPrompt,False,,,,,,,1.0,,,,,30.0,,4.0,3.0,,28.00000011920929,,,20.0,,,,,4.42,,mmlu,college_chemistrymeta_changejingyaogong/MiniMind2_jingyaogong/MiniMind2,75hudv60
MMLU,COLLEGE_COMPUTER_SCIENCE,Qwen/Qwen3-0.6B-Base,AlgPrompt,False,,,,,,,1.0,,,,,30.0,,4.0,3.0,,37.00000047683716,,,20.0,,,,,15.35,,mmlu,college_computer_sciencemeta_changeQwen/Qwen3-0.6B-Base_google/gemma-3-1b-it,3mnwpb63
MMLU,COLLEGE_COMPUTER_SCIENCE,google/gemma-1.1-7b-it,AlgPrompt,False,,,,,,,1.0,,,,,30.0,,4.0,3.0,,40.99999964237213,,,,,,,,4.12,42.0,mmlu,college_computer_sciencemeta_changegoogle/gemma-1.1-7b-it_google/gemma-1.1-7b-it,zw4dj2le
MMLU,COLLEGE_COMPUTER_SCIENCE,google/gemma-1.1-7b-it,AlgPrompt,False,,,,,,,1.0,,,,,30.0,,4.0,3.0,,40.99999964237213,,,,,,,,4.12,42.0,mmlu,college_computer_sciencemeta_changegoogle/gemma-1.1-7b-it_google/gemma-1.1-7b-it,yjknm651
MMLU,COLLEGE_COMPUTER_SCIENCE,google/gemma-1.1-7b-it,AlgPrompt,False,,,,,,,1.0,,,,,30.0,,4.0,3.0,,38.99999856948852,,,,,,,,2.78,42.0,mmlu,college_computer_sciencemeta_changegoogle/gemma-1.1-7b-it_google/gemma-1.1-7b-it,fgpjzkr8
MMLU,COLLEGE_COMPUTER_SCIENCE,google/gemma-1.1-7b-it,AlgPrompt,False,,,,,,,1.0,,,,,30.0,,4.0,3.0,,38.99999856948852,,,20.0,,,,,6.07,,mmlu,college_computer_sciencemeta_changegoogle/gemma-1.1-7b-it_google/gemma-1.1-7b-it,zfc7fxsg
MMLU,COLLEGE_COMPUTER_SCIENCE,google/gemma-1.1-7b-it,AlgPrompt,False,,,,,,,1.0,,,,,30.0,,4.0,3.0,,38.99999856948852,,,20.0,,,,,6.2,,mmlu,college_computer_sciencemeta_changegoogle/gemma-1.1-7b-it_google/gemma-1.1-7b-it,d2k6q89f
MMLU,COLLEGE_COMPUTER_SCIENCE,google/gemma-1.1-7b-it,StablePrompt-PPO(cs=0),True,0.0,10.0,,,,,1.0,,,,,30.0,5.0,5.0,4.0,29.0,40.00000059604645,600.0,,100.0,330450.0,,,,4.82,3.0,GFB_QA,gemma-1.1-7b-it_TO_gemma-1.1-7b-it_s3_bs5_top5,56s33vjg
MMLU,COLLEGE_COMPUTER_SCIENCE,google/gemma-1.1-7b-it,StablePrompt-PPO(cs=0),True,0.0,10.0,,,,,1.0,,,,,30.0,5.0,5.0,4.0,29.0,37.99999952316284,600.0,,100.0,354300.0,,,,5.02,42.0,GFB_QA,gemma-1.1-7b-it_TO_gemma-1.1-7b-it_s42_bs5_top5,6ecety2j
MMLU,COLLEGE_COMPUTER_SCIENCE,google/gemma-1.1-7b-it,StablePrompt-PPO(cs=0.05),True,0.05,3.0,,,,,1.0,,,,,30.0,5.0,5.0,4.0,29.0,36.00000143051147,600.0,,100.0,327300.0,,,,2.7,42.0,GFB_QA,gemma-1.1-7b-it_TO_gemma-1.1-7b-it_s42_bs5_top5,h66c9ykf
MMLU,COLLEGE_COMPUTER_SCIENCE,google/gemma-1.1-7b-it,StablePrompt-PPO(cs=0.05),True,0.05,3.0,,,,,1.0,,,,,30.0,5.0,4.0,4.0,59.0,43.00000071525574,960.0,,100.0,532320.0,,,,4.53,42.0,GFB_QA,gemma-1.1-7b-it_TO_gemma-1.1-7b-it_s42_bs4_top5,kl1pxtyp
MMLU,COLLEGE_COMPUTER_SCIENCE,google/gemma-1.1-7b-it,StablePrompt-PPO(cs=0.1),True,0.1,10.0,,,,,1.0,,,,,30.0,5.0,5.0,4.0,29.0,41.99999868869781,600.0,,100.0,354300.0,,,,5.0,42.0,GFB_QA,gemma-1.1-7b-it_TO_gemma-1.1-7b-it_s42_bs5_top5,9zxz5g68
MMLU,COLLEGE_COMPUTER_SCIENCE,jingyaogong/MiniMind2,AlgPrompt,False,,,,,,,1.0,,,,,30.0,,4.0,3.0,,28.00000011920929,,,20.0,,,,,4.83,,mmlu,college_computer_sciencemeta_changejingyaogong/MiniMind2_jingyaogong/MiniMind2,hrbflt91
MMLU,COLLEGE_MATHEMATICS,Qwen/Qwen3-0.6B-Base,AlgPrompt,False,,,,,,,1.0,,,,,30.0,,4.0,3.0,,34.99999940395355,,,20.0,,,,,1.33,,mmlu,college_mathematicsmeta_changeQwen/Qwen3-0.6B-Base_google/gemma-3-1b-it,vfvqo1kr
MMLU,COLLEGE_MATHEMATICS,google/gemma-1.1-7b-it,AlgPrompt,False,,,,,,,1.0,,,,,30.0,,4.0,3.0,,31.999999284744263,,,,,,,,3.98,42.0,mmlu,college_mathematicsmeta_changegoogle/gemma-1.1-7b-it_google/gemma-1.1-7b-it,abu7wb70
MMLU,COLLEGE_MATHEMATICS,google/gemma-1.1-7b-it,AlgPrompt,False,,,,,,,1.0,,,,,30.0,,4.0,3.0,,31.999999284744263,,,,,,,,3.9,42.0,mmlu,college_mathematicsmeta_changegoogle/gemma-1.1-7b-it_google/gemma-1.1-7b-it,povk0h6f
MMLU,COLLEGE_MATHEMATICS,google/gemma-1.1-7b-it,AlgPrompt,False,,,,,,,1.0,,,,,30.0,,4.0,3.0,,37.00000047683716,,,,,,,,2.68,42.0,mmlu,college_mathematicsmeta_changegoogle/gemma-1.1-7b-it_google/gemma-1.1-7b-it,tdebr732
MMLU,COLLEGE_MATHEMATICS,google/gemma-1.1-7b-it,AlgPrompt,False,,,,,,,1.0,,,,,30.0,,4.0,3.0,,34.00000035762787,,,20.0,,,,,5.82,,mmlu,college_mathematicsmeta_changegoogle/gemma-1.1-7b-it_google/gemma-1.1-7b-it,ec6xa8d1
MMLU,COLLEGE_MATHEMATICS,google/gemma-1.1-7b-it,AlgPrompt,False,,,,,,,1.0,,,,,30.0,,4.0,3.0,,30.00000119209289,,,20.0,,,,,5.72,,mmlu,college_mathematicsmeta_changegoogle/gemma-1.1-7b-it_google/gemma-1.1-7b-it,pb6vgh92
MMLU,COLLEGE_MATHEMATICS,google/gemma-1.1-7b-it,StablePrompt-PPO(cs=0),True,0.0,10.0,,,,,1.0,,,,,30.0,5.0,5.0,4.0,29.0,31.999999284744263,600.0,,100.0,226500.0,,,,4.35,3.0,GFB_QA,gemma-1.1-7b-it_TO_gemma-1.1-7b-it_s3_bs5_top5,btps56ov
MMLU,COLLEGE_MATHEMATICS,google/gemma-1.1-7b-it,StablePrompt-PPO(cs=0),True,0.0,10.0,,,,,1.0,,,,,30.0,5.0,5.0,4.0,29.0,33.00000131130218,600.0,,100.0,201000.0,,,,4.47,42.0,GFB_QA,gemma-1.1-7b-it_TO_gemma-1.1-7b-it_s42_bs5_top5,nsm9ixi8
MMLU,COLLEGE_MATHEMATICS,google/gemma-1.1-7b-it,StablePrompt-PPO(cs=0.05),True,0.05,3.0,,,,,1.0,,,,,30.0,5.0,5.0,4.0,29.0,33.00000131130218,600.0,,100.0,154350.0,,,,2.47,42.0,GFB_QA,gemma-1.1-7b-it_TO_gemma-1.1-7b-it_s42_bs5_top5,pcx4lroi
MMLU,COLLEGE_MATHEMATICS,google/gemma-1.1-7b-it,StablePrompt-PPO(cs=0.05),True,0.05,3.0,,,,,1.0,,,,,30.0,5.0,4.0,4.0,59.0,37.00000047683716,960.0,,100.0,263760.0,,,,4.1,42.0,GFB_QA,gemma-1.1-7b-it_TO_gemma-1.1-7b-it_s42_bs4_top5,p2fe8jrj
MMLU,COLLEGE_MATHEMATICS,google/gemma-1.1-7b-it,StablePrompt-PPO(cs=0.1),True,0.1,10.0,,,,,1.0,,,,,30.0,5.0,5.0,4.0,29.0,33.00000131130218,600.0,,100.0,201000.0,,,,4.45,42.0,GFB_QA,gemma-1.1-7b-it_TO_gemma-1.1-7b-it_s42_bs5_top5,r1yvxc80
MMLU,COLLEGE_MATHEMATICS,jingyaogong/MiniMind2,AlgPrompt,False,,,,,,,1.0,,,,,30.0,,4.0,3.0,,31.999999284744263,,,20.0,,,,,4.77,,mmlu,college_mathematicsmeta_changejingyaogong/MiniMind2_jingyaogong/MiniMind2,o6ktfvat
MMLU,COLLEGE_MEDICINE,Qwen/Qwen3-0.6B-Base,AlgPrompt,False,,,,,,,1.0,,,,,30.0,,4.0,3.0,,39.88439440727234,,,20.0,,,,,44.55,,mmlu,college_medicinemeta_changeQwen/Qwen3-0.6B-Base_google/gemma-3-1b-it,rpwid06w
MMLU,COLLEGE_MEDICINE,google/gemma-1.1-7b-it,AlgPrompt,False,,,,,,,1.0,,,,,30.0,,4.0,3.0,,54.33526039123535,,,,,,,,5.82,42.0,mmlu,college_medicinemeta_changegoogle/gemma-1.1-7b-it_google/gemma-1.1-7b-it,go2gey2z
MMLU,COLLEGE_MEDICINE,google/gemma-1.1-7b-it,AlgPrompt,False,,,,,,,1.0,,,,,30.0,,4.0,3.0,,54.33526039123535,,,,,,,,5.93,42.0,mmlu,college_medicinemeta_changegoogle/gemma-1.1-7b-it_google/gemma-1.1-7b-it,yr1bsyyh
MMLU,COLLEGE_MEDICINE,google/gemma-1.1-7b-it,AlgPrompt,False,,,,,,,1.0,,,,,30.0,,4.0,3.0,,52.02311873435974,,,,,,,,3.75,42.0,mmlu,college_medicinemeta_changegoogle/gemma-1.1-7b-it_google/gemma-1.1-7b-it,sai2xt5c
MMLU,COLLEGE_MEDICINE,google/gemma-1.1-7b-it,AlgPrompt,False,,,,,,,1.0,,,,,30.0,,4.0,3.0,,45.66473960876465,,,20.0,,,,,8.32,,mmlu,college_medicinemeta_changegoogle/gemma-1.1-7b-it_google/gemma-1.1-7b-it,csd7oiyy
MMLU,COLLEGE_MEDICINE,google/gemma-1.1-7b-it,AlgPrompt,False,,,,,,,1.0,,,,,30.0,,4.0,3.0,,46.82081043720245,,,20.0,,,,,8.23,,mmlu,college_medicinemeta_changegoogle/gemma-1.1-7b-it_google/gemma-1.1-7b-it,303azuhi
MMLU,COLLEGE_MEDICINE,google/gemma-1.1-7b-it,StablePrompt-PPO(cs=0),True,0.0,10.0,,,,,1.0,,,,,30.0,5.0,5.0,4.0,29.0,50.28901696205139,600.0,,173.0,275700.0,,,,5.32,3.0,GFB_QA,gemma-1.1-7b-it_TO_gemma-1.1-7b-it_s3_bs5_top5,l3vl9n4k
MMLU,COLLEGE_MEDICINE,google/gemma-1.1-7b-it,StablePrompt-PPO(cs=0),True,0.0,10.0,,,,,1.0,,,,,30.0,5.0,5.0,4.0,29.0,48.5549122095108,600.0,,173.0,352950.0,,,,5.5,42.0,GFB_QA,gemma-1.1-7b-it_TO_gemma-1.1-7b-it_s42_bs5_top5,gaor18aq
MMLU,COLLEGE_MEDICINE,google/gemma-1.1-7b-it,StablePrompt-PPO(cs=0.05),True,0.05,3.0,,,,,1.0,,,,,30.0,5.0,5.0,4.0,29.0,47.97687828540802,600.0,,173.0,325050.0,,,,2.97,42.0,GFB_QA,gemma-1.1-7b-it_TO_gemma-1.1-7b-it_s42_bs5_top5,o5q62s4c
MMLU,COLLEGE_MEDICINE,google/gemma-1.1-7b-it,StablePrompt-PPO(cs=0.05),True,0.05,3.0,,,,,1.0,,,,,30.0,5.0,4.0,4.0,59.0,50.867050886154175,960.0,,173.0,581640.0,,,,4.83,42.0,GFB_QA,gemma-1.1-7b-it_TO_gemma-1.1-7b-it_s42_bs4_top5,19a79vzc
MMLU,COLLEGE_MEDICINE,google/gemma-1.1-7b-it,StablePrompt-PPO(cs=0.1),True,0.1,10.0,,,,,1.0,,,,,30.0,5.0,5.0,4.0,29.0,46.24277353286743,600.0,,173.0,352950.0,,,,5.37,42.0,GFB_QA,gemma-1.1-7b-it_TO_gemma-1.1-7b-it_s42_bs5_top5,1tyhq9ui
MMLU,COLLEGE_MEDICINE,jingyaogong/MiniMind2,AlgPrompt,False,,,,,,,1.0,,,,,30.0,,4.0,3.0,,28.32369804382324,,,20.0,,,,,6.93,,mmlu,college_medicinemeta_changejingyaogong/MiniMind2_jingyaogong/MiniMind2,34oum1d4
MMLU,COLLEGE_PHYSICS,Qwen/Qwen3-0.6B-Base,AlgPrompt,False,,,,,,,1.0,,,,,30.0,,4.0,3.0,,35.29411852359772,,,20.0,,,,,16.12,,mmlu,college_physicsmeta_changeQwen/Qwen3-0.6B-Base_google/gemma-3-1b-it,zj37e1pm
MMLU,COLLEGE_PHYSICS,google/gemma-1.1-7b-it,AlgPrompt,False,,,,,,,1.0,,,,,30.0,,4.0,3.0,,34.3137264251709,,,,,,,,3.98,42.0,mmlu,college_physicsmeta_changegoogle/gemma-1.1-7b-it_google/gemma-1.1-7b-it,uxa8hb1y
MMLU,COLLEGE_PHYSICS,google/gemma-1.1-7b-it,AlgPrompt,False,,,,,,,1.0,,,,,30.0,,4.0,3.0,,34.3137264251709,,,,,,,,3.87,42.0,mmlu,college_physicsmeta_changegoogle/gemma-1.1-7b-it_google/gemma-1.1-7b-it,ur1jxrg5
MMLU,COLLEGE_PHYSICS,google/gemma-1.1-7b-it,AlgPrompt,False,,,,,,,1.0,,,,,30.0,,4.0,3.0,,34.3137264251709,,,,,,,,2.68,42.0,mmlu,college_physicsmeta_changegoogle/gemma-1.1-7b-it_google/gemma-1.1-7b-it,6oeaxn2n
MMLU,COLLEGE_PHYSICS,google/gemma-1.1-7b-it,AlgPrompt,False,,,,,,,1.0,,,,,30.0,,4.0,3.0,,33.33333432674408,,,20.0,,,,,5.78,,mmlu,college_physicsmeta_changegoogle/gemma-1.1-7b-it_google/gemma-1.1-7b-it,vsqpv5bv
MMLU,COLLEGE_PHYSICS,google/gemma-1.1-7b-it,AlgPrompt,False,,,,,,,1.0,,,,,30.0,,4.0,3.0,,39.21568691730499,,,20.0,,,,,5.82,,mmlu,college_physicsmeta_changegoogle/gemma-1.1-7b-it_google/gemma-1.1-7b-it,6xwxanbl
MMLU,COLLEGE_PHYSICS,google/gemma-1.1-7b-it,StablePrompt-PPO(cs=0),True,0.0,10.0,,,,,1.0,,,,,30.0,5.0,5.0,4.0,29.0,30.392158031463616,600.0,,102.0,281550.0,,,,4.72,3.0,GFB_QA,gemma-1.1-7b-it_TO_gemma-1.1-7b-it_s3_bs5_top5,1mq657vm
MMLU,COLLEGE_PHYSICS,google/gemma-1.1-7b-it,StablePrompt-PPO(cs=0),True,0.0,10.0,,,,,1.0,,,,,30.0,5.0,5.0,4.0,29.0,34.3137264251709,600.0,,102.0,265050.0,,,,4.63,42.0,GFB_QA,gemma-1.1-7b-it_TO_gemma-1.1-7b-it_s42_bs5_top5,6nz5m260
MMLU,COLLEGE_PHYSICS,google/gemma-1.1-7b-it,StablePrompt-PPO(cs=0.05),True,0.05,3.0,,,,,1.0,,,,,30.0,5.0,5.0,4.0,29.0,29.4117659330368,600.0,,102.0,304950.0,,,,2.57,42.0,GFB_QA,gemma-1.1-7b-it_TO_gemma-1.1-7b-it_s42_bs5_top5,xqnwi320
MMLU,COLLEGE_PHYSICS,google/gemma-1.1-7b-it,StablePrompt-PPO(cs=0.05),True,0.05,3.0,,,,,1.0,,,,,30.0,5.0,4.0,4.0,59.0,35.29411852359772,960.0,,102.0,387960.0,,,,4.37,42.0,GFB_QA,gemma-1.1-7b-it_TO_gemma-1.1-7b-it_s42_bs4_top5,apihzcat
MMLU,COLLEGE_PHYSICS,google/gemma-1.1-7b-it,StablePrompt-PPO(cs=0.1),True,0.1,10.0,,,,,1.0,,,,,30.0,5.0,5.0,4.0,29.0,34.3137264251709,600.0,,102.0,265050.0,,,,4.62,42.0,GFB_QA,gemma-1.1-7b-it_TO_gemma-1.1-7b-it_s42_bs5_top5,7donr661
MMLU,COLLEGE_PHYSICS,jingyaogong/MiniMind2,AlgPrompt,False,,,,,,,1.0,,,,,30.0,,4.0,3.0,,33.33333432674408,,,20.0,,,,,4.87,,mmlu,college_physicsmeta_changejingyaogong/MiniMind2_jingyaogong/MiniMind2,1perdirv
MMLU,COMPUTER_SECURITY,google/gemma-1.1-7b-it,AlgPrompt,False,,,,,,,1.0,,,,,30.0,,4.0,3.0,,68.99999976158142,,,,,,,,4.03,42.0,mmlu,computer_securitymeta_changegoogle/gemma-1.1-7b-it_google/gemma-1.1-7b-it,hi4i5j43
MMLU,COMPUTER_SECURITY,google/gemma-1.1-7b-it,AlgPrompt,False,,,,,,,1.0,,,,,30.0,,4.0,3.0,,68.99999976158142,,,,,,,,4.1,42.0,mmlu,computer_securitymeta_changegoogle/gemma-1.1-7b-it_google/gemma-1.1-7b-it,11yynh42
MMLU,COMPUTER_SECURITY,google/gemma-1.1-7b-it,AlgPrompt,False,,,,,,,1.0,,,,,30.0,,4.0,3.0,,62.99999952316284,,,,,,,,2.77,42.0,mmlu,computer_securitymeta_changegoogle/gemma-1.1-7b-it_google/gemma-1.1-7b-it,l7krk4lr
MMLU,COMPUTER_SECURITY,google/gemma-1.1-7b-it,AlgPrompt,False,,,,,,,1.0,,,,,30.0,,4.0,3.0,,62.00000047683716,,,20.0,,,,,5.85,,mmlu,computer_securitymeta_changegoogle/gemma-1.1-7b-it_google/gemma-1.1-7b-it,uauwo1fx
MMLU,COMPUTER_SECURITY,google/gemma-1.1-7b-it,AlgPrompt,False,,,,,,,1.0,,,,,30.0,,4.0,3.0,,62.99999952316284,,,20.0,,,,,5.93,,mmlu,computer_securitymeta_changegoogle/gemma-1.1-7b-it_google/gemma-1.1-7b-it,hf4jrgf8
MMLU,COMPUTER_SECURITY,google/gemma-1.1-7b-it,StablePrompt-PPO(cs=0),True,0.0,10.0,,,,,1.0,,,,,30.0,5.0,5.0,4.0,29.0,72.00000286102295,600.0,,100.0,423750.0,,,,4.73,3.0,GFB_QA,gemma-1.1-7b-it_TO_gemma-1.1-7b-it_s3_bs5_top5,67m2re5y
MMLU,COMPUTER_SECURITY,google/gemma-1.1-7b-it,StablePrompt-PPO(cs=0),True,0.0,10.0,,,,,1.0,,,,,30.0,5.0,5.0,4.0,29.0,68.99999976158142,600.0,,100.0,320700.0,,,,4.85,42.0,GFB_QA,gemma-1.1-7b-it_TO_gemma-1.1-7b-it_s42_bs5_top5,tien7e59
MMLU,COMPUTER_SECURITY,google/gemma-1.1-7b-it,StablePrompt-PPO(cs=0.05),True,0.05,3.0,,,,,1.0,,,,,30.0,5.0,5.0,4.0,29.0,67.00000166893005,600.0,,100.0,273900.0,,,,2.63,42.0,GFB_QA,gemma-1.1-7b-it_TO_gemma-1.1-7b-it_s42_bs5_top5,ifkvdk72
MMLU,COMPUTER_SECURITY,google/gemma-1.1-7b-it,StablePrompt-PPO(cs=0.05),True,0.05,3.0,,,,,1.0,,,,,30.0,5.0,4.0,4.0,59.0,67.00000166893005,960.0,,100.0,564840.0,,,,4.47,42.0,GFB_QA,gemma-1.1-7b-it_TO_gemma-1.1-7b-it_s42_bs4_top5,lk3ws1yk
MMLU,COMPUTER_SECURITY,google/gemma-1.1-7b-it,StablePrompt-PPO(cs=0.1),True,0.1,10.0,,,,,1.0,,,,,30.0,5.0,5.0,4.0,29.0,68.99999976158142,600.0,,100.0,320700.0,,,,4.77,42.0,GFB_QA,gemma-1.1-7b-it_TO_gemma-1.1-7b-it_s42_bs5_top5,w966d1do
MMLU,COMPUTER_SECURITY,jingyaogong/MiniMind2,AlgPrompt,False,,,,,,,1.0,,,,,30.0,,4.0,3.0,,30.00000119209289,,,20.0,,,,,4.63,,mmlu,computer_securitymeta_changejingyaogong/MiniMind2_jingyaogong/MiniMind2,1cvpp2c5
MMLU,CONCEPTUAL_PHYSICS,Qwen/Qwen3-0.6B-Base,AlgPrompt,False,,,,,,,1.0,,,,,30.0,,4.0,3.0,,34.04255211353302,,,20.0,,,,,7.3,,mmlu,conceptual_physicsmeta_changeQwen/Qwen3-0.6B-Base_google/gemma-3-1b-it,pj7wiz0w
MMLU,CONCEPTUAL_PHYSICS,google/gemma-1.1-7b-it,AlgPrompt,False,,,,,,,1.0,,,,,30.0,,4.0,3.0,,51.48935914039612,,,,,,,,5.32,42.0,mmlu,conceptual_physicsmeta_changegoogle/gemma-1.1-7b-it_google/gemma-1.1-7b-it,snjt3den
MMLU,CONCEPTUAL_PHYSICS,google/gemma-1.1-7b-it,AlgPrompt,False,,,,,,,1.0,,,,,30.0,,4.0,3.0,,51.48935914039612,,,,,,,,5.5,42.0,mmlu,conceptual_physicsmeta_changegoogle/gemma-1.1-7b-it_google/gemma-1.1-7b-it,1czg6ab3
MMLU,CONCEPTUAL_PHYSICS,google/gemma-1.1-7b-it,AlgPrompt,False,,,,,,,1.0,,,,,30.0,,4.0,3.0,,48.51063787937164,,,,,,,,3.65,42.0,mmlu,conceptual_physicsmeta_changegoogle/gemma-1.1-7b-it_google/gemma-1.1-7b-it,tlogrbhf
MMLU,CONCEPTUAL_PHYSICS,google/gemma-1.1-7b-it,AlgPrompt,False,,,,,,,1.0,,,,,30.0,,4.0,3.0,,50.63830018043518,,,20.0,,,,,7.97,,mmlu,conceptual_physicsmeta_changegoogle/gemma-1.1-7b-it_google/gemma-1.1-7b-it,ugl2nxau
MMLU,CONCEPTUAL_PHYSICS,google/gemma-1.1-7b-it,AlgPrompt,False,,,,,,,1.0,,,,,30.0,,4.0,3.0,,48.08510541915893,,,20.0,,,,,8.2,,mmlu,conceptual_physicsmeta_changegoogle/gemma-1.1-7b-it_google/gemma-1.1-7b-it,llb06iem
MMLU,CONCEPTUAL_PHYSICS,google/gemma-1.1-7b-it,StablePrompt-PPO(cs=0),True,0.0,10.0,,,,,1.0,,,,,30.0,5.0,5.0,4.0,29.0,44.25531923770904,600.0,,235.0,238950.0,,,,4.88,3.0,GFB_QA,gemma-1.1-7b-it_TO_gemma-1.1-7b-it_s3_bs5_top5,z5tkil1i
MMLU,CONCEPTUAL_PHYSICS,google/gemma-1.1-7b-it,StablePrompt-PPO(cs=0),True,0.0,10.0,,,,,1.0,,,,,30.0,5.0,5.0,4.0,29.0,49.78723526000976,600.0,,235.0,340350.0,,,,4.9,42.0,GFB_QA,gemma-1.1-7b-it_TO_gemma-1.1-7b-it_s42_bs5_top5,c62qt23c
MMLU,CONCEPTUAL_PHYSICS,google/gemma-1.1-7b-it,StablePrompt-PPO(cs=0.05),True,0.05,3.0,,,,,1.0,,,,,30.0,5.0,5.0,4.0,29.0,50.21276473999024,600.0,,235.0,312600.0,,,,2.72,42.0,GFB_QA,gemma-1.1-7b-it_TO_gemma-1.1-7b-it_s42_bs5_top5,ol2362pg
MMLU,CONCEPTUAL_PHYSICS,google/gemma-1.1-7b-it,StablePrompt-PPO(cs=0.05),True,0.05,3.0,,,,,1.0,,,,,30.0,5.0,4.0,4.0,59.0,47.23404347896576,960.0,,235.0,571320.0,,,,4.6,42.0,GFB_QA,gemma-1.1-7b-it_TO_gemma-1.1-7b-it_s42_bs4_top5,9u9vpfru
MMLU,CONCEPTUAL_PHYSICS,google/gemma-1.1-7b-it,StablePrompt-PPO(cs=0.1),True,0.1,10.0,,,,,1.0,,,,,30.0,5.0,5.0,4.0,29.0,49.78723526000976,600.0,,235.0,340350.0,,,,4.9,42.0,GFB_QA,gemma-1.1-7b-it_TO_gemma-1.1-7b-it_s42_bs5_top5,o9xh76z5
MMLU,CONCEPTUAL_PHYSICS,jingyaogong/MiniMind2,AlgPrompt,False,,,,,,,1.0,,,,,30.0,,4.0,3.0,,26.38297975063324,,,20.0,,,,,8.42,,mmlu,conceptual_physicsmeta_changejingyaogong/MiniMind2_jingyaogong/MiniMind2,y3eptbtm
MMLU,ECONOMETRICS,Qwen/Qwen3-0.6B-Base,AlgPrompt,False,,,,,,,1.0,,,,,30.0,,4.0,3.0,,23.68421107530594,,,20.0,,,,,16.55,,mmlu,econometricsmeta_changeQwen/Qwen3-0.6B-Base_google/gemma-3-1b-it,n6aehdmf
MMLU,ECONOMETRICS,google/gemma-1.1-7b-it,AlgPrompt,False,,,,,,,1.0,,,,,30.0,,4.0,3.0,,31.57894611358642,,,,,,,,4.3,42.0,mmlu,econometricsmeta_changegoogle/gemma-1.1-7b-it_google/gemma-1.1-7b-it,2f223w1k
MMLU,ECONOMETRICS,google/gemma-1.1-7b-it,AlgPrompt,False,,,,,,,1.0,,,,,30.0,,4.0,3.0,,31.57894611358642,,,,,,,,4.28,42.0,mmlu,econometricsmeta_changegoogle/gemma-1.1-7b-it_google/gemma-1.1-7b-it,limnb5y3
MMLU,ECONOMETRICS,google/gemma-1.1-7b-it,AlgPrompt,False,,,,,,,1.0,,,,,30.0,,4.0,3.0,,27.192983031272888,,,,,,,,2.8,42.0,mmlu,econometricsmeta_changegoogle/gemma-1.1-7b-it_google/gemma-1.1-7b-it,uwnwhtas
MMLU,ECONOMETRICS,google/gemma-1.1-7b-it,AlgPrompt,False,,,,,,,1.0,,,,,30.0,,4.0,3.0,,37.71929740905761,,,20.0,,,,,6.2,,mmlu,econometricsmeta_changegoogle/gemma-1.1-7b-it_google/gemma-1.1-7b-it,33zjk1gf
MMLU,ECONOMETRICS,google/gemma-1.1-7b-it,AlgPrompt,False,,,,,,,1.0,,,,,30.0,,4.0,3.0,,33.33333432674408,,,20.0,,,,,6.17,,mmlu,econometricsmeta_changegoogle/gemma-1.1-7b-it_google/gemma-1.1-7b-it,gk0ic9gr
MMLU,ECONOMETRICS,google/gemma-1.1-7b-it,StablePrompt-PPO(cs=0),True,0.0,10.0,,,,,1.0,,,,,30.0,5.0,5.0,4.0,29.0,30.70175349712372,600.0,,114.0,242400.0,,,,4.97,3.0,GFB_QA,gemma-1.1-7b-it_TO_gemma-1.1-7b-it_s3_bs5_top5,420kt8zq
MMLU,ECONOMETRICS,google/gemma-1.1-7b-it,StablePrompt-PPO(cs=0),True,0.0,10.0,,,,,1.0,,,,,30.0,5.0,5.0,4.0,29.0,32.45614171028137,600.0,,114.0,244200.0,,,,5.0,42.0,GFB_QA,gemma-1.1-7b-it_TO_gemma-1.1-7b-it_s42_bs5_top5,v3ilna0z
MMLU,ECONOMETRICS,google/gemma-1.1-7b-it,StablePrompt-PPO(cs=0.05),True,0.05,3.0,,,,,1.0,,,,,30.0,5.0,5.0,4.0,29.0,30.70175349712372,600.0,,114.0,280950.0,,,,2.77,42.0,GFB_QA,gemma-1.1-7b-it_TO_gemma-1.1-7b-it_s42_bs5_top5,e5uj81x8
MMLU,ECONOMETRICS,google/gemma-1.1-7b-it,StablePrompt-PPO(cs=0.05),True,0.05,3.0,,,,,1.0,,,,,30.0,5.0,4.0,4.0,59.0,41.22807085514068,960.0,,114.0,508560.0,,,,4.58,42.0,GFB_QA,gemma-1.1-7b-it_TO_gemma-1.1-7b-it_s42_bs4_top5,u5jsbxgv
MMLU,ECONOMETRICS,google/gemma-1.1-7b-it,StablePrompt-PPO(cs=0.1),True,0.1,10.0,,,,,1.0,,,,,30.0,5.0,5.0,4.0,29.0,34.21052694320678,600.0,,114.0,244200.0,,,,4.98,42.0,GFB_QA,gemma-1.1-7b-it_TO_gemma-1.1-7b-it_s42_bs5_top5,vhe7hmv7
MMLU,ECONOMETRICS,jingyaogong/MiniMind2,AlgPrompt,False,,,,,,,1.0,,,,,30.0,,4.0,3.0,,34.21052694320678,,,20.0,,,,,5.08,,mmlu,econometricsmeta_changejingyaogong/MiniMind2_jingyaogong/MiniMind2,9oz1i18u
MMLU,ELECTRICAL_ENGINEERING,Qwen/Qwen3-0.6B-Base,AlgPrompt,False,,,,,,,1.0,,,,,30.0,,4.0,3.0,,38.620689511299126,,,20.0,,,,,3.25,,mmlu,electrical_engineeringmeta_changeQwen/Qwen3-0.6B-Base_google/gemma-3-1b-it,kfnabeqn
MMLU,ELECTRICAL_ENGINEERING,google/gemma-1.1-7b-it,AlgPrompt,False,,,,,,,1.0,,,,,30.0,,4.0,3.0,,51.724135875701904,,,,,,,,4.08,42.0,mmlu,electrical_engineeringmeta_changegoogle/gemma-1.1-7b-it_google/gemma-1.1-7b-it,kb83ikii
MMLU,ELECTRICAL_ENGINEERING,google/gemma-1.1-7b-it,AlgPrompt,False,,,,,,,1.0,,,,,30.0,,4.0,3.0,,51.724135875701904,,,,,,,,4.28,42.0,mmlu,electrical_engineeringmeta_changegoogle/gemma-1.1-7b-it_google/gemma-1.1-7b-it,apzsipl6
MMLU,ELECTRICAL_ENGINEERING,google/gemma-1.1-7b-it,AlgPrompt,False,,,,,,,1.0,,,,,30.0,,4.0,3.0,,48.96551668643951,,,,,,,,2.88,42.0,mmlu,electrical_engineeringmeta_changegoogle/gemma-1.1-7b-it_google/gemma-1.1-7b-it,ttbc3oaa
MMLU,ELECTRICAL_ENGINEERING,google/gemma-1.1-7b-it,AlgPrompt,False,,,,,,,1.0,,,,,30.0,,4.0,3.0,,54.48275804519653,,,20.0,,,,,6.28,,mmlu,electrical_engineeringmeta_changegoogle/gemma-1.1-7b-it_google/gemma-1.1-7b-it,nykbk99n
MMLU,ELECTRICAL_ENGINEERING,google/gemma-1.1-7b-it,AlgPrompt,False,,,,,,,1.0,,,,,30.0,,4.0,3.0,,54.48275804519653,,,20.0,,,,,6.15,,mmlu,electrical_engineeringmeta_changegoogle/gemma-1.1-7b-it_google/gemma-1.1-7b-it,vzwnobzr
MMLU,ELECTRICAL_ENGINEERING,google/gemma-1.1-7b-it,StablePrompt-PPO(cs=0),True,0.0,10.0,,,,,1.0,,,,,30.0,5.0,5.0,4.0,29.0,51.724135875701904,600.0,,145.0,141600.0,,,,4.5,3.0,GFB_QA,gemma-1.1-7b-it_TO_gemma-1.1-7b-it_s3_bs5_top5,hgzwebmt
MMLU,ELECTRICAL_ENGINEERING,google/gemma-1.1-7b-it,StablePrompt-PPO(cs=0),True,0.0,10.0,,,,,1.0,,,,,30.0,5.0,5.0,4.0,29.0,51.03448033332825,600.0,,145.0,299400.0,,,,4.45,42.0,GFB_QA,gemma-1.1-7b-it_TO_gemma-1.1-7b-it_s42_bs5_top5,tkqj72jy
MMLU,ELECTRICAL_ENGINEERING,google/gemma-1.1-7b-it,StablePrompt-PPO(cs=0.05),True,0.05,3.0,,,,,1.0,,,,,30.0,5.0,5.0,4.0,29.0,53.79310250282288,600.0,,145.0,324600.0,,,,2.53,42.0,GFB_QA,gemma-1.1-7b-it_TO_gemma-1.1-7b-it_s42_bs5_top5,3od5x7ru
MMLU,ELECTRICAL_ENGINEERING,google/gemma-1.1-7b-it,StablePrompt-PPO(cs=0.05),True,0.05,3.0,,,,,1.0,,,,,30.0,5.0,4.0,4.0,59.0,35.862070322036736,960.0,,145.0,553440.0,,,,4.17,42.0,GFB_QA,gemma-1.1-7b-it_TO_gemma-1.1-7b-it_s42_bs4_top5,llek5g3n
MMLU,ELECTRICAL_ENGINEERING,google/gemma-1.1-7b-it,StablePrompt-PPO(cs=0.1),True,0.1,10.0,,,,,1.0,,,,,30.0,5.0,5.0,4.0,29.0,52.41379141807556,600.0,,145.0,299400.0,,,,4.4,42.0,GFB_QA,gemma-1.1-7b-it_TO_gemma-1.1-7b-it_s42_bs5_top5,am2ih621
MMLU,ELECTRICAL_ENGINEERING,jingyaogong/MiniMind2,AlgPrompt,False,,,,,,,1.0,,,,,30.0,,4.0,3.0,,26.89655125141144,,,20.0,,,,,5.77,,mmlu,electrical_engineeringmeta_changejingyaogong/MiniMind2_jingyaogong/MiniMind2,ikhbwund
MMLU,ELEMENTARY_MATHEMATICS,Qwen/Qwen3-0.6B-Base,AlgPrompt,False,,,,,,,1.0,,,,,30.0,,4.0,3.0,,26.71957612037658,,,20.0,,,,,13.38,,mmlu,elementary_mathematicsmeta_changeQwen/Qwen3-0.6B-Base_google/gemma-3-1b-it,17c0qj5p
MMLU,ELEMENTARY_MATHEMATICS,google/gemma-1.1-7b-it,AlgPrompt,False,,,,,,,1.0,,,,,30.0,,4.0,3.0,,40.47619104385376,,,,,,,,8.33,42.0,mmlu,elementary_mathematicsmeta_changegoogle/gemma-1.1-7b-it_google/gemma-1.1-7b-it,ud3ssvfc
MMLU,ELEMENTARY_MATHEMATICS,google/gemma-1.1-7b-it,AlgPrompt,False,,,,,,,1.0,,,,,30.0,,4.0,3.0,,40.47619104385376,,,,,,,,8.32,42.0,mmlu,elementary_mathematicsmeta_changegoogle/gemma-1.1-7b-it_google/gemma-1.1-7b-it,9n0x9zv2
MMLU,ELEMENTARY_MATHEMATICS,google/gemma-1.1-7b-it,AlgPrompt,False,,,,,,,1.0,,,,,30.0,,4.0,3.0,,39.947089552879326,,,,,,,,5.0,42.0,mmlu,elementary_mathematicsmeta_changegoogle/gemma-1.1-7b-it_google/gemma-1.1-7b-it,y5ukq80l
MMLU,ELEMENTARY_MATHEMATICS,google/gemma-1.1-7b-it,AlgPrompt,False,,,,,,,1.0,,,,,30.0,,4.0,3.0,,42.32804179191589,,,20.0,,,,,11.35,,mmlu,elementary_mathematicsmeta_changegoogle/gemma-1.1-7b-it_google/gemma-1.1-7b-it,xqjfm9c8
MMLU,ELEMENTARY_MATHEMATICS,google/gemma-1.1-7b-it,AlgPrompt,False,,,,,,,1.0,,,,,30.0,,4.0,3.0,,44.70899403095245,,,20.0,,,,,11.3,,mmlu,elementary_mathematicsmeta_changegoogle/gemma-1.1-7b-it_google/gemma-1.1-7b-it,nzs4n17g
MMLU,ELEMENTARY_MATHEMATICS,google/gemma-1.1-7b-it,StablePrompt-PPO(cs=0),True,0.0,10.0,,,,,1.0,,,,,30.0,5.0,5.0,4.0,29.0,36.50793731212616,600.0,,378.0,188850.0,,,,6.47,3.0,GFB_QA,gemma-1.1-7b-it_TO_gemma-1.1-7b-it_s3_bs5_top5,ae6ir26x
MMLU,ELEMENTARY_MATHEMATICS,google/gemma-1.1-7b-it,StablePrompt-PPO(cs=0),True,0.0,10.0,,,,,1.0,,,,,30.0,5.0,5.0,4.0,29.0,38.62433731555938,600.0,,378.0,253500.0,,,,6.1,42.0,GFB_QA,gemma-1.1-7b-it_TO_gemma-1.1-7b-it_s42_bs5_top5,2cmndzux
MMLU,ELEMENTARY_MATHEMATICS,google/gemma-1.1-7b-it,StablePrompt-PPO(cs=0.05),True,0.05,3.0,,,,,1.0,,,,,30.0,5.0,5.0,4.0,29.0,38.62433731555938,600.0,,378.0,296100.0,,,,3.25,42.0,GFB_QA,gemma-1.1-7b-it_TO_gemma-1.1-7b-it_s42_bs5_top5,nwpj1qr8
MMLU,ELEMENTARY_MATHEMATICS,google/gemma-1.1-7b-it,StablePrompt-PPO(cs=0.05),True,0.05,3.0,,,,,1.0,,,,,30.0,5.0,4.0,4.0,59.0,35.978835821151726,960.0,,378.0,437880.0,,,,5.22,42.0,GFB_QA,gemma-1.1-7b-it_TO_gemma-1.1-7b-it_s42_bs4_top5,fbywlvh0
MMLU,ELEMENTARY_MATHEMATICS,google/gemma-1.1-7b-it,StablePrompt-PPO(cs=0.1),True,0.1,10.0,,,,,1.0,,,,,30.0,5.0,5.0,4.0,29.0,37.30158805847168,600.0,,378.0,253500.0,,,,5.85,42.0,GFB_QA,gemma-1.1-7b-it_TO_gemma-1.1-7b-it_s42_bs5_top5,k40yao8o
MMLU,ELEMENTARY_MATHEMATICS,jingyaogong/MiniMind2,AlgPrompt,False,,,,,,,1.0,,,,,30.0,,4.0,3.0,,23.80952388048172,,,20.0,,,,,11.93,,mmlu,elementary_mathematicsmeta_changejingyaogong/MiniMind2_jingyaogong/MiniMind2,im8aqxxf
MMLU,FORMAL_LOGIC,Qwen/Qwen3-0.6B-Base,AlgPrompt,False,,,,,,,1.0,,,,,30.0,,4.0,3.0,,31.74603283405304,,,20.0,,,,,1.13,,mmlu,formal_logicmeta_changeQwen/Qwen3-0.6B-Base_google/gemma-3-1b-it,837n8rwr
MMLU,FORMAL_LOGIC,google/gemma-1.1-7b-it,AlgPrompt,False,,,,,,,1.0,,,,,30.0,,4.0,3.0,,36.50793731212616,,,,,,,,4.67,42.0,mmlu,formal_logicmeta_changegoogle/gemma-1.1-7b-it_google/gemma-1.1-7b-it,uxupg9uv
MMLU,FORMAL_LOGIC,google/gemma-1.1-7b-it,AlgPrompt,False,,,,,,,1.0,,,,,30.0,,4.0,3.0,,36.50793731212616,,,,,,,,4.67,42.0,mmlu,formal_logicmeta_changegoogle/gemma-1.1-7b-it_google/gemma-1.1-7b-it,oz83ria4
MMLU,FORMAL_LOGIC,google/gemma-1.1-7b-it,AlgPrompt,False,,,,,,,1.0,,,,,30.0,,4.0,3.0,,33.33333432674408,,,,,,,,3.03,42.0,mmlu,formal_logicmeta_changegoogle/gemma-1.1-7b-it_google/gemma-1.1-7b-it,44fp4fup
MMLU,FORMAL_LOGIC,google/gemma-1.1-7b-it,AlgPrompt,False,,,,,,,1.0,,,,,30.0,,4.0,3.0,,34.92063581943512,,,20.0,,,,,6.75,,mmlu,formal_logicmeta_changegoogle/gemma-1.1-7b-it_google/gemma-1.1-7b-it,j7rmfngq
MMLU,FORMAL_LOGIC,google/gemma-1.1-7b-it,StablePrompt-PPO(cs=0),True,0.0,10.0,,,,,1.0,,,,,30.0,5.0,5.0,4.0,29.0,30.95238208770752,600.0,,126.0,261900.0,,,,5.25,3.0,GFB_QA,gemma-1.1-7b-it_TO_gemma-1.1-7b-it_s3_bs5_top5,71zamxu4
MMLU,FORMAL_LOGIC,google/gemma-1.1-7b-it,StablePrompt-PPO(cs=0),True,0.0,10.0,,,,,1.0,,,,,30.0,5.0,5.0,4.0,29.0,31.74603283405304,600.0,,126.0,312000.0,,,,5.2,42.0,GFB_QA,gemma-1.1-7b-it_TO_gemma-1.1-7b-it_s42_bs5_top5,ga7v4b0x
MMLU,FORMAL_LOGIC,google/gemma-1.1-7b-it,StablePrompt-PPO(cs=0.05),True,0.05,3.0,,,,,1.0,,,,,30.0,5.0,5.0,4.0,29.0,33.33333432674408,600.0,,126.0,288300.0,,,,2.85,42.0,GFB_QA,gemma-1.1-7b-it_TO_gemma-1.1-7b-it_s42_bs5_top5,hojyspqu
MMLU,FORMAL_LOGIC,google/gemma-1.1-7b-it,StablePrompt-PPO(cs=0.05),True,0.05,3.0,,,,,1.0,,,,,30.0,5.0,4.0,4.0,59.0,34.92063581943512,960.0,,126.0,471600.0,,,,4.87,42.0,GFB_QA,gemma-1.1-7b-it_TO_gemma-1.1-7b-it_s42_bs4_top5,1wgg4tfl
MMLU,FORMAL_LOGIC,google/gemma-1.1-7b-it,StablePrompt-PPO(cs=0.1),True,0.1,10.0,,,,,1.0,,,,,30.0,5.0,5.0,4.0,29.0,30.158731341362,600.0,,126.0,312000.0,,,,5.17,42.0,GFB_QA,gemma-1.1-7b-it_TO_gemma-1.1-7b-it_s42_bs5_top5,5xrderxx
MMLU,FORMAL_LOGIC,jingyaogong/MiniMind2,AlgPrompt,False,,,,,,,1.0,,,,,30.0,,4.0,3.0,,26.98412835597992,,,20.0,,,,,5.58,,mmlu,formal_logicmeta_changejingyaogong/MiniMind2_jingyaogong/MiniMind2,gypqxzw7
MMLU,GLOBAL_FACTS,google/gemma-1.1-7b-it,AlgPrompt,False,,,,,,,1.0,,,,,30.0,,4.0,3.0,,37.00000047683716,,,,,,,,3.63,42.0,mmlu,global_factsmeta_changegoogle/gemma-1.1-7b-it_google/gemma-1.1-7b-it,2eixgqdx
MMLU,GLOBAL_FACTS,google/gemma-1.1-7b-it,AlgPrompt,False,,,,,,,1.0,,,,,30.0,,4.0,3.0,,37.00000047683716,,,,,,,,3.72,42.0,mmlu,global_factsmeta_changegoogle/gemma-1.1-7b-it_google/gemma-1.1-7b-it,u4hbfpln
MMLU,GLOBAL_FACTS,google/gemma-1.1-7b-it,AlgPrompt,False,,,,,,,1.0,,,,,30.0,,4.0,3.0,,38.99999856948852,,,,,,,,2.58,42.0,mmlu,global_factsmeta_changegoogle/gemma-1.1-7b-it_google/gemma-1.1-7b-it,rplms2sg
MMLU,GLOBAL_FACTS,google/gemma-1.1-7b-it,AlgPrompt,False,,,,,,,1.0,,,,,30.0,,4.0,3.0,,37.00000047683716,,,20.0,,,,,5.38,,mmlu,global_factsmeta_changegoogle/gemma-1.1-7b-it_google/gemma-1.1-7b-it,gv4tl1dz
MMLU,GLOBAL_FACTS,google/gemma-1.1-7b-it,StablePrompt-PPO(cs=0),True,0.0,10.0,,,,,1.0,,,,,30.0,5.0,5.0,4.0,29.0,34.99999940395355,600.0,,100.0,173400.0,,,,3.87,3.0,GFB_QA,gemma-1.1-7b-it_TO_gemma-1.1-7b-it_s3_bs5_top5,g358ew10
MMLU,GLOBAL_FACTS,google/gemma-1.1-7b-it,StablePrompt-PPO(cs=0),True,0.0,10.0,,,,,1.0,,,,,30.0,5.0,5.0,4.0,29.0,38.99999856948852,600.0,,100.0,166950.0,,,,4.12,42.0,GFB_QA,gemma-1.1-7b-it_TO_gemma-1.1-7b-it_s42_bs5_top5,t6w3c4z1
MMLU,GLOBAL_FACTS,google/gemma-1.1-7b-it,StablePrompt-PPO(cs=0.05),True,0.05,3.0,,,,,1.0,,,,,30.0,5.0,5.0,4.0,29.0,34.99999940395355,600.0,,100.0,135900.0,,,,2.27,42.0,GFB_QA,gemma-1.1-7b-it_TO_gemma-1.1-7b-it_s42_bs5_top5,wfamxv8t
MMLU,GLOBAL_FACTS,google/gemma-1.1-7b-it,StablePrompt-PPO(cs=0.05),True,0.05,3.0,,,,,1.0,,,,,30.0,5.0,4.0,4.0,59.0,36.00000143051147,960.0,,100.0,319200.0,,,,3.78,42.0,GFB_QA,gemma-1.1-7b-it_TO_gemma-1.1-7b-it_s42_bs4_top5,rk5chv5d
MMLU,GLOBAL_FACTS,google/gemma-1.1-7b-it,StablePrompt-PPO(cs=0.1),True,0.1,10.0,,,,,1.0,,,,,30.0,5.0,5.0,4.0,29.0,36.00000143051147,600.0,,100.0,166950.0,,,,4.08,42.0,GFB_QA,gemma-1.1-7b-it_TO_gemma-1.1-7b-it_s42_bs5_top5,x5fn1uxn
MMLU,GLOBAL_FACTS,jingyaogong/MiniMind2,AlgPrompt,False,,,,,,,1.0,,,,,30.0,,4.0,3.0,,25.99999904632568,,,20.0,,,,,4.68,,mmlu,global_factsmeta_changejingyaogong/MiniMind2_jingyaogong/MiniMind2,65cps79r
MMLU,HIGH_SCHOOL_BIOLOGY,Qwen/Qwen3-0.6B-Base,AlgPrompt,False,,,,,,,1.0,,,,,30.0,,4.0,3.0,,42.25806593894958,,,20.0,,,,,10.93,,mmlu,high_school_biologymeta_changeQwen/Qwen3-0.6B-Base_google/gemma-3-1b-it,m3hcc6zg
MMLU,HIGH_SCHOOL_BIOLOGY,google/gemma-1.1-7b-it,AlgPrompt,False,,,,,,,1.0,,,,,30.0,,4.0,3.0,,71.61290049552917,,,,,,,,6.95,42.0,mmlu,high_school_biologymeta_changegoogle/gemma-1.1-7b-it_google/gemma-1.1-7b-it,z1xfn7rj
MMLU,HIGH_SCHOOL_BIOLOGY,google/gemma-1.1-7b-it,AlgPrompt,False,,,,,,,1.0,,,,,30.0,,4.0,3.0,,71.61290049552917,,,,,,,,6.87,42.0,mmlu,high_school_biologymeta_changegoogle/gemma-1.1-7b-it_google/gemma-1.1-7b-it,fmdsweev
MMLU,HIGH_SCHOOL_BIOLOGY,google/gemma-1.1-7b-it,AlgPrompt,False,,,,,,,1.0,,,,,30.0,,4.0,3.0,,72.5806474685669,,,,,,,,4.32,42.0,mmlu,high_school_biologymeta_changegoogle/gemma-1.1-7b-it_google/gemma-1.1-7b-it,xbzpfwao
MMLU,HIGH_SCHOOL_BIOLOGY,google/gemma-1.1-7b-it,AlgPrompt,False,,,,,,,1.0,,,,,30.0,,4.0,3.0,,70.96773982048035,,,20.0,,,,,9.95,,mmlu,high_school_biologymeta_changegoogle/gemma-1.1-7b-it_google/gemma-1.1-7b-it,ami1mh0j
MMLU,HIGH_SCHOOL_BIOLOGY,google/gemma-1.1-7b-it,StablePrompt-PPO(cs=0),True,0.0,10.0,,,,,1.0,,,,,30.0,5.0,5.0,4.0,29.0,70.32257914543152,600.0,,310.0,316200.0,,,,5.78,3.0,GFB_QA,gemma-1.1-7b-it_TO_gemma-1.1-7b-it_s3_bs5_top5,l0j2lhko
MMLU,HIGH_SCHOOL_BIOLOGY,google/gemma-1.1-7b-it,StablePrompt-PPO(cs=0),True,0.0,10.0,,,,,1.0,,,,,30.0,5.0,5.0,4.0,29.0,70.64515948295593,600.0,,310.0,341250.0,,,,5.7,42.0,GFB_QA,gemma-1.1-7b-it_TO_gemma-1.1-7b-it_s42_bs5_top5,2xh81lhy
MMLU,HIGH_SCHOOL_BIOLOGY,google/gemma-1.1-7b-it,StablePrompt-PPO(cs=0.05),True,0.05,3.0,,,,,1.0,,,,,30.0,5.0,5.0,4.0,29.0,72.5806474685669,600.0,,310.0,321600.0,,,,3.08,42.0,GFB_QA,gemma-1.1-7b-it_TO_gemma-1.1-7b-it_s42_bs5_top5,xu75aubo
MMLU,HIGH_SCHOOL_BIOLOGY,google/gemma-1.1-7b-it,StablePrompt-PPO(cs=0.05),True,0.05,3.0,,,,,1.0,,,,,30.0,5.0,4.0,4.0,59.0,61.61290407180786,960.0,,310.0,476880.0,,,,4.87,42.0,GFB_QA,gemma-1.1-7b-it_TO_gemma-1.1-7b-it_s42_bs4_top5,vqaaugu5
MMLU,HIGH_SCHOOL_BIOLOGY,google/gemma-1.1-7b-it,StablePrompt-PPO(cs=0.1),True,0.1,10.0,,,,,1.0,,,,,30.0,5.0,5.0,4.0,29.0,70.64515948295593,600.0,,310.0,341250.0,,,,5.72,42.0,GFB_QA,gemma-1.1-7b-it_TO_gemma-1.1-7b-it_s42_bs5_top5,vsj1iphm
MMLU,HIGH_SCHOOL_BIOLOGY,jingyaogong/MiniMind2,AlgPrompt,False,,,,,,,1.0,,,,,30.0,,4.0,3.0,,27.09677517414093,,,20.0,,,,,10.22,,mmlu,high_school_biologymeta_changejingyaogong/MiniMind2_jingyaogong/MiniMind2,a920uajk
MMLU,HIGH_SCHOOL_CHEMISTRY,Qwen/Qwen3-0.6B-Base,AlgPrompt,False,,,,,,,1.0,,,,,30.0,,4.0,3.0,,33.49753618240356,,,20.0,,,,,20.77,,mmlu,high_school_chemistrymeta_changeQwen/Qwen3-0.6B-Base_google/gemma-3-1b-it,gxyqj3rm
MMLU,HIGH_SCHOOL_CHEMISTRY,google/gemma-1.1-7b-it,AlgPrompt,False,,,,,,,1.0,,,,,30.0,,4.0,3.0,,44.82758641242981,,,,,,,,5.98,42.0,mmlu,high_school_chemistrymeta_changegoogle/gemma-1.1-7b-it_google/gemma-1.1-7b-it,y6z5702e
MMLU,HIGH_SCHOOL_CHEMISTRY,google/gemma-1.1-7b-it,AlgPrompt,False,,,,,,,1.0,,,,,30.0,,4.0,3.0,,44.82758641242981,,,,,,,,5.85,42.0,mmlu,high_school_chemistrymeta_changegoogle/gemma-1.1-7b-it_google/gemma-1.1-7b-it,ikxwgvwg
MMLU,HIGH_SCHOOL_CHEMISTRY,google/gemma-1.1-7b-it,AlgPrompt,False,,,,,,,1.0,,,,,30.0,,4.0,3.0,,48.76847267150879,,,,,,,,3.75,42.0,mmlu,high_school_chemistrymeta_changegoogle/gemma-1.1-7b-it_google/gemma-1.1-7b-it,aqlysomr
MMLU,HIGH_SCHOOL_CHEMISTRY,google/gemma-1.1-7b-it,AlgPrompt,False,,,,,,,1.0,,,,,30.0,,4.0,3.0,,49.753695726394646,,,20.0,,,,,8.32,,mmlu,high_school_chemistrymeta_changegoogle/gemma-1.1-7b-it_google/gemma-1.1-7b-it,5kom0go7
MMLU,HIGH_SCHOOL_CHEMISTRY,google/gemma-1.1-7b-it,StablePrompt-PPO(cs=0),True,0.0,10.0,,,,,1.0,,,,,30.0,5.0,5.0,4.0,29.0,38.42364549636841,600.0,,203.0,388050.0,,,,5.22,3.0,GFB_QA,gemma-1.1-7b-it_TO_gemma-1.1-7b-it_s3_bs5_top5,bopqjpvu
MMLU,HIGH_SCHOOL_CHEMISTRY,google/gemma-1.1-7b-it,StablePrompt-PPO(cs=0),True,0.0,10.0,,,,,1.0,,,,,30.0,5.0,5.0,4.0,29.0,50.73891878128052,600.0,,203.0,337200.0,,,,5.32,42.0,GFB_QA,gemma-1.1-7b-it_TO_gemma-1.1-7b-it_s42_bs5_top5,xwhcdwxi
MMLU,HIGH_SCHOOL_CHEMISTRY,google/gemma-1.1-7b-it,StablePrompt-PPO(cs=0.05),True,0.05,3.0,,,,,1.0,,,,,30.0,5.0,5.0,4.0,29.0,52.21675038337708,600.0,,203.0,361350.0,,,,2.95,42.0,GFB_QA,gemma-1.1-7b-it_TO_gemma-1.1-7b-it_s42_bs5_top5,8osr4k3g
MMLU,HIGH_SCHOOL_CHEMISTRY,google/gemma-1.1-7b-it,StablePrompt-PPO(cs=0.05),True,0.05,3.0,,,,,1.0,,,,,30.0,5.0,4.0,4.0,59.0,44.82758641242981,960.0,,203.0,604560.0,,,,4.75,42.0,GFB_QA,gemma-1.1-7b-it_TO_gemma-1.1-7b-it_s42_bs4_top5,6w1rrbw7
MMLU,HIGH_SCHOOL_CHEMISTRY,google/gemma-1.1-7b-it,StablePrompt-PPO(cs=0.1),True,0.1,10.0,,,,,1.0,,,,,30.0,5.0,5.0,4.0,29.0,50.73891878128052,600.0,,203.0,337200.0,,,,5.52,42.0,GFB_QA,gemma-1.1-7b-it_TO_gemma-1.1-7b-it_s42_bs5_top5,1nkwbmd9
MMLU,HIGH_SCHOOL_CHEMISTRY,jingyaogong/MiniMind2,AlgPrompt,False,,,,,,,1.0,,,,,30.0,,4.0,3.0,,26.60098373889923,,,20.0,,,,,7.48,,mmlu,high_school_chemistrymeta_changejingyaogong/MiniMind2_jingyaogong/MiniMind2,0nwrm2fq
MMLU,HIGH_SCHOOL_COMPUTER_SCIENCE,google/gemma-1.1-7b-it,AlgPrompt,False,,,,,,,1.0,,,,,30.0,,4.0,3.0,,56.99999928474426,,,,,,,,3.98,42.0,mmlu,high_school_computer_sciencemeta_changegoogle/gemma-1.1-7b-it_google/gemma-1.1-7b-it,tw2bef9o
MMLU,HIGH_SCHOOL_COMPUTER_SCIENCE,google/gemma-1.1-7b-it,AlgPrompt,False,,,,,,,1.0,,,,,30.0,,4.0,3.0,,56.99999928474426,,,,,,,,4.05,42.0,mmlu,high_school_computer_sciencemeta_changegoogle/gemma-1.1-7b-it_google/gemma-1.1-7b-it,d23u5fw3
MMLU,HIGH_SCHOOL_COMPUTER_SCIENCE,google/gemma-1.1-7b-it,AlgPrompt,False,,,,,,,1.0,,,,,30.0,,4.0,3.0,,56.99999928474426,,,,,,,,2.75,42.0,mmlu,high_school_computer_sciencemeta_changegoogle/gemma-1.1-7b-it_google/gemma-1.1-7b-it,n8bh9eoo
MMLU,HIGH_SCHOOL_COMPUTER_SCIENCE,google/gemma-1.1-7b-it,AlgPrompt,False,,,,,,,1.0,,,,,30.0,,4.0,3.0,,50.99999904632568,,,20.0,,,,,5.95,,mmlu,high_school_computer_sciencemeta_changegoogle/gemma-1.1-7b-it_google/gemma-1.1-7b-it,v0idcwrz
MMLU,HIGH_SCHOOL_COMPUTER_SCIENCE,google/gemma-1.1-7b-it,StablePrompt-PPO(cs=0),True,0.0,10.0,,,,,1.0,,,,,30.0,5.0,5.0,4.0,29.0,63.999998569488525,600.0,,100.0,232800.0,,,,5.08,3.0,GFB_QA,gemma-1.1-7b-it_TO_gemma-1.1-7b-it_s3_bs5_top5,fqwzscpw
MMLU,HIGH_SCHOOL_COMPUTER_SCIENCE,google/gemma-1.1-7b-it,StablePrompt-PPO(cs=0),True,0.0,10.0,,,,,1.0,,,,,30.0,5.0,5.0,4.0,29.0,60.00000238418579,600.0,,100.0,309900.0,,,,5.22,42.0,GFB_QA,gemma-1.1-7b-it_TO_gemma-1.1-7b-it_s42_bs5_top5,m5rzpi29
MMLU,HIGH_SCHOOL_COMPUTER_SCIENCE,google/gemma-1.1-7b-it,StablePrompt-PPO(cs=0.05),True,0.05,3.0,,,,,1.0,,,,,30.0,5.0,5.0,4.0,29.0,50.99999904632568,600.0,,100.0,229800.0,,,,2.82,42.0,GFB_QA,gemma-1.1-7b-it_TO_gemma-1.1-7b-it_s42_bs5_top5,yteqgrnm
MMLU,HIGH_SCHOOL_COMPUTER_SCIENCE,google/gemma-1.1-7b-it,StablePrompt-PPO(cs=0.05),True,0.05,3.0,,,,,1.0,,,,,30.0,5.0,4.0,4.0,59.0,57.999998331069946,960.0,,100.0,405480.0,,,,4.57,42.0,GFB_QA,gemma-1.1-7b-it_TO_gemma-1.1-7b-it_s42_bs4_top5,rs1qx9t5
MMLU,HIGH_SCHOOL_COMPUTER_SCIENCE,google/gemma-1.1-7b-it,StablePrompt-PPO(cs=0.1),True,0.1,10.0,,,,,1.0,,,,,30.0,5.0,5.0,4.0,29.0,60.00000238418579,600.0,,100.0,309900.0,,,,5.17,42.0,GFB_QA,gemma-1.1-7b-it_TO_gemma-1.1-7b-it_s42_bs5_top5,iq3mt02n
MMLU,HIGH_SCHOOL_COMPUTER_SCIENCE,jingyaogong/MiniMind2,AlgPrompt,False,,,,,,,1.0,,,,,30.0,,4.0,3.0,,28.00000011920929,,,20.0,,,,,4.38,,mmlu,high_school_computer_sciencemeta_changejingyaogong/MiniMind2_jingyaogong/MiniMind2,3zaznhbi
MMLU,HIGH_SCHOOL_EUROPEAN_HISTORY,google/gemma-1.1-7b-it,AlgPrompt,False,,,,,,,1.0,,,,,30.0,,4.0,3.0,,63.63636255264282,,,,,,,,8.08,42.0,mmlu,high_school_european_historymeta_changegoogle/gemma-1.1-7b-it_google/gemma-1.1-7b-it,z9ztt3ku
MMLU,HIGH_SCHOOL_EUROPEAN_HISTORY,google/gemma-1.1-7b-it,AlgPrompt,False,,,,,,,1.0,,,,,30.0,,4.0,3.0,,63.63636255264282,,,,,,,,8.0,42.0,mmlu,high_school_european_historymeta_changegoogle/gemma-1.1-7b-it_google/gemma-1.1-7b-it,265lq5z8
MMLU,HIGH_SCHOOL_EUROPEAN_HISTORY,google/gemma-1.1-7b-it,AlgPrompt,False,,,,,,,1.0,,,,,30.0,,4.0,3.0,,64.242422580719,,,,,,,,4.67,42.0,mmlu,high_school_european_historymeta_changegoogle/gemma-1.1-7b-it_google/gemma-1.1-7b-it,gv7f159p
MMLU,HIGH_SCHOOL_EUROPEAN_HISTORY,google/gemma-1.1-7b-it,StablePrompt-PPO(cs=0),True,0.0,10.0,,,,,1.0,,,,,30.0,5.0,5.0,4.0,29.0,66.66666865348816,600.0,,165.0,341400.0,,,,8.03,3.0,GFB_QA,gemma-1.1-7b-it_TO_gemma-1.1-7b-it_s3_bs5_top5,ly5lrrrj
MMLU,HIGH_SCHOOL_EUROPEAN_HISTORY,google/gemma-1.1-7b-it,StablePrompt-PPO(cs=0),True,0.0,10.0,,,,,1.0,,,,,30.0,5.0,5.0,4.0,29.0,64.84848260879517,600.0,,165.0,240300.0,,,,8.17,42.0,GFB_QA,gemma-1.1-7b-it_TO_gemma-1.1-7b-it_s42_bs5_top5,xcee3lp2
MMLU,HIGH_SCHOOL_EUROPEAN_HISTORY,google/gemma-1.1-7b-it,StablePrompt-PPO(cs=0.05),True,0.05,3.0,,,,,1.0,,,,,30.0,5.0,5.0,4.0,29.0,66.66666865348816,600.0,,165.0,249000.0,,,,4.03,42.0,GFB_QA,gemma-1.1-7b-it_TO_gemma-1.1-7b-it_s42_bs5_top5,l4x8a9ly
MMLU,HIGH_SCHOOL_EUROPEAN_HISTORY,google/gemma-1.1-7b-it,StablePrompt-PPO(cs=0.05),True,0.05,3.0,,,,,1.0,,,,,30.0,5.0,4.0,4.0,59.0,67.27272868156433,960.0,,165.0,484440.0,,,,6.18,42.0,GFB_QA,gemma-1.1-7b-it_TO_gemma-1.1-7b-it_s42_bs4_top5,pp436vyo
MMLU,HIGH_SCHOOL_EUROPEAN_HISTORY,google/gemma-1.1-7b-it,StablePrompt-PPO(cs=0.1),True,0.1,10.0,,,,,1.0,,,,,30.0,5.0,5.0,4.0,29.0,64.84848260879517,600.0,,165.0,240300.0,,,,8.15,42.0,GFB_QA,gemma-1.1-7b-it_TO_gemma-1.1-7b-it_s42_bs5_top5,zflqsm62
MMLU,HIGH_SCHOOL_EUROPEAN_HISTORY,jingyaogong/MiniMind2,AlgPrompt,False,,,,,,,1.0,,,,,30.0,,4.0,3.0,,30.30303120613098,,,20.0,,,,,6.6,,mmlu,high_school_european_historymeta_changejingyaogong/MiniMind2_jingyaogong/MiniMind2,0fbr99jk
MMLU,HIGH_SCHOOL_GEOGRAPHY,google/gemma-1.1-7b-it,AlgPrompt,False,,,,,,,1.0,,,,,30.0,,4.0,3.0,,64.64646458625793,,,,,,,,4.87,42.0,mmlu,high_school_geographymeta_changegoogle/gemma-1.1-7b-it_google/gemma-1.1-7b-it,jr14yj8v
MMLU,HIGH_SCHOOL_GEOGRAPHY,google/gemma-1.1-7b-it,AlgPrompt,False,,,,,,,1.0,,,,,30.0,,4.0,3.0,,64.64646458625793,,,,,,,,5.02,42.0,mmlu,high_school_geographymeta_changegoogle/gemma-1.1-7b-it_google/gemma-1.1-7b-it,3iq1lv9y
MMLU,HIGH_SCHOOL_GEOGRAPHY,google/gemma-1.1-7b-it,AlgPrompt,False,,,,,,,1.0,,,,,30.0,,4.0,3.0,,66.16161465644836,,,,,,,,3.32,42.0,mmlu,high_school_geographymeta_changegoogle/gemma-1.1-7b-it_google/gemma-1.1-7b-it,n85dby9z
MMLU,HIGH_SCHOOL_GEOGRAPHY,google/gemma-1.1-7b-it,AlgPrompt,False,,,,,,,1.0,,,,,30.0,,4.0,3.0,,71.21211886405945,,,20.0,,,,,7.35,,mmlu,high_school_geographymeta_changegoogle/gemma-1.1-7b-it_google/gemma-1.1-7b-it,ulokorg4
MMLU,HIGH_SCHOOL_GEOGRAPHY,google/gemma-1.1-7b-it,StablePrompt-PPO(cs=0),True,0.0,10.0,,,,,1.0,,,,,30.0,5.0,5.0,4.0,29.0,67.17171669006348,600.0,,198.0,444000.0,,,,4.78,3.0,GFB_QA,gemma-1.1-7b-it_TO_gemma-1.1-7b-it_s3_bs5_top5,obg10eqt
MMLU,HIGH_SCHOOL_GEOGRAPHY,google/gemma-1.1-7b-it,StablePrompt-PPO(cs=0),True,0.0,10.0,,,,,1.0,,,,,30.0,5.0,5.0,4.0,29.0,70.20202279090881,600.0,,198.0,393600.0,,,,4.72,42.0,GFB_QA,gemma-1.1-7b-it_TO_gemma-1.1-7b-it_s42_bs5_top5,fu8oopb0
MMLU,HIGH_SCHOOL_GEOGRAPHY,google/gemma-1.1-7b-it,StablePrompt-PPO(cs=0.05),True,0.05,3.0,,,,,1.0,,,,,30.0,5.0,5.0,4.0,29.0,67.17171669006348,600.0,,198.0,384750.0,,,,2.87,42.0,GFB_QA,gemma-1.1-7b-it_TO_gemma-1.1-7b-it_s42_bs5_top5,9leqsd0o
MMLU,HIGH_SCHOOL_GEOGRAPHY,google/gemma-1.1-7b-it,StablePrompt-PPO(cs=0.05),True,0.05,3.0,,,,,1.0,,,,,30.0,5.0,4.0,4.0,59.0,48.48484992980957,960.0,,198.0,609000.0,,,,4.28,42.0,GFB_QA,gemma-1.1-7b-it_TO_gemma-1.1-7b-it_s42_bs4_top5,2xdmudfo
MMLU,HIGH_SCHOOL_GEOGRAPHY,google/gemma-1.1-7b-it,StablePrompt-PPO(cs=0.1),True,0.1,10.0,,,,,1.0,,,,,30.0,5.0,5.0,4.0,29.0,70.70707082748413,600.0,,198.0,393600.0,,,,4.68,42.0,GFB_QA,gemma-1.1-7b-it_TO_gemma-1.1-7b-it_s42_bs5_top5,hdplp1he
MMLU,HIGH_SCHOOL_GEOGRAPHY,jingyaogong/MiniMind2,AlgPrompt,False,,,,,,,1.0,,,,,30.0,,4.0,3.0,,24.242424964904774,,,20.0,,,,,7.42,,mmlu,high_school_geographymeta_changejingyaogong/MiniMind2_jingyaogong/MiniMind2,6yvkg01b
MMLU,HIGH_SCHOOL_MACROECONOMICS,google/gemma-1.1-7b-it,AlgPrompt,False,,,,,,,1.0,,,,,30.0,,4.0,3.0,,55.897438526153564,,,,,,,,7.9,42.0,mmlu,high_school_macroeconomicsmeta_changegoogle/gemma-1.1-7b-it_google/gemma-1.1-7b-it,oezrmvwk
MMLU,HIGH_SCHOOL_MACROECONOMICS,google/gemma-1.1-7b-it,AlgPrompt,False,,,,,,,1.0,,,,,30.0,,4.0,3.0,,55.897438526153564,,,,,,,,8.03,42.0,mmlu,high_school_macroeconomicsmeta_changegoogle/gemma-1.1-7b-it_google/gemma-1.1-7b-it,1a52626p
MMLU,HIGH_SCHOOL_MACROECONOMICS,google/gemma-1.1-7b-it,AlgPrompt,False,,,,,,,1.0,,,,,30.0,,4.0,3.0,,54.35897707939148,,,,,,,,5.02,42.0,mmlu,high_school_macroeconomicsmeta_changegoogle/gemma-1.1-7b-it_google/gemma-1.1-7b-it,g99kvafr
MMLU,HIGH_SCHOOL_MACROECONOMICS,google/gemma-1.1-7b-it,AlgPrompt,False,,,,,,,1.0,,,,,30.0,,4.0,3.0,,56.15384578704834,,,20.0,,,,,10.97,,mmlu,high_school_macroeconomicsmeta_changegoogle/gemma-1.1-7b-it_google/gemma-1.1-7b-it,n7ud92fh
MMLU,HIGH_SCHOOL_MACROECONOMICS,google/gemma-1.1-7b-it,StablePrompt-PPO(cs=0),True,0.0,10.0,,,,,1.0,,,,,30.0,5.0,5.0,4.0,29.0,54.10256385803223,600.0,,390.0,340200.0,,,,6.03,3.0,GFB_QA,gemma-1.1-7b-it_TO_gemma-1.1-7b-it_s3_bs5_top5,9mnxy9vt
MMLU,HIGH_SCHOOL_MACROECONOMICS,google/gemma-1.1-7b-it,StablePrompt-PPO(cs=0),True,0.0,10.0,,,,,1.0,,,,,30.0,5.0,5.0,4.0,29.0,55.384618043899536,600.0,,390.0,341250.0,,,,6.03,42.0,GFB_QA,gemma-1.1-7b-it_TO_gemma-1.1-7b-it_s42_bs5_top5,gowj44hl
MMLU,HIGH_SCHOOL_MACROECONOMICS,google/gemma-1.1-7b-it,StablePrompt-PPO(cs=0.05),True,0.05,3.0,,,,,1.0,,,,,30.0,5.0,5.0,4.0,29.0,58.71794819831848,600.0,,390.0,309750.0,,,,3.3,42.0,GFB_QA,gemma-1.1-7b-it_TO_gemma-1.1-7b-it_s42_bs5_top5,jfk2bc95
MMLU,HIGH_SCHOOL_MACROECONOMICS,google/gemma-1.1-7b-it,StablePrompt-PPO(cs=0.05),True,0.05,3.0,,,,,1.0,,,,,30.0,5.0,4.0,4.0,59.0,53.5897433757782,960.0,,390.0,462240.0,,,,4.98,42.0,GFB_QA,gemma-1.1-7b-it_TO_gemma-1.1-7b-it_s42_bs4_top5,wzu2lfcf
MMLU,HIGH_SCHOOL_MACROECONOMICS,google/gemma-1.1-7b-it,StablePrompt-PPO(cs=0.1),True,0.1,10.0,,,,,1.0,,,,,30.0,5.0,5.0,4.0,29.0,55.384618043899536,600.0,,390.0,341250.0,,,,6.02,42.0,GFB_QA,gemma-1.1-7b-it_TO_gemma-1.1-7b-it_s42_bs5_top5,hzdoupof
MMLU,HIGH_SCHOOL_MACROECONOMICS,jingyaogong/MiniMind2,AlgPrompt,False,,,,,,,1.0,,,,,30.0,,4.0,3.0,,28.717949986457818,,,20.0,,,,,12.57,,mmlu,high_school_macroeconomicsmeta_changejingyaogong/MiniMind2_jingyaogong/MiniMind2,tikbkl3m
MMLU,HIGH_SCHOOL_MATHEMATICS,google/gemma-1.1-7b-it,AlgPrompt,False,,,,,,,1.0,,,,,30.0,,4.0,3.0,,30.7407408952713,,,,,,,,6.48,42.0,mmlu,high_school_mathematicsmeta_changegoogle/gemma-1.1-7b-it_google/gemma-1.1-7b-it,hnws59g7
MMLU,HIGH_SCHOOL_MATHEMATICS,google/gemma-1.1-7b-it,AlgPrompt,False,,,,,,,1.0,,,,,30.0,,4.0,3.0,,30.7407408952713,,,,,,,,6.5,42.0,mmlu,high_school_mathematicsmeta_changegoogle/gemma-1.1-7b-it_google/gemma-1.1-7b-it,t9vff28d
MMLU,HIGH_SCHOOL_MATHEMATICS,google/gemma-1.1-7b-it,AlgPrompt,False,,,,,,,1.0,,,,,30.0,,4.0,3.0,,30.7407408952713,,,,,,,,4.18,42.0,mmlu,high_school_mathematicsmeta_changegoogle/gemma-1.1-7b-it_google/gemma-1.1-7b-it,bd4i3pav
MMLU,HIGH_SCHOOL_MATHEMATICS,google/gemma-1.1-7b-it,AlgPrompt,False,,,,,,,1.0,,,,,30.0,,4.0,3.0,,34.44444537162781,,,20.0,,,,,9.08,,mmlu,high_school_mathematicsmeta_changegoogle/gemma-1.1-7b-it_google/gemma-1.1-7b-it,738abr4q
MMLU,HIGH_SCHOOL_MATHEMATICS,google/gemma-1.1-7b-it,StablePrompt-PPO(cs=0),True,0.0,10.0,,,,,1.0,,,,,30.0,5.0,5.0,4.0,29.0,35.55555641651153,600.0,,270.0,265950.0,,,,5.23,3.0,GFB_QA,gemma-1.1-7b-it_TO_gemma-1.1-7b-it_s3_bs5_top5,pacia9fw
MMLU,HIGH_SCHOOL_MATHEMATICS,google/gemma-1.1-7b-it,StablePrompt-PPO(cs=0),True,0.0,10.0,,,,,1.0,,,,,30.0,5.0,5.0,4.0,29.0,32.59259164333343,600.0,,270.0,134700.0,,,,5.37,42.0,GFB_QA,gemma-1.1-7b-it_TO_gemma-1.1-7b-it_s42_bs5_top5,11ir8ywt
MMLU,HIGH_SCHOOL_MATHEMATICS,google/gemma-1.1-7b-it,StablePrompt-PPO(cs=0.05),True,0.05,3.0,,,,,1.0,,,,,30.0,5.0,5.0,4.0,29.0,34.81481373310089,600.0,,270.0,128700.0,,,,2.78,42.0,GFB_QA,gemma-1.1-7b-it_TO_gemma-1.1-7b-it_s42_bs5_top5,djvobl20
MMLU,HIGH_SCHOOL_MATHEMATICS,google/gemma-1.1-7b-it,StablePrompt-PPO(cs=0.05),True,0.05,3.0,,,,,1.0,,,,,30.0,5.0,4.0,4.0,59.0,32.59259164333343,960.0,,270.0,209640.0,,,,4.38,42.0,GFB_QA,gemma-1.1-7b-it_TO_gemma-1.1-7b-it_s42_bs4_top5,04m7hr6i
MMLU,HIGH_SCHOOL_MATHEMATICS,google/gemma-1.1-7b-it,StablePrompt-PPO(cs=0.1),True,0.1,10.0,,,,,1.0,,,,,30.0,5.0,5.0,4.0,29.0,32.59259164333343,600.0,,270.0,134700.0,,,,5.28,42.0,GFB_QA,gemma-1.1-7b-it_TO_gemma-1.1-7b-it_s42_bs5_top5,wd8b38q3
MMLU,HIGH_SCHOOL_MATHEMATICS,jingyaogong/MiniMind2,AlgPrompt,False,,,,,,,1.0,,,,,30.0,,4.0,3.0,,26.66666805744171,,,20.0,,,,,9.18,,mmlu,high_school_mathematicsmeta_changejingyaogong/MiniMind2_jingyaogong/MiniMind2,w7286wwd
MMLU,HIGH_SCHOOL_MICROECONOMICS,google/gemma-1.1-7b-it,AlgPrompt,False,,,,,,,1.0,,,,,30.0,,4.0,3.0,,57.14285969734192,,,,,,,,5.67,42.0,mmlu,high_school_microeconomicsmeta_changegoogle/gemma-1.1-7b-it_google/gemma-1.1-7b-it,s55k9pqa
MMLU,HIGH_SCHOOL_MICROECONOMICS,google/gemma-1.1-7b-it,AlgPrompt,False,,,,,,,1.0,,,,,30.0,,4.0,3.0,,57.14285969734192,,,,,,,,5.95,42.0,mmlu,high_school_microeconomicsmeta_changegoogle/gemma-1.1-7b-it_google/gemma-1.1-7b-it,p47kscn7
MMLU,HIGH_SCHOOL_MICROECONOMICS,google/gemma-1.1-7b-it,AlgPrompt,False,,,,,,,1.0,,,,,30.0,,4.0,3.0,,60.5042040348053,,,,,,,,3.77,42.0,mmlu,high_school_microeconomicsmeta_changegoogle/gemma-1.1-7b-it_google/gemma-1.1-7b-it,xoue7p0s
MMLU,HIGH_SCHOOL_MICROECONOMICS,google/gemma-1.1-7b-it,AlgPrompt,False,,,,,,,1.0,,,,,30.0,,4.0,3.0,,63.86554837226868,,,20.0,,,,,8.33,,mmlu,high_school_microeconomicsmeta_changegoogle/gemma-1.1-7b-it_google/gemma-1.1-7b-it,amnlglhy
MMLU,HIGH_SCHOOL_MICROECONOMICS,google/gemma-1.1-7b-it,StablePrompt-PPO(cs=0),True,0.0,10.0,,,,,1.0,,,,,30.0,5.0,5.0,4.0,29.0,61.34454011917114,600.0,,238.0,408300.0,,,,5.32,3.0,GFB_QA,gemma-1.1-7b-it_TO_gemma-1.1-7b-it_s3_bs5_top5,2mir5t9s
MMLU,HIGH_SCHOOL_MICROECONOMICS,google/gemma-1.1-7b-it,StablePrompt-PPO(cs=0),True,0.0,10.0,,,,,1.0,,,,,30.0,5.0,5.0,4.0,29.0,50.42017102241516,600.0,,238.0,281550.0,,,,5.23,42.0,GFB_QA,gemma-1.1-7b-it_TO_gemma-1.1-7b-it_s42_bs5_top5,1i6r5zhw
MMLU,HIGH_SCHOOL_MICROECONOMICS,google/gemma-1.1-7b-it,StablePrompt-PPO(cs=0.05),True,0.05,3.0,,,,,1.0,,,,,30.0,5.0,5.0,4.0,29.0,68.0672287940979,600.0,,238.0,298200.0,,,,2.88,42.0,GFB_QA,gemma-1.1-7b-it_TO_gemma-1.1-7b-it_s42_bs5_top5,cm0o2dmo
MMLU,HIGH_SCHOOL_MICROECONOMICS,google/gemma-1.1-7b-it,StablePrompt-PPO(cs=0.05),True,0.05,3.0,,,,,1.0,,,,,30.0,5.0,4.0,4.0,59.0,63.44537734985352,960.0,,238.0,542880.0,,,,4.63,42.0,GFB_QA,gemma-1.1-7b-it_TO_gemma-1.1-7b-it_s42_bs4_top5,5ghndbna
MMLU,HIGH_SCHOOL_MICROECONOMICS,google/gemma-1.1-7b-it,StablePrompt-PPO(cs=0.1),True,0.1,10.0,,,,,1.0,,,,,30.0,5.0,5.0,4.0,29.0,50.42017102241516,600.0,,238.0,281550.0,,,,5.23,42.0,GFB_QA,gemma-1.1-7b-it_TO_gemma-1.1-7b-it_s42_bs5_top5,mwxe0xe9
MMLU,HIGH_SCHOOL_MICROECONOMICS,jingyaogong/MiniMind2,AlgPrompt,False,,,,,,,1.0,,,,,30.0,,4.0,3.0,,25.630253553390496,,,20.0,,,,,8.48,,mmlu,high_school_microeconomicsmeta_changejingyaogong/MiniMind2_jingyaogong/MiniMind2,l1tcfobc
MMLU,HIGH_SCHOOL_PHYSICS,google/gemma-1.1-7b-it,AlgPrompt,False,,,,,,,1.0,,,,,30.0,,4.0,3.0,,31.125828623771667,,,,,,,,5.18,42.0,mmlu,high_school_physicsmeta_changegoogle/gemma-1.1-7b-it_google/gemma-1.1-7b-it,qax08j7x
MMLU,HIGH_SCHOOL_PHYSICS,google/gemma-1.1-7b-it,AlgPrompt,False,,,,,,,1.0,,,,,30.0,,4.0,3.0,,31.125828623771667,,,,,,,,5.13,42.0,mmlu,high_school_physicsmeta_changegoogle/gemma-1.1-7b-it_google/gemma-1.1-7b-it,6ayeiz9a
MMLU,HIGH_SCHOOL_PHYSICS,google/gemma-1.1-7b-it,AlgPrompt,False,,,,,,,1.0,,,,,30.0,,4.0,3.0,,33.112582564353936,,,,,,,,3.27,42.0,mmlu,high_school_physicsmeta_changegoogle/gemma-1.1-7b-it_google/gemma-1.1-7b-it,lido8glg
MMLU,HIGH_SCHOOL_PHYSICS,google/gemma-1.1-7b-it,AlgPrompt,False,,,,,,,1.0,,,,,30.0,,4.0,3.0,,29.139071702957143,,,20.0,,,,,7.18,,mmlu,high_school_physicsmeta_changegoogle/gemma-1.1-7b-it_google/gemma-1.1-7b-it,xy552pie
MMLU,HIGH_SCHOOL_PHYSICS,google/gemma-1.1-7b-it,StablePrompt-PPO(cs=0),True,0.0,10.0,,,,,1.0,,,,,30.0,5.0,5.0,4.0,29.0,37.08609342575073,600.0,,151.0,350700.0,,,,5.08,3.0,GFB_QA,gemma-1.1-7b-it_TO_gemma-1.1-7b-it_s3_bs5_top5,oixu6l8n
MMLU,HIGH_SCHOOL_PHYSICS,google/gemma-1.1-7b-it,StablePrompt-PPO(cs=0),True,0.0,10.0,,,,,1.0,,,,,30.0,5.0,5.0,4.0,29.0,35.76158881187439,600.0,,151.0,380850.0,,,,5.08,42.0,GFB_QA,gemma-1.1-7b-it_TO_gemma-1.1-7b-it_s42_bs5_top5,qu9g23ok
MMLU,HIGH_SCHOOL_PHYSICS,google/gemma-1.1-7b-it,StablePrompt-PPO(cs=0.05),True,0.05,3.0,,,,,1.0,,,,,30.0,5.0,5.0,4.0,29.0,35.09933650493622,600.0,,151.0,318150.0,,,,2.67,42.0,GFB_QA,gemma-1.1-7b-it_TO_gemma-1.1-7b-it_s42_bs5_top5,hg1js7cx
MMLU,HIGH_SCHOOL_PHYSICS,google/gemma-1.1-7b-it,StablePrompt-PPO(cs=0.05),True,0.05,3.0,,,,,1.0,,,,,30.0,5.0,4.0,4.0,59.0,27.15231776237488,960.0,,151.0,446880.0,,,,4.57,42.0,GFB_QA,gemma-1.1-7b-it_TO_gemma-1.1-7b-it_s42_bs4_top5,jyb5otpz
MMLU,HIGH_SCHOOL_PHYSICS,google/gemma-1.1-7b-it,StablePrompt-PPO(cs=0.1),True,0.1,10.0,,,,,1.0,,,,,30.0,5.0,5.0,4.0,29.0,35.76158881187439,600.0,,151.0,380850.0,,,,5.02,42.0,GFB_QA,gemma-1.1-7b-it_TO_gemma-1.1-7b-it_s42_bs5_top5,plzryr1x
MMLU,HIGH_SCHOOL_PHYSICS,jingyaogong/MiniMind2,AlgPrompt,False,,,,,,,1.0,,,,,30.0,,4.0,3.0,,23.84105920791626,,,20.0,,,,,6.17,,mmlu,high_school_physicsmeta_changejingyaogong/MiniMind2_jingyaogong/MiniMind2,ii6ce7k0
MMLU,HIGH_SCHOOL_PSYCHOLOGY,google/gemma-1.1-7b-it,AlgPrompt,False,,,,,,,1.0,,,,,30.0,,4.0,3.0,,72.47706651687622,,,,,,,,10.17,42.0,mmlu,high_school_psychologymeta_changegoogle/gemma-1.1-7b-it_google/gemma-1.1-7b-it,izzyqa9w
MMLU,HIGH_SCHOOL_PSYCHOLOGY,google/gemma-1.1-7b-it,AlgPrompt,False,,,,,,,1.0,,,,,30.0,,4.0,3.0,,72.47706651687622,,,,,,,,10.37,42.0,mmlu,high_school_psychologymeta_changegoogle/gemma-1.1-7b-it_google/gemma-1.1-7b-it,nkjolpt4
MMLU,HIGH_SCHOOL_PSYCHOLOGY,google/gemma-1.1-7b-it,AlgPrompt,False,,,,,,,1.0,,,,,30.0,,4.0,3.0,,73.94495606422424,,,,,,,,6.4,42.0,mmlu,high_school_psychologymeta_changegoogle/gemma-1.1-7b-it_google/gemma-1.1-7b-it,9sf06ymq
MMLU,HIGH_SCHOOL_PSYCHOLOGY,google/gemma-1.1-7b-it,AlgPrompt,False,,,,,,,1.0,,,,,30.0,,4.0,3.0,,72.84403443336487,,,20.0,,,,,13.97,,mmlu,high_school_psychologymeta_changegoogle/gemma-1.1-7b-it_google/gemma-1.1-7b-it,ohkyxdk8
MMLU,HIGH_SCHOOL_PSYCHOLOGY,google/gemma-1.1-7b-it,StablePrompt-PPO(cs=0),True,0.0,10.0,,,,,1.0,,,,,30.0,5.0,5.0,4.0,29.0,77.24770903587341,600.0,,545.0,278850.0,,,,7.18,3.0,GFB_QA,gemma-1.1-7b-it_TO_gemma-1.1-7b-it_s3_bs5_top5,ugantwyc
MMLU,HIGH_SCHOOL_PSYCHOLOGY,google/gemma-1.1-7b-it,StablePrompt-PPO(cs=0),True,0.0,10.0,,,,,1.0,,,,,30.0,5.0,5.0,4.0,29.0,67.88991093635559,600.0,,545.0,319200.0,,,,7.15,42.0,GFB_QA,gemma-1.1-7b-it_TO_gemma-1.1-7b-it_s42_bs5_top5,6d3gtpx8
MMLU,HIGH_SCHOOL_PSYCHOLOGY,google/gemma-1.1-7b-it,StablePrompt-PPO(cs=0.05),True,0.05,3.0,,,,,1.0,,,,,30.0,5.0,5.0,4.0,29.0,69.90825533866882,600.0,,545.0,422400.0,,,,3.77,42.0,GFB_QA,gemma-1.1-7b-it_TO_gemma-1.1-7b-it_s42_bs5_top5,kfyl3spu
MMLU,HIGH_SCHOOL_PSYCHOLOGY,google/gemma-1.1-7b-it,StablePrompt-PPO(cs=0.05),True,0.05,3.0,,,,,1.0,,,,,30.0,5.0,4.0,4.0,59.0,70.45871615409851,960.0,,545.0,510840.0,,,,5.45,42.0,GFB_QA,gemma-1.1-7b-it_TO_gemma-1.1-7b-it_s42_bs4_top5,lk916cun
MMLU,HIGH_SCHOOL_PSYCHOLOGY,google/gemma-1.1-7b-it,StablePrompt-PPO(cs=0.1),True,0.1,10.0,,,,,1.0,,,,,30.0,5.0,5.0,4.0,29.0,67.88991093635559,600.0,,545.0,319200.0,,,,7.12,42.0,GFB_QA,gemma-1.1-7b-it_TO_gemma-1.1-7b-it_s42_bs5_top5,k9ojo74h
MMLU,HIGH_SCHOOL_PSYCHOLOGY,jingyaogong/MiniMind2,AlgPrompt,False,,,,,,,1.0,,,,,30.0,,4.0,3.0,,30.825689435005188,,,20.0,,,,,16.8,,mmlu,high_school_psychologymeta_changejingyaogong/MiniMind2_jingyaogong/MiniMind2,tn3hjs44
MMLU,HIGH_SCHOOL_STATISTICS,google/gemma-1.1-7b-it,AlgPrompt,False,,,,,,,1.0,,,,,30.0,,4.0,3.0,,37.5,,,,,,,,6.1,42.0,mmlu,high_school_statisticsmeta_changegoogle/gemma-1.1-7b-it_google/gemma-1.1-7b-it,ttth95h9
MMLU,HIGH_SCHOOL_STATISTICS,google/gemma-1.1-7b-it,AlgPrompt,False,,,,,,,1.0,,,,,30.0,,4.0,3.0,,37.5,,,,,,,,6.05,42.0,mmlu,high_school_statisticsmeta_changegoogle/gemma-1.1-7b-it_google/gemma-1.1-7b-it,5ogon63o
MMLU,HIGH_SCHOOL_STATISTICS,google/gemma-1.1-7b-it,AlgPrompt,False,,,,,,,1.0,,,,,30.0,,4.0,3.0,,37.96296417713166,,,,,,,,3.83,42.0,mmlu,high_school_statisticsmeta_changegoogle/gemma-1.1-7b-it_google/gemma-1.1-7b-it,sc83vm5z
MMLU,HIGH_SCHOOL_STATISTICS,google/gemma-1.1-7b-it,AlgPrompt,False,,,,,,,1.0,,,,,30.0,,4.0,3.0,,41.2037044763565,,,20.0,,,,,8.88,,mmlu,high_school_statisticsmeta_changegoogle/gemma-1.1-7b-it_google/gemma-1.1-7b-it,y35a0xdv
MMLU,HIGH_SCHOOL_STATISTICS,google/gemma-1.1-7b-it,StablePrompt-PPO(cs=0),True,0.0,10.0,,,,,1.0,,,,,30.0,5.0,5.0,4.0,29.0,49.07407462596894,600.0,,216.0,334050.0,,,,5.8,3.0,GFB_QA,gemma-1.1-7b-it_TO_gemma-1.1-7b-it_s3_bs5_top5,ls6ydzpu
MMLU,HIGH_SCHOOL_STATISTICS,google/gemma-1.1-7b-it,StablePrompt-PPO(cs=0),True,0.0,10.0,,,,,1.0,,,,,30.0,5.0,5.0,4.0,29.0,52.77777910232544,600.0,,216.0,182250.0,,,,5.83,42.0,GFB_QA,gemma-1.1-7b-it_TO_gemma-1.1-7b-it_s42_bs5_top5,xkrt1mo2
MMLU,HIGH_SCHOOL_STATISTICS,google/gemma-1.1-7b-it,StablePrompt-PPO(cs=0.05),True,0.05,3.0,,,,,1.0,,,,,30.0,5.0,5.0,4.0,29.0,49.53703582286834,600.0,,216.0,181050.0,,,,3.2,42.0,GFB_QA,gemma-1.1-7b-it_TO_gemma-1.1-7b-it_s42_bs5_top5,my0xsjq4
MMLU,HIGH_SCHOOL_STATISTICS,google/gemma-1.1-7b-it,StablePrompt-PPO(cs=0.05),True,0.05,3.0,,,,,1.0,,,,,30.0,5.0,4.0,4.0,59.0,47.685185074806206,960.0,,216.0,473040.0,,,,4.98,42.0,GFB_QA,gemma-1.1-7b-it_TO_gemma-1.1-7b-it_s42_bs4_top5,avqb5808
MMLU,HIGH_SCHOOL_STATISTICS,google/gemma-1.1-7b-it,StablePrompt-PPO(cs=0.1),True,0.1,10.0,,,,,1.0,,,,,30.0,5.0,5.0,4.0,29.0,52.77777910232544,600.0,,216.0,182250.0,,,,5.8,42.0,GFB_QA,gemma-1.1-7b-it_TO_gemma-1.1-7b-it_s42_bs5_top5,d6w770ck
MMLU,HIGH_SCHOOL_STATISTICS,jingyaogong/MiniMind2,AlgPrompt,False,,,,,,,1.0,,,,,30.0,,4.0,3.0,,25.46296417713165,,,20.0,,,,,7.82,,mmlu,high_school_statisticsmeta_changejingyaogong/MiniMind2_jingyaogong/MiniMind2,3kit1hml
MMLU,HIGH_SCHOOL_US_HISTORY,google/gemma-1.1-7b-it,AlgPrompt,False,,,,,,,1.0,,,,,30.0,,4.0,3.0,,67.64705777168274,,,,,,,,8.45,42.0,mmlu,high_school_us_historymeta_changegoogle/gemma-1.1-7b-it_google/gemma-1.1-7b-it,ciasykxg
MMLU,HIGH_SCHOOL_US_HISTORY,google/gemma-1.1-7b-it,AlgPrompt,False,,,,,,,1.0,,,,,30.0,,4.0,3.0,,67.64705777168274,,,,,,,,8.47,42.0,mmlu,high_school_us_historymeta_changegoogle/gemma-1.1-7b-it_google/gemma-1.1-7b-it,2c8eozuo
MMLU,HIGH_SCHOOL_US_HISTORY,google/gemma-1.1-7b-it,AlgPrompt,False,,,,,,,1.0,,,,,30.0,,4.0,3.0,,67.15686321258545,,,,,,,,4.78,42.0,mmlu,high_school_us_historymeta_changegoogle/gemma-1.1-7b-it_google/gemma-1.1-7b-it,q6zh5t6a
MMLU,HIGH_SCHOOL_US_HISTORY,google/gemma-1.1-7b-it,StablePrompt-PPO(cs=0),True,0.0,10.0,,,,,1.0,,,,,30.0,5.0,5.0,4.0,29.0,59.80392098426819,600.0,,204.0,339450.0,,,,7.83,3.0,GFB_QA,gemma-1.1-7b-it_TO_gemma-1.1-7b-it_s3_bs5_top5,nshjh1em
MMLU,HIGH_SCHOOL_US_HISTORY,google/gemma-1.1-7b-it,StablePrompt-PPO(cs=0),True,0.0,10.0,,,,,1.0,,,,,30.0,5.0,5.0,4.0,29.0,58.33333134651184,600.0,,204.0,397500.0,,,,8.0,42.0,GFB_QA,gemma-1.1-7b-it_TO_gemma-1.1-7b-it_s42_bs5_top5,sj42dk75
MMLU,HIGH_SCHOOL_US_HISTORY,google/gemma-1.1-7b-it,StablePrompt-PPO(cs=0.05),True,0.05,3.0,,,,,1.0,,,,,30.0,5.0,5.0,4.0,29.0,60.784316062927246,600.0,,204.0,399150.0,,,,4.03,42.0,GFB_QA,gemma-1.1-7b-it_TO_gemma-1.1-7b-it_s42_bs5_top5,raclwvfl
MMLU,HIGH_SCHOOL_US_HISTORY,google/gemma-1.1-7b-it,StablePrompt-PPO(cs=0.05),True,0.05,3.0,,,,,1.0,,,,,30.0,5.0,4.0,4.0,59.0,65.19607901573181,960.0,,204.0,607680.0,,,,5.92,42.0,GFB_QA,gemma-1.1-7b-it_TO_gemma-1.1-7b-it_s42_bs4_top5,xs0s75n3
MMLU,HIGH_SCHOOL_US_HISTORY,google/gemma-1.1-7b-it,StablePrompt-PPO(cs=0.1),True,0.1,10.0,,,,,1.0,,,,,30.0,5.0,5.0,4.0,29.0,58.33333134651184,600.0,,204.0,397500.0,,,,7.92,42.0,GFB_QA,gemma-1.1-7b-it_TO_gemma-1.1-7b-it_s42_bs5_top5,29vowlro
MMLU,HIGH_SCHOOL_US_HISTORY,jingyaogong/MiniMind2,AlgPrompt,False,,,,,,,1.0,,,,,30.0,,4.0,3.0,,26.96078419685364,,,20.0,,,,,7.55,,mmlu,high_school_us_historymeta_changejingyaogong/MiniMind2_jingyaogong/MiniMind2,0l7rysn8
MMLU,HIGH_SCHOOL_WORLD_HISTORY,google/gemma-1.1-7b-it,AlgPrompt,False,,,,,,,1.0,,,,,30.0,,4.0,3.0,,74.2616057395935,,,,,,,,11.5,42.0,mmlu,high_school_world_historymeta_changegoogle/gemma-1.1-7b-it_google/gemma-1.1-7b-it,05dglm4n
MMLU,HIGH_SCHOOL_WORLD_HISTORY,google/gemma-1.1-7b-it,AlgPrompt,False,,,,,,,1.0,,,,,30.0,,4.0,3.0,,74.2616057395935,,,,,,,,11.45,42.0,mmlu,high_school_world_historymeta_changegoogle/gemma-1.1-7b-it_google/gemma-1.1-7b-it,yf5i9qrt
MMLU,HIGH_SCHOOL_WORLD_HISTORY,google/gemma-1.1-7b-it,AlgPrompt,False,,,,,,,1.0,,,,,30.0,,4.0,3.0,,74.6835470199585,,,,,,,,6.33,42.0,mmlu,high_school_world_historymeta_changegoogle/gemma-1.1-7b-it_google/gemma-1.1-7b-it,h3rozwrx
MMLU,HIGH_SCHOOL_WORLD_HISTORY,google/gemma-1.1-7b-it,StablePrompt-PPO(cs=0),True,0.0,10.0,,,,,1.0,,,,,30.0,5.0,5.0,4.0,29.0,70.0421929359436,600.0,,237.0,304500.0,,,,8.5,3.0,GFB_QA,gemma-1.1-7b-it_TO_gemma-1.1-7b-it_s3_bs5_top5,tfal0gjv
MMLU,HIGH_SCHOOL_WORLD_HISTORY,google/gemma-1.1-7b-it,StablePrompt-PPO(cs=0),True,0.0,10.0,,,,,1.0,,,,,30.0,5.0,5.0,4.0,29.0,71.30801677703857,600.0,,237.0,428550.0,,,,8.32,42.0,GFB_QA,gemma-1.1-7b-it_TO_gemma-1.1-7b-it_s42_bs5_top5,9y0ndn91
MMLU,HIGH_SCHOOL_WORLD_HISTORY,google/gemma-1.1-7b-it,StablePrompt-PPO(cs=0.05),True,0.05,3.0,,,,,1.0,,,,,30.0,5.0,5.0,4.0,29.0,71.72995805740356,600.0,,237.0,400950.0,,,,4.23,42.0,GFB_QA,gemma-1.1-7b-it_TO_gemma-1.1-7b-it_s42_bs5_top5,zhelgklr
MMLU,HIGH_SCHOOL_WORLD_HISTORY,google/gemma-1.1-7b-it,StablePrompt-PPO(cs=0.05),True,0.05,3.0,,,,,1.0,,,,,30.0,5.0,4.0,4.0,59.0,72.99578189849854,960.0,,237.0,660600.0,,,,6.53,42.0,GFB_QA,gemma-1.1-7b-it_TO_gemma-1.1-7b-it_s42_bs4_top5,si1vokbf
MMLU,HIGH_SCHOOL_WORLD_HISTORY,google/gemma-1.1-7b-it,StablePrompt-PPO(cs=0.1),True,0.1,10.0,,,,,1.0,,,,,30.0,5.0,5.0,4.0,29.0,71.30801677703857,600.0,,237.0,428550.0,,,,8.33,42.0,GFB_QA,gemma-1.1-7b-it_TO_gemma-1.1-7b-it_s42_bs5_top5,6742xuov
MMLU,HIGH_SCHOOL_WORLD_HISTORY,jingyaogong/MiniMind2,AlgPrompt,False,,,,,,,1.0,,,,,30.0,,4.0,3.0,,33.75527560710907,,,20.0,,,,,1.35,,mmlu,high_school_world_historymeta_changejingyaogong/MiniMind2_jingyaogong/MiniMind2,50itad56
MMLU,HUMAN_AGING,google/gemma-1.1-7b-it,AlgPrompt,False,,,,,,,1.0,,,,,30.0,,4.0,3.0,,56.0538113117218,,,,,,,,5.0,42.0,mmlu,human_agingmeta_changegoogle/gemma-1.1-7b-it_google/gemma-1.1-7b-it,6q7w7t9k
MMLU,HUMAN_AGING,google/gemma-1.1-7b-it,AlgPrompt,False,,,,,,,1.0,,,,,30.0,,4.0,3.0,,56.0538113117218,,,,,,,,5.17,42.0,mmlu,human_agingmeta_changegoogle/gemma-1.1-7b-it_google/gemma-1.1-7b-it,rcrajve2
MMLU,HUMAN_AGING,google/gemma-1.1-7b-it,AlgPrompt,False,,,,,,,1.0,,,,,30.0,,4.0,3.0,,53.811657428741455,,,,,,,,3.47,42.0,mmlu,human_agingmeta_changegoogle/gemma-1.1-7b-it_google/gemma-1.1-7b-it,rk41n4a7
MMLU,HUMAN_AGING,google/gemma-1.1-7b-it,AlgPrompt,False,,,,,,,1.0,,,,,30.0,,4.0,3.0,,54.70852255821228,,,20.0,,,,,7.53,,mmlu,human_agingmeta_changegoogle/gemma-1.1-7b-it_google/gemma-1.1-7b-it,tam1wkgj
MMLU,HUMAN_AGING,google/gemma-1.1-7b-it,StablePrompt-PPO(cs=0),True,0.0,10.0,,,,,1.0,,,,,30.0,5.0,5.0,4.0,29.0,51.121073961257935,600.0,,223.0,334500.0,,,,4.85,3.0,GFB_QA,gemma-1.1-7b-it_TO_gemma-1.1-7b-it_s3_bs5_top5,2t2nz97a
MMLU,HUMAN_AGING,google/gemma-1.1-7b-it,StablePrompt-PPO(cs=0),True,0.0,10.0,,,,,1.0,,,,,30.0,5.0,5.0,4.0,29.0,50.67264437675476,600.0,,223.0,363900.0,,,,4.8,42.0,GFB_QA,gemma-1.1-7b-it_TO_gemma-1.1-7b-it_s42_bs5_top5,jl2kebfs
MMLU,HUMAN_AGING,google/gemma-1.1-7b-it,StablePrompt-PPO(cs=0.05),True,0.05,3.0,,,,,1.0,,,,,30.0,5.0,5.0,4.0,29.0,56.0538113117218,600.0,,223.0,407850.0,,,,2.77,42.0,GFB_QA,gemma-1.1-7b-it_TO_gemma-1.1-7b-it_s42_bs5_top5,27m3q55m
MMLU,HUMAN_AGING,google/gemma-1.1-7b-it,StablePrompt-PPO(cs=0.05),True,0.05,3.0,,,,,1.0,,,,,30.0,5.0,4.0,4.0,59.0,57.3991060256958,960.0,,223.0,609240.0,,,,4.52,42.0,GFB_QA,gemma-1.1-7b-it_TO_gemma-1.1-7b-it_s42_bs4_top5,xpei6wiy
MMLU,HUMAN_AGING,google/gemma-1.1-7b-it,StablePrompt-PPO(cs=0.1),True,0.1,10.0,,,,,1.0,,,,,30.0,5.0,5.0,4.0,29.0,43.49775910377502,600.0,,223.0,363900.0,,,,4.83,42.0,GFB_QA,gemma-1.1-7b-it_TO_gemma-1.1-7b-it_s42_bs5_top5,5a1e8s3l
MMLU,HUMAN_AGING,jingyaogong/MiniMind2,AlgPrompt,False,,,,,,,1.0,,,,,30.0,,4.0,3.0,,38.116592168807976,,,20.0,,,,,8.0,,mmlu,human_agingmeta_changejingyaogong/MiniMind2_jingyaogong/MiniMind2,ex1phg9j
MMLU,HUMAN_SEXUALITY,google/gemma-1.1-7b-it,AlgPrompt,False,,,,,,,1.0,,,,,30.0,,4.0,3.0,,67.17557311058044,,,,,,,,3.75,42.0,mmlu,human_sexualitymeta_changegoogle/gemma-1.1-7b-it_google/gemma-1.1-7b-it,6aewnqco
MMLU,HUMAN_SEXUALITY,google/gemma-1.1-7b-it,AlgPrompt,False,,,,,,,1.0,,,,,30.0,,4.0,3.0,,67.17557311058044,,,,,,,,3.82,42.0,mmlu,human_sexualitymeta_changegoogle/gemma-1.1-7b-it_google/gemma-1.1-7b-it,sronoml3
MMLU,HUMAN_SEXUALITY,google/gemma-1.1-7b-it,AlgPrompt,False,,,,,,,1.0,,,,,30.0,,4.0,3.0,,66.41221642494202,,,,,,,,2.7,42.0,mmlu,human_sexualitymeta_changegoogle/gemma-1.1-7b-it_google/gemma-1.1-7b-it,cp96k24t
MMLU,HUMAN_SEXUALITY,google/gemma-1.1-7b-it,AlgPrompt,False,,,,,,,1.0,,,,,30.0,,4.0,3.0,,67.17557311058044,,,20.0,,,,,5.97,,mmlu,human_sexualitymeta_changegoogle/gemma-1.1-7b-it_google/gemma-1.1-7b-it,mjytq255
MMLU,HUMAN_SEXUALITY,google/gemma-1.1-7b-it,StablePrompt-PPO(cs=0),True,0.0,10.0,,,,,1.0,,,,,30.0,5.0,5.0,4.0,29.0,49.61832165718078,600.0,,131.0,190350.0,,,,4.47,3.0,GFB_QA,gemma-1.1-7b-it_TO_gemma-1.1-7b-it_s3_bs5_top5,3y4410q3
MMLU,HUMAN_SEXUALITY,google/gemma-1.1-7b-it,StablePrompt-PPO(cs=0),True,0.0,10.0,,,,,1.0,,,,,30.0,5.0,5.0,4.0,29.0,55.72519302368164,600.0,,131.0,252900.0,,,,4.53,42.0,GFB_QA,gemma-1.1-7b-it_TO_gemma-1.1-7b-it_s42_bs5_top5,vllfhdax
MMLU,HUMAN_SEXUALITY,google/gemma-1.1-7b-it,StablePrompt-PPO(cs=0.05),True,0.05,3.0,,,,,1.0,,,,,30.0,5.0,5.0,4.0,29.0,51.14504098892212,600.0,,131.0,243300.0,,,,2.58,42.0,GFB_QA,gemma-1.1-7b-it_TO_gemma-1.1-7b-it_s42_bs5_top5,lifem683
MMLU,HUMAN_SEXUALITY,google/gemma-1.1-7b-it,StablePrompt-PPO(cs=0.05),True,0.05,3.0,,,,,1.0,,,,,30.0,5.0,4.0,4.0,59.0,67.17557311058044,960.0,,131.0,403200.0,,,,4.32,42.0,GFB_QA,gemma-1.1-7b-it_TO_gemma-1.1-7b-it_s42_bs4_top5,5sxnhs63
MMLU,HUMAN_SEXUALITY,google/gemma-1.1-7b-it,StablePrompt-PPO(cs=0.1),True,0.1,10.0,,,,,1.0,,,,,30.0,5.0,5.0,4.0,29.0,55.72519302368164,600.0,,131.0,252900.0,,,,4.48,42.0,GFB_QA,gemma-1.1-7b-it_TO_gemma-1.1-7b-it_s42_bs5_top5,shqyh44r
MMLU,HUMAN_SEXUALITY,jingyaogong/MiniMind2,AlgPrompt,False,,,,,,,1.0,,,,,30.0,,4.0,3.0,,34.35114622116089,,,20.0,,,,,5.37,,mmlu,human_sexualitymeta_changejingyaogong/MiniMind2_jingyaogong/MiniMind2,0ex7zzhf
MMLU,INTERNATIONAL_LAW,google/gemma-1.1-7b-it,AlgPrompt,False,,,,,,,1.0,,,,,30.0,,4.0,3.0,,67.76859760284424,,,,,,,,4.4,42.0,mmlu,international_lawmeta_changegoogle/gemma-1.1-7b-it_google/gemma-1.1-7b-it,mavxxabm
MMLU,INTERNATIONAL_LAW,google/gemma-1.1-7b-it,AlgPrompt,False,,,,,,,1.0,,,,,30.0,,4.0,3.0,,67.76859760284424,,,,,,,,4.52,42.0,mmlu,international_lawmeta_changegoogle/gemma-1.1-7b-it_google/gemma-1.1-7b-it,bzzbsusw
MMLU,INTERNATIONAL_LAW,google/gemma-1.1-7b-it,AlgPrompt,False,,,,,,,1.0,,,,,30.0,,4.0,3.0,,63.63636255264282,,,,,,,,2.85,42.0,mmlu,international_lawmeta_changegoogle/gemma-1.1-7b-it_google/gemma-1.1-7b-it,92powlid
MMLU,INTERNATIONAL_LAW,google/gemma-1.1-7b-it,AlgPrompt,False,,,,,,,1.0,,,,,30.0,,4.0,3.0,,64.462810754776,,,20.0,,,,,6.13,,mmlu,international_lawmeta_changegoogle/gemma-1.1-7b-it_google/gemma-1.1-7b-it,lqqwrytr
MMLU,INTERNATIONAL_LAW,google/gemma-1.1-7b-it,StablePrompt-PPO(cs=0),True,0.0,10.0,,,,,1.0,,,,,30.0,5.0,5.0,4.0,29.0,66.11570119857788,600.0,,121.0,343050.0,,,,5.02,3.0,GFB_QA,gemma-1.1-7b-it_TO_gemma-1.1-7b-it_s3_bs5_top5,6awan0ev
MMLU,INTERNATIONAL_LAW,google/gemma-1.1-7b-it,StablePrompt-PPO(cs=0),True,0.0,10.0,,,,,1.0,,,,,30.0,5.0,5.0,4.0,29.0,68.59503984451294,600.0,,121.0,427050.0,,,,4.93,42.0,GFB_QA,gemma-1.1-7b-it_TO_gemma-1.1-7b-it_s42_bs5_top5,r9778081
MMLU,INTERNATIONAL_LAW,google/gemma-1.1-7b-it,StablePrompt-PPO(cs=0.05),True,0.05,3.0,,,,,1.0,,,,,30.0,5.0,5.0,4.0,29.0,66.11570119857788,600.0,,121.0,422250.0,,,,2.75,42.0,GFB_QA,gemma-1.1-7b-it_TO_gemma-1.1-7b-it_s42_bs5_top5,8wbroe8g
MMLU,INTERNATIONAL_LAW,google/gemma-1.1-7b-it,StablePrompt-PPO(cs=0.05),True,0.05,3.0,,,,,1.0,,,,,30.0,5.0,4.0,4.0,59.0,61.98347210884094,960.0,,121.0,552840.0,,,,4.65,42.0,GFB_QA,gemma-1.1-7b-it_TO_gemma-1.1-7b-it_s42_bs4_top5,1udx20nl
MMLU,INTERNATIONAL_LAW,google/gemma-1.1-7b-it,StablePrompt-PPO(cs=0.1),True,0.1,10.0,,,,,1.0,,,,,30.0,5.0,5.0,4.0,29.0,68.59503984451294,600.0,,121.0,427050.0,,,,4.87,42.0,GFB_QA,gemma-1.1-7b-it_TO_gemma-1.1-7b-it_s42_bs5_top5,32qtllxy
MMLU,INTERNATIONAL_LAW,jingyaogong/MiniMind2,AlgPrompt,False,,,,,,,1.0,,,,,30.0,,4.0,3.0,,19.83471065759658,,,20.0,,,,,5.32,,mmlu,international_lawmeta_changejingyaogong/MiniMind2_jingyaogong/MiniMind2,9rn6c1au
MMLU,JURISPRUDENCE,google/gemma-1.1-7b-it,AlgPrompt,False,,,,,,,1.0,,,,,30.0,,4.0,3.0,,54.62962985038757,,,,,,,,3.68,42.0,mmlu,jurisprudencemeta_changegoogle/gemma-1.1-7b-it_google/gemma-1.1-7b-it,tbbflsw4
MMLU,JURISPRUDENCE,google/gemma-1.1-7b-it,AlgPrompt,False,,,,,,,1.0,,,,,30.0,,4.0,3.0,,54.62962985038757,,,,,,,,3.77,42.0,mmlu,jurisprudencemeta_changegoogle/gemma-1.1-7b-it_google/gemma-1.1-7b-it,bu2yh6e6
MMLU,JURISPRUDENCE,google/gemma-1.1-7b-it,AlgPrompt,False,,,,,,,1.0,,,,,30.0,,4.0,3.0,,57.40740895271301,,,,,,,,2.75,42.0,mmlu,jurisprudencemeta_changegoogle/gemma-1.1-7b-it_google/gemma-1.1-7b-it,itrn633p
MMLU,JURISPRUDENCE,google/gemma-1.1-7b-it,AlgPrompt,False,,,,,,,1.0,,,,,30.0,,4.0,3.0,,61.11111044883728,,,20.0,,,,,5.52,,mmlu,jurisprudencemeta_changegoogle/gemma-1.1-7b-it_google/gemma-1.1-7b-it,g8pxxj3p
MMLU,JURISPRUDENCE,google/gemma-1.1-7b-it,StablePrompt-PPO(cs=0),True,0.0,10.0,,,,,1.0,,,,,30.0,5.0,5.0,4.0,29.0,62.037038803100586,600.0,,108.0,396450.0,,,,4.55,3.0,GFB_QA,gemma-1.1-7b-it_TO_gemma-1.1-7b-it_s3_bs5_top5,wdizskai
MMLU,JURISPRUDENCE,google/gemma-1.1-7b-it,StablePrompt-PPO(cs=0),True,0.0,10.0,,,,,1.0,,,,,30.0,5.0,5.0,4.0,29.0,63.88888955116272,600.0,,108.0,478650.0,,,,4.63,42.0,GFB_QA,gemma-1.1-7b-it_TO_gemma-1.1-7b-it_s42_bs5_top5,hpdb7ctj
MMLU,JURISPRUDENCE,google/gemma-1.1-7b-it,StablePrompt-PPO(cs=0.05),True,0.05,3.0,,,,,1.0,,,,,30.0,5.0,5.0,4.0,29.0,56.48148059844971,600.0,,108.0,410250.0,,,,2.68,42.0,GFB_QA,gemma-1.1-7b-it_TO_gemma-1.1-7b-it_s42_bs5_top5,2w2g38ng
MMLU,JURISPRUDENCE,google/gemma-1.1-7b-it,StablePrompt-PPO(cs=0.05),True,0.05,3.0,,,,,1.0,,,,,30.0,5.0,4.0,4.0,59.0,53.70370149612427,960.0,,108.0,597240.0,,,,4.35,42.0,GFB_QA,gemma-1.1-7b-it_TO_gemma-1.1-7b-it_s42_bs4_top5,8fmndmr9
MMLU,JURISPRUDENCE,google/gemma-1.1-7b-it,StablePrompt-PPO(cs=0.1),True,0.1,10.0,,,,,1.0,,,,,30.0,5.0,5.0,4.0,29.0,63.88888955116272,600.0,,108.0,478650.0,,,,4.65,42.0,GFB_QA,gemma-1.1-7b-it_TO_gemma-1.1-7b-it_s42_bs5_top5,w21h4c3o
MMLU,JURISPRUDENCE,jingyaogong/MiniMind2,AlgPrompt,False,,,,,,,1.0,,,,,30.0,,4.0,3.0,,34.25925970077514,,,20.0,,,,,5.02,,mmlu,jurisprudencemeta_changejingyaogong/MiniMind2_jingyaogong/MiniMind2,zi3kqhy9
MMLU,LOGICAL_FALLACIES,google/gemma-1.1-7b-it,AlgPrompt,False,,,,,,,1.0,,,,,30.0,,4.0,3.0,,71.16564512252808,,,,,,,,4.65,42.0,mmlu,logical_fallaciesmeta_changegoogle/gemma-1.1-7b-it_google/gemma-1.1-7b-it,487nxqtp
MMLU,LOGICAL_FALLACIES,google/gemma-1.1-7b-it,AlgPrompt,False,,,,,,,1.0,,,,,30.0,,4.0,3.0,,71.16564512252808,,,,,,,,4.65,42.0,mmlu,logical_fallaciesmeta_changegoogle/gemma-1.1-7b-it_google/gemma-1.1-7b-it,cgmj0ovy
MMLU,LOGICAL_FALLACIES,google/gemma-1.1-7b-it,AlgPrompt,False,,,,,,,1.0,,,,,30.0,,4.0,3.0,,65.0306761264801,,,,,,,,3.13,42.0,mmlu,logical_fallaciesmeta_changegoogle/gemma-1.1-7b-it_google/gemma-1.1-7b-it,j8m5jz30
MMLU,LOGICAL_FALLACIES,google/gemma-1.1-7b-it,AlgPrompt,False,,,,,,,1.0,,,,,30.0,,4.0,3.0,,66.87116622924805,,,20.0,,,,,6.75,,mmlu,logical_fallaciesmeta_changegoogle/gemma-1.1-7b-it_google/gemma-1.1-7b-it,5cx1yv20
MMLU,LOGICAL_FALLACIES,google/gemma-1.1-7b-it,StablePrompt-PPO(cs=0),True,0.0,10.0,,,,,1.0,,,,,30.0,5.0,5.0,4.0,29.0,67.48466491699219,600.0,,163.0,410400.0,,,,4.98,3.0,GFB_QA,gemma-1.1-7b-it_TO_gemma-1.1-7b-it_s3_bs5_top5,0nz326f3
MMLU,LOGICAL_FALLACIES,google/gemma-1.1-7b-it,StablePrompt-PPO(cs=0),True,0.0,10.0,,,,,1.0,,,,,30.0,5.0,5.0,4.0,29.0,63.80367875099182,600.0,,163.0,429150.0,,,,4.98,42.0,GFB_QA,gemma-1.1-7b-it_TO_gemma-1.1-7b-it_s42_bs5_top5,k92q40m1
MMLU,LOGICAL_FALLACIES,google/gemma-1.1-7b-it,StablePrompt-PPO(cs=0.05),True,0.05,3.0,,,,,1.0,,,,,30.0,5.0,5.0,4.0,29.0,68.09815764427185,600.0,,163.0,348450.0,,,,2.78,42.0,GFB_QA,gemma-1.1-7b-it_TO_gemma-1.1-7b-it_s42_bs5_top5,grmj7js5
MMLU,LOGICAL_FALLACIES,google/gemma-1.1-7b-it,StablePrompt-PPO(cs=0.05),True,0.05,3.0,,,,,1.0,,,,,30.0,5.0,4.0,4.0,59.0,68.09815764427185,960.0,,163.0,520560.0,,,,4.58,42.0,GFB_QA,gemma-1.1-7b-it_TO_gemma-1.1-7b-it_s42_bs4_top5,8apg1rni
MMLU,LOGICAL_FALLACIES,google/gemma-1.1-7b-it,StablePrompt-PPO(cs=0.1),True,0.1,10.0,,,,,1.0,,,,,30.0,5.0,5.0,4.0,29.0,63.80367875099182,600.0,,163.0,429150.0,,,,4.98,42.0,GFB_QA,gemma-1.1-7b-it_TO_gemma-1.1-7b-it_s42_bs5_top5,njl063l5
MMLU,LOGICAL_FALLACIES,jingyaogong/MiniMind2,AlgPrompt,False,,,,,,,1.0,,,,,30.0,,4.0,3.0,,27.60736048221588,,,20.0,,,,,6.47,,mmlu,logical_fallaciesmeta_changejingyaogong/MiniMind2_jingyaogong/MiniMind2,ev18fqnz
MMLU,MACHINE_LEARNING,google/gemma-1.1-7b-it,AlgPrompt,False,,,,,,,1.0,,,,,30.0,,4.0,3.0,,38.39285671710968,,,,,,,,3.95,42.0,mmlu,machine_learningmeta_changegoogle/gemma-1.1-7b-it_google/gemma-1.1-7b-it,gxi9e0kz
MMLU,MACHINE_LEARNING,google/gemma-1.1-7b-it,AlgPrompt,False,,,,,,,1.0,,,,,30.0,,4.0,3.0,,38.39285671710968,,,,,,,,3.92,42.0,mmlu,machine_learningmeta_changegoogle/gemma-1.1-7b-it_google/gemma-1.1-7b-it,6c02h0hl
MMLU,MACHINE_LEARNING,google/gemma-1.1-7b-it,AlgPrompt,False,,,,,,,1.0,,,,,30.0,,4.0,3.0,,35.71428656578064,,,,,,,,2.75,42.0,mmlu,machine_learningmeta_changegoogle/gemma-1.1-7b-it_google/gemma-1.1-7b-it,ss9wdim0
MMLU,MACHINE_LEARNING,google/gemma-1.1-7b-it,AlgPrompt,False,,,,,,,1.0,,,,,30.0,,4.0,3.0,,40.17857015132904,,,20.0,,,,,5.98,,mmlu,machine_learningmeta_changegoogle/gemma-1.1-7b-it_google/gemma-1.1-7b-it,71qto5rf
MMLU,MACHINE_LEARNING,google/gemma-1.1-7b-it,StablePrompt-PPO(cs=0),True,0.0,10.0,,,,,1.0,,,,,30.0,5.0,5.0,4.0,29.0,41.96428656578064,600.0,,112.0,453750.0,,,,4.8,3.0,GFB_QA,gemma-1.1-7b-it_TO_gemma-1.1-7b-it_s3_bs5_top5,2axc9o32
MMLU,MACHINE_LEARNING,google/gemma-1.1-7b-it,StablePrompt-PPO(cs=0),True,0.0,10.0,,,,,1.0,,,,,30.0,5.0,5.0,4.0,29.0,35.71428656578064,600.0,,112.0,326250.0,,,,4.85,42.0,GFB_QA,gemma-1.1-7b-it_TO_gemma-1.1-7b-it_s42_bs5_top5,82mheb0z
MMLU,MACHINE_LEARNING,google/gemma-1.1-7b-it,StablePrompt-PPO(cs=0.05),True,0.05,3.0,,,,,1.0,,,,,30.0,5.0,5.0,4.0,29.0,43.75,600.0,,112.0,219300.0,,,,2.72,42.0,GFB_QA,gemma-1.1-7b-it_TO_gemma-1.1-7b-it_s42_bs5_top5,z1ire4ty
MMLU,MACHINE_LEARNING,google/gemma-1.1-7b-it,StablePrompt-PPO(cs=0.05),True,0.05,3.0,,,,,1.0,,,,,30.0,5.0,4.0,4.0,59.0,39.28571343421936,960.0,,112.0,493200.0,,,,4.7,42.0,GFB_QA,gemma-1.1-7b-it_TO_gemma-1.1-7b-it_s42_bs4_top5,dwh50px2
MMLU,MACHINE_LEARNING,google/gemma-1.1-7b-it,StablePrompt-PPO(cs=0.1),True,0.1,10.0,,,,,1.0,,,,,30.0,5.0,5.0,4.0,29.0,35.71428656578064,600.0,,112.0,326250.0,,,,4.8,42.0,GFB_QA,gemma-1.1-7b-it_TO_gemma-1.1-7b-it_s42_bs5_top5,1kqdu0k5
MMLU,MACHINE_LEARNING,jingyaogong/MiniMind2,AlgPrompt,False,,,,,,,1.0,,,,,30.0,,4.0,3.0,,30.35714328289032,,,20.0,,,,,4.88,,mmlu,machine_learningmeta_changejingyaogong/MiniMind2_jingyaogong/MiniMind2,yidnmdm6
MMLU,MANAGEMENT,google/gemma-1.1-7b-it,AlgPrompt,False,,,,,,,1.0,,,,,30.0,,4.0,3.0,,72.81553149223328,,,,,,,,3.53,42.0,mmlu,managementmeta_changegoogle/gemma-1.1-7b-it_google/gemma-1.1-7b-it,anf1xoab
MMLU,MANAGEMENT,google/gemma-1.1-7b-it,AlgPrompt,False,,,,,,,1.0,,,,,30.0,,4.0,3.0,,72.81553149223328,,,,,,,,3.5,42.0,mmlu,managementmeta_changegoogle/gemma-1.1-7b-it_google/gemma-1.1-7b-it,qxsahotq
MMLU,MANAGEMENT,google/gemma-1.1-7b-it,AlgPrompt,False,,,,,,,1.0,,,,,30.0,,4.0,3.0,,71.84466123580933,,,,,,,,2.57,42.0,mmlu,managementmeta_changegoogle/gemma-1.1-7b-it_google/gemma-1.1-7b-it,iv6tt55r
MMLU,MANAGEMENT,google/gemma-1.1-7b-it,AlgPrompt,False,,,,,,,1.0,,,,,30.0,,4.0,3.0,,69.90291476249695,,,20.0,,,,,5.37,,mmlu,managementmeta_changegoogle/gemma-1.1-7b-it_google/gemma-1.1-7b-it,8i4zs04x
MMLU,MANAGEMENT,google/gemma-1.1-7b-it,StablePrompt-PPO(cs=0),True,0.0,10.0,,,,,1.0,,,,,30.0,5.0,5.0,4.0,29.0,69.90291476249695,600.0,,103.0,220950.0,,,,4.07,3.0,GFB_QA,gemma-1.1-7b-it_TO_gemma-1.1-7b-it_s3_bs5_top5,svbeitov
MMLU,MANAGEMENT,google/gemma-1.1-7b-it,StablePrompt-PPO(cs=0),True,0.0,10.0,,,,,1.0,,,,,30.0,5.0,5.0,4.0,29.0,67.96116232872009,600.0,,103.0,221100.0,,,,3.97,42.0,GFB_QA,gemma-1.1-7b-it_TO_gemma-1.1-7b-it_s42_bs5_top5,t9vsq3jl
MMLU,MANAGEMENT,google/gemma-1.1-7b-it,StablePrompt-PPO(cs=0.05),True,0.05,3.0,,,,,1.0,,,,,30.0,5.0,5.0,4.0,29.0,66.01941585540771,600.0,,103.0,339450.0,,,,2.4,42.0,GFB_QA,gemma-1.1-7b-it_TO_gemma-1.1-7b-it_s42_bs5_top5,ig31xi2o
MMLU,MANAGEMENT,google/gemma-1.1-7b-it,StablePrompt-PPO(cs=0.05),True,0.05,3.0,,,,,1.0,,,,,30.0,5.0,4.0,4.0,59.0,67.96116232872009,960.0,,103.0,441600.0,,,,4.02,42.0,GFB_QA,gemma-1.1-7b-it_TO_gemma-1.1-7b-it_s42_bs4_top5,zwtskuw5
MMLU,MANAGEMENT,google/gemma-1.1-7b-it,StablePrompt-PPO(cs=0.1),True,0.1,10.0,,,,,1.0,,,,,30.0,5.0,5.0,4.0,29.0,67.96116232872009,600.0,,103.0,221100.0,,,,4.0,42.0,GFB_QA,gemma-1.1-7b-it_TO_gemma-1.1-7b-it_s42_bs5_top5,ydw3i174
MMLU,MANAGEMENT,jingyaogong/MiniMind2,AlgPrompt,False,,,,,,,1.0,,,,,30.0,,4.0,3.0,,33.98058116436004,,,20.0,,,,,4.78,,mmlu,managementmeta_changejingyaogong/MiniMind2_jingyaogong/MiniMind2,b9i5lbhr
MMLU,MARKETING,google/gemma-1.1-7b-it,AlgPrompt,False,,,,,,,1.0,,,,,30.0,,4.0,3.0,,80.7692289352417,,,,,,,,5.53,42.0,mmlu,marketingmeta_changegoogle/gemma-1.1-7b-it_google/gemma-1.1-7b-it,m2bvgylz
MMLU,MARKETING,google/gemma-1.1-7b-it,AlgPrompt,False,,,,,,,1.0,,,,,30.0,,4.0,3.0,,80.7692289352417,,,,,,,,5.57,42.0,mmlu,marketingmeta_changegoogle/gemma-1.1-7b-it_google/gemma-1.1-7b-it,e3caryeu
MMLU,MARKETING,google/gemma-1.1-7b-it,AlgPrompt,False,,,,,,,1.0,,,,,30.0,,4.0,3.0,,80.7692289352417,,,,,,,,3.67,42.0,mmlu,marketingmeta_changegoogle/gemma-1.1-7b-it_google/gemma-1.1-7b-it,zvbm3exx
MMLU,MARKETING,google/gemma-1.1-7b-it,AlgPrompt,False,,,,,,,1.0,,,,,30.0,,4.0,3.0,,82.90598392486572,,,20.0,,,,,8.13,,mmlu,marketingmeta_changegoogle/gemma-1.1-7b-it_google/gemma-1.1-7b-it,7r6uyki5
MMLU,MARKETING,google/gemma-1.1-7b-it,StablePrompt-PPO(cs=0),True,0.0,10.0,,,,,1.0,,,,,30.0,5.0,5.0,4.0,29.0,74.35897588729858,600.0,,234.0,410250.0,,,,5.1,3.0,GFB_QA,gemma-1.1-7b-it_TO_gemma-1.1-7b-it_s3_bs5_top5,lhw35t69
MMLU,MARKETING,google/gemma-1.1-7b-it,StablePrompt-PPO(cs=0),True,0.0,10.0,,,,,1.0,,,,,30.0,5.0,5.0,4.0,29.0,77.77777910232544,600.0,,234.0,394050.0,,,,5.02,42.0,GFB_QA,gemma-1.1-7b-it_TO_gemma-1.1-7b-it_s42_bs5_top5,02bbvv6q
MMLU,MARKETING,google/gemma-1.1-7b-it,StablePrompt-PPO(cs=0.05),True,0.05,3.0,,,,,1.0,,,,,30.0,5.0,5.0,4.0,29.0,76.92307829856873,600.0,,234.0,268050.0,,,,2.78,42.0,GFB_QA,gemma-1.1-7b-it_TO_gemma-1.1-7b-it_s42_bs5_top5,fk0ep4ps
MMLU,MARKETING,google/gemma-1.1-7b-it,StablePrompt-PPO(cs=0.05),True,0.05,3.0,,,,,1.0,,,,,30.0,5.0,4.0,4.0,59.0,76.06837749481201,960.0,,234.0,489360.0,,,,4.47,42.0,GFB_QA,gemma-1.1-7b-it_TO_gemma-1.1-7b-it_s42_bs4_top5,lxbcv9cx
MMLU,MARKETING,google/gemma-1.1-7b-it,StablePrompt-PPO(cs=0.1),True,0.1,10.0,,,,,1.0,,,,,30.0,5.0,5.0,4.0,29.0,77.77777910232544,600.0,,234.0,394050.0,,,,4.98,42.0,GFB_QA,gemma-1.1-7b-it_TO_gemma-1.1-7b-it_s42_bs5_top5,p16qdbwm
MMLU,MARKETING,jingyaogong/MiniMind2,AlgPrompt,False,,,,,,,1.0,,,,,30.0,,4.0,3.0,,23.50427359342575,,,20.0,,,,,8.37,,mmlu,marketingmeta_changejingyaogong/MiniMind2_jingyaogong/MiniMind2,avijo4ij
MMLU,MEDICAL_GENETICS,google/gemma-1.1-7b-it,AlgPrompt,False,,,,,,,1.0,,,,,30.0,,4.0,3.0,,52.99999713897705,,,,,,,,3.67,42.0,mmlu,medical_geneticsmeta_changegoogle/gemma-1.1-7b-it_google/gemma-1.1-7b-it,0ge2binw
MMLU,MEDICAL_GENETICS,google/gemma-1.1-7b-it,AlgPrompt,False,,,,,,,1.0,,,,,30.0,,4.0,3.0,,52.99999713897705,,,,,,,,3.65,42.0,mmlu,medical_geneticsmeta_changegoogle/gemma-1.1-7b-it_google/gemma-1.1-7b-it,ohsudbzt
MMLU,MEDICAL_GENETICS,google/gemma-1.1-7b-it,AlgPrompt,False,,,,,,,1.0,,,,,30.0,,4.0,3.0,,54.00000214576721,,,,,,,,2.6,42.0,mmlu,medical_geneticsmeta_changegoogle/gemma-1.1-7b-it_google/gemma-1.1-7b-it,kgk5nh8g
MMLU,MEDICAL_GENETICS,google/gemma-1.1-7b-it,AlgPrompt,False,,,,,,,1.0,,,,,30.0,,4.0,3.0,,51.99999809265137,,,20.0,,,,,5.38,,mmlu,medical_geneticsmeta_changegoogle/gemma-1.1-7b-it_google/gemma-1.1-7b-it,z8gfe581
MMLU,MEDICAL_GENETICS,google/gemma-1.1-7b-it,StablePrompt-PPO(cs=0),True,0.0,10.0,,,,,1.0,,,,,30.0,5.0,5.0,4.0,29.0,51.99999809265137,600.0,,100.0,327150.0,,,,4.35,3.0,GFB_QA,gemma-1.1-7b-it_TO_gemma-1.1-7b-it_s3_bs5_top5,j8329onv
MMLU,MEDICAL_GENETICS,google/gemma-1.1-7b-it,StablePrompt-PPO(cs=0),True,0.0,10.0,,,,,1.0,,,,,30.0,5.0,5.0,4.0,29.0,50.0,600.0,,100.0,352650.0,,,,4.45,42.0,GFB_QA,gemma-1.1-7b-it_TO_gemma-1.1-7b-it_s42_bs5_top5,23l1ne7a
MMLU,MEDICAL_GENETICS,google/gemma-1.1-7b-it,StablePrompt-PPO(cs=0.05),True,0.05,3.0,,,,,1.0,,,,,30.0,5.0,5.0,4.0,29.0,54.00000214576721,600.0,,100.0,303150.0,,,,2.55,42.0,GFB_QA,gemma-1.1-7b-it_TO_gemma-1.1-7b-it_s42_bs5_top5,ifbq8ipn
MMLU,MEDICAL_GENETICS,google/gemma-1.1-7b-it,StablePrompt-PPO(cs=0.05),True,0.05,3.0,,,,,1.0,,,,,30.0,5.0,4.0,4.0,59.0,50.0,960.0,,100.0,381960.0,,,,4.28,42.0,GFB_QA,gemma-1.1-7b-it_TO_gemma-1.1-7b-it_s42_bs4_top5,skpxcua3
MMLU,MEDICAL_GENETICS,google/gemma-1.1-7b-it,StablePrompt-PPO(cs=0.1),True,0.1,10.0,,,,,1.0,,,,,30.0,5.0,5.0,4.0,29.0,55.000001192092896,600.0,,100.0,352650.0,,,,4.45,42.0,GFB_QA,gemma-1.1-7b-it_TO_gemma-1.1-7b-it_s42_bs5_top5,xfl9n69v
MMLU,MEDICAL_GENETICS,jingyaogong/MiniMind2,AlgPrompt,False,,,,,,,1.0,,,,,30.0,,4.0,3.0,,28.99999916553497,,,20.0,,,,,4.67,,mmlu,medical_geneticsmeta_changejingyaogong/MiniMind2_jingyaogong/MiniMind2,4hvff780
MMLU,MISCELLANEOUS,google/gemma-1.1-7b-it,AlgPrompt,False,,,,,,,1.0,,,,,30.0,,4.0,3.0,,71.13665342330933,,,,,,,,12.53,42.0,mmlu,miscellaneousmeta_changegoogle/gemma-1.1-7b-it_google/gemma-1.1-7b-it,945wfack
MMLU,MISCELLANEOUS,google/gemma-1.1-7b-it,AlgPrompt,False,,,,,,,1.0,,,,,30.0,,4.0,3.0,,71.13665342330933,,,,,,,,12.93,42.0,mmlu,miscellaneousmeta_changegoogle/gemma-1.1-7b-it_google/gemma-1.1-7b-it,glvwvqqo
MMLU,MISCELLANEOUS,google/gemma-1.1-7b-it,AlgPrompt,False,,,,,,,1.0,,,,,30.0,,4.0,3.0,,73.3077883720398,,,,,,,,7.73,42.0,mmlu,miscellaneousmeta_changegoogle/gemma-1.1-7b-it_google/gemma-1.1-7b-it,v5640smi
MMLU,MISCELLANEOUS,google/gemma-1.1-7b-it,AlgPrompt,False,,,,,,,1.0,,,,,30.0,,4.0,3.0,,72.79693484306335,,,20.0,,,,,18.32,,mmlu,miscellaneousmeta_changegoogle/gemma-1.1-7b-it_google/gemma-1.1-7b-it,ealdu0gg
MMLU,MISCELLANEOUS,google/gemma-1.1-7b-it,StablePrompt-PPO(cs=0),True,0.0,10.0,,,,,1.0,,,,,30.0,5.0,5.0,4.0,29.0,64.112389087677,600.0,,783.0,248700.0,,,,7.35,3.0,GFB_QA,gemma-1.1-7b-it_TO_gemma-1.1-7b-it_s3_bs5_top5,s0hj16kh
MMLU,MISCELLANEOUS,google/gemma-1.1-7b-it,StablePrompt-PPO(cs=0),True,0.0,10.0,,,,,1.0,,,,,30.0,5.0,5.0,4.0,29.0,66.15580916404724,600.0,,783.0,212250.0,,,,7.97,42.0,GFB_QA,gemma-1.1-7b-it_TO_gemma-1.1-7b-it_s42_bs5_top5,7azbkre8
MMLU,MISCELLANEOUS,google/gemma-1.1-7b-it,StablePrompt-PPO(cs=0.05),True,0.05,3.0,,,,,1.0,,,,,30.0,5.0,5.0,4.0,29.0,62.96296119689941,600.0,,783.0,109950.0,,,,3.78,42.0,GFB_QA,gemma-1.1-7b-it_TO_gemma-1.1-7b-it_s42_bs5_top5,zqxg5r5b
MMLU,MISCELLANEOUS,google/gemma-1.1-7b-it,StablePrompt-PPO(cs=0.05),True,0.05,3.0,,,,,1.0,,,,,30.0,5.0,4.0,4.0,59.0,72.66921997070312,960.0,,783.0,167520.0,,,,5.43,42.0,GFB_QA,gemma-1.1-7b-it_TO_gemma-1.1-7b-it_s42_bs4_top5,b77v1trh
MMLU,MISCELLANEOUS,google/gemma-1.1-7b-it,StablePrompt-PPO(cs=0.1),True,0.1,10.0,,,,,1.0,,,,,30.0,5.0,5.0,4.0,29.0,68.19923520088196,600.0,,783.0,212250.0,,,,7.87,42.0,GFB_QA,gemma-1.1-7b-it_TO_gemma-1.1-7b-it_s42_bs5_top5,ku2gcbxq
MMLU,MISCELLANEOUS,jingyaogong/MiniMind2,AlgPrompt,False,,,,,,,1.0,,,,,30.0,,4.0,3.0,,29.118773341178887,,,20.0,,,,,22.52,,mmlu,miscellaneousmeta_changejingyaogong/MiniMind2_jingyaogong/MiniMind2,rx655odo
MMLU,MORAL_DISPUTES,google/gemma-1.1-7b-it,AlgPrompt,False,,,,,,,1.0,,,,,30.0,,4.0,3.0,,57.51445293426514,,,,,,,,7.47,42.0,mmlu,moral_disputesmeta_changegoogle/gemma-1.1-7b-it_google/gemma-1.1-7b-it,v2gup6zr
MMLU,MORAL_DISPUTES,google/gemma-1.1-7b-it,AlgPrompt,False,,,,,,,1.0,,,,,30.0,,4.0,3.0,,57.51445293426514,,,,,,,,7.52,42.0,mmlu,moral_disputesmeta_changegoogle/gemma-1.1-7b-it_google/gemma-1.1-7b-it,njl76qye
MMLU,MORAL_DISPUTES,google/gemma-1.1-7b-it,AlgPrompt,False,,,,,,,1.0,,,,,30.0,,4.0,3.0,,55.202311277389526,,,,,,,,4.65,42.0,mmlu,moral_disputesmeta_changegoogle/gemma-1.1-7b-it_google/gemma-1.1-7b-it,ydrypu89
MMLU,MORAL_DISPUTES,google/gemma-1.1-7b-it,AlgPrompt,False,,,,,,,1.0,,,,,30.0,,4.0,3.0,,56.64739608764648,,,20.0,,,,,10.4,,mmlu,moral_disputesmeta_changegoogle/gemma-1.1-7b-it_google/gemma-1.1-7b-it,k7jkgmun
MMLU,MORAL_DISPUTES,google/gemma-1.1-7b-it,StablePrompt-PPO(cs=0),True,0.0,10.0,,,,,1.0,,,,,30.0,5.0,5.0,4.0,29.0,56.64739608764648,600.0,,346.0,317850.0,,,,5.92,3.0,GFB_QA,gemma-1.1-7b-it_TO_gemma-1.1-7b-it_s3_bs5_top5,grazfhwe
MMLU,MORAL_DISPUTES,google/gemma-1.1-7b-it,StablePrompt-PPO(cs=0),True,0.0,10.0,,,,,1.0,,,,,30.0,5.0,5.0,4.0,29.0,59.248554706573486,600.0,,346.0,386850.0,,,,6.07,42.0,GFB_QA,gemma-1.1-7b-it_TO_gemma-1.1-7b-it_s42_bs5_top5,zxuzgh7i
MMLU,MORAL_DISPUTES,google/gemma-1.1-7b-it,StablePrompt-PPO(cs=0.05),True,0.05,3.0,,,,,1.0,,,,,30.0,5.0,5.0,4.0,29.0,60.11560559272766,600.0,,346.0,354600.0,,,,3.2,42.0,GFB_QA,gemma-1.1-7b-it_TO_gemma-1.1-7b-it_s42_bs5_top5,4yngdo97
MMLU,MORAL_DISPUTES,google/gemma-1.1-7b-it,StablePrompt-PPO(cs=0.05),True,0.05,3.0,,,,,1.0,,,,,30.0,5.0,4.0,4.0,59.0,53.75722646713257,960.0,,346.0,451920.0,,,,4.93,42.0,GFB_QA,gemma-1.1-7b-it_TO_gemma-1.1-7b-it_s42_bs4_top5,otmqvmjy
MMLU,MORAL_DISPUTES,google/gemma-1.1-7b-it,StablePrompt-PPO(cs=0.1),True,0.1,10.0,,,,,1.0,,,,,30.0,5.0,5.0,4.0,29.0,59.248554706573486,600.0,,346.0,386850.0,,,,6.18,42.0,GFB_QA,gemma-1.1-7b-it_TO_gemma-1.1-7b-it_s42_bs5_top5,e6jho9uh
MMLU,MORAL_DISPUTES,jingyaogong/MiniMind2,AlgPrompt,False,,,,,,,1.0,,,,,30.0,,4.0,3.0,,26.87861323356628,,,20.0,,,,,11.33,,mmlu,moral_disputesmeta_changejingyaogong/MiniMind2_jingyaogong/MiniMind2,4873zq51
MMLU,MORAL_SCENARIOS,google/gemma-1.1-7b-it,AlgPrompt,False,,,,,,,1.0,,,,,30.0,,4.0,3.0,,27.0391047000885,,,,,,,,17.4,42.0,mmlu,moral_scenariosmeta_changegoogle/gemma-1.1-7b-it_google/gemma-1.1-7b-it,7cx4nt5o
MMLU,MORAL_SCENARIOS,google/gemma-1.1-7b-it,AlgPrompt,False,,,,,,,1.0,,,,,30.0,,4.0,3.0,,27.0391047000885,,,,,,,,17.55,42.0,mmlu,moral_scenariosmeta_changegoogle/gemma-1.1-7b-it_google/gemma-1.1-7b-it,km3do40i
MMLU,MORAL_SCENARIOS,google/gemma-1.1-7b-it,AlgPrompt,False,,,,,,,1.0,,,,,30.0,,4.0,3.0,,30.61452507972717,,,,,,,,9.55,42.0,mmlu,moral_scenariosmeta_changegoogle/gemma-1.1-7b-it_google/gemma-1.1-7b-it,u083i9q2
MMLU,MORAL_SCENARIOS,google/gemma-1.1-7b-it,AlgPrompt,False,,,,,,,1.0,,,,,30.0,,4.0,3.0,,29.38547432422638,,,20.0,,,,,22.93,,mmlu,moral_scenariosmeta_changegoogle/gemma-1.1-7b-it_google/gemma-1.1-7b-it,reluhtps
MMLU,MORAL_SCENARIOS,google/gemma-1.1-7b-it,StablePrompt-PPO(cs=0),True,0.0,10.0,,,,,1.0,,,,,30.0,5.0,5.0,4.0,29.0,26.25698447227478,600.0,,895.0,296250.0,,,,9.67,3.0,GFB_QA,gemma-1.1-7b-it_TO_gemma-1.1-7b-it_s3_bs5_top5,dm7wugct
MMLU,MORAL_SCENARIOS,google/gemma-1.1-7b-it,StablePrompt-PPO(cs=0),True,0.0,10.0,,,,,1.0,,,,,30.0,5.0,5.0,4.0,29.0,31.284916400909417,600.0,,895.0,388050.0,,,,9.87,42.0,GFB_QA,gemma-1.1-7b-it_TO_gemma-1.1-7b-it_s42_bs5_top5,66v4fzd3
MMLU,MORAL_SCENARIOS,google/gemma-1.1-7b-it,StablePrompt-PPO(cs=0.05),True,0.05,3.0,,,,,1.0,,,,,30.0,5.0,5.0,4.0,29.0,28.82681488990783,600.0,,895.0,303750.0,,,,6.28,42.0,GFB_QA,gemma-1.1-7b-it_TO_gemma-1.1-7b-it_s42_bs5_top5,jx3fnfmt
MMLU,MORAL_SCENARIOS,google/gemma-1.1-7b-it,StablePrompt-PPO(cs=0.05),True,0.05,3.0,,,,,1.0,,,,,30.0,5.0,4.0,4.0,59.0,25.139665603637688,960.0,,895.0,517920.0,,,,6.47,42.0,GFB_QA,gemma-1.1-7b-it_TO_gemma-1.1-7b-it_s42_bs4_top5,q1iu7zyc
MMLU,MORAL_SCENARIOS,google/gemma-1.1-7b-it,StablePrompt-PPO(cs=0.1),True,0.1,10.0,,,,,1.0,,,,,30.0,5.0,5.0,4.0,29.0,31.284916400909417,600.0,,895.0,388050.0,,,,9.8,42.0,GFB_QA,gemma-1.1-7b-it_TO_gemma-1.1-7b-it_s42_bs5_top5,fqd9t1o8
MMLU,MORAL_SCENARIOS,jingyaogong/MiniMind2,AlgPrompt,False,,,,,,,1.0,,,,,30.0,,4.0,3.0,,25.69832503795624,,,20.0,,,,,25.63,,mmlu,moral_scenariosmeta_changejingyaogong/MiniMind2_jingyaogong/MiniMind2,lrcrme5h
MMLU,NUTRITION,google/gemma-1.1-7b-it,AlgPrompt,False,,,,,,,1.0,,,,,30.0,,4.0,3.0,,62.74510025978088,,,,,,,,6.97,42.0,mmlu,nutritionmeta_changegoogle/gemma-1.1-7b-it_google/gemma-1.1-7b-it,q6pzcn13
MMLU,NUTRITION,google/gemma-1.1-7b-it,AlgPrompt,False,,,,,,,1.0,,,,,30.0,,4.0,3.0,,62.74510025978088,,,,,,,,6.9,42.0,mmlu,nutritionmeta_changegoogle/gemma-1.1-7b-it_google/gemma-1.1-7b-it,ek8ro07p
MMLU,NUTRITION,google/gemma-1.1-7b-it,AlgPrompt,False,,,,,,,1.0,,,,,30.0,,4.0,3.0,,64.37908411026001,,,,,,,,4.3,42.0,mmlu,nutritionmeta_changegoogle/gemma-1.1-7b-it_google/gemma-1.1-7b-it,0a0p11io
MMLU,NUTRITION,google/gemma-1.1-7b-it,AlgPrompt,False,,,,,,,1.0,,,,,30.0,,4.0,3.0,,65.35947918891907,,,20.0,,,,,9.6,,mmlu,nutritionmeta_changegoogle/gemma-1.1-7b-it_google/gemma-1.1-7b-it,esix242i
MMLU,NUTRITION,google/gemma-1.1-7b-it,StablePrompt-PPO(cs=0),True,0.0,10.0,,,,,1.0,,,,,30.0,5.0,5.0,4.0,29.0,56.86274766921997,600.0,,306.0,350100.0,,,,5.77,3.0,GFB_QA,gemma-1.1-7b-it_TO_gemma-1.1-7b-it_s3_bs5_top5,xq1jij1l
MMLU,NUTRITION,google/gemma-1.1-7b-it,StablePrompt-PPO(cs=0),True,0.0,10.0,,,,,1.0,,,,,30.0,5.0,5.0,4.0,29.0,61.76470518112183,600.0,,306.0,413550.0,,,,5.77,42.0,GFB_QA,gemma-1.1-7b-it_TO_gemma-1.1-7b-it_s42_bs5_top5,y9m3yt46
MMLU,NUTRITION,google/gemma-1.1-7b-it,StablePrompt-PPO(cs=0.05),True,0.05,3.0,,,,,1.0,,,,,30.0,5.0,5.0,4.0,29.0,58.82353186607361,600.0,,306.0,258000.0,,,,3.37,42.0,GFB_QA,gemma-1.1-7b-it_TO_gemma-1.1-7b-it_s42_bs5_top5,uuas2h4z
MMLU,NUTRITION,google/gemma-1.1-7b-it,StablePrompt-PPO(cs=0.05),True,0.05,3.0,,,,,1.0,,,,,30.0,5.0,4.0,4.0,59.0,58.16993713378906,960.0,,306.0,325440.0,,,,4.78,42.0,GFB_QA,gemma-1.1-7b-it_TO_gemma-1.1-7b-it_s42_bs4_top5,r6posx0g
MMLU,NUTRITION,google/gemma-1.1-7b-it,StablePrompt-PPO(cs=0.1),True,0.1,10.0,,,,,1.0,,,,,30.0,5.0,5.0,4.0,29.0,51.6339898109436,600.0,,306.0,413550.0,,,,5.68,42.0,GFB_QA,gemma-1.1-7b-it_TO_gemma-1.1-7b-it_s42_bs5_top5,rkuoe0t0
MMLU,NUTRITION,jingyaogong/MiniMind2,AlgPrompt,False,,,,,,,1.0,,,,,30.0,,4.0,3.0,,27.124184370040886,,,20.0,,,,,10.32,,mmlu,nutritionmeta_changejingyaogong/MiniMind2_jingyaogong/MiniMind2,fc20fy8g
MMLU,PHILOSOPHY,google/gemma-1.1-7b-it,AlgPrompt,False,,,,,,,1.0,,,,,30.0,,4.0,3.0,,57.87781476974487,,,,,,,,6.78,42.0,mmlu,philosophymeta_changegoogle/gemma-1.1-7b-it_google/gemma-1.1-7b-it,0y5rkwwo
MMLU,PHILOSOPHY,google/gemma-1.1-7b-it,AlgPrompt,False,,,,,,,1.0,,,,,30.0,,4.0,3.0,,57.87781476974487,,,,,,,,7.02,42.0,mmlu,philosophymeta_changegoogle/gemma-1.1-7b-it_google/gemma-1.1-7b-it,3uyjbfdn
MMLU,PHILOSOPHY,google/gemma-1.1-7b-it,AlgPrompt,False,,,,,,,1.0,,,,,30.0,,4.0,3.0,,55.94855546951294,,,,,,,,4.3,42.0,mmlu,philosophymeta_changegoogle/gemma-1.1-7b-it_google/gemma-1.1-7b-it,2gmi2lwz
MMLU,PHILOSOPHY,google/gemma-1.1-7b-it,AlgPrompt,False,,,,,,,1.0,,,,,30.0,,4.0,3.0,,53.37620377540589,,,20.0,,,,,9.52,,mmlu,philosophymeta_changegoogle/gemma-1.1-7b-it_google/gemma-1.1-7b-it,6k7opmjg
MMLU,PHILOSOPHY,google/gemma-1.1-7b-it,StablePrompt-PPO(cs=0),True,0.0,10.0,,,,,1.0,,,,,30.0,5.0,5.0,4.0,29.0,49.83922839164734,600.0,,311.0,318300.0,,,,5.23,3.0,GFB_QA,gemma-1.1-7b-it_TO_gemma-1.1-7b-it_s3_bs5_top5,yvg9z6oy
MMLU,PHILOSOPHY,google/gemma-1.1-7b-it,StablePrompt-PPO(cs=0),True,0.0,10.0,,,,,1.0,,,,,30.0,5.0,5.0,4.0,29.0,53.697746992111206,600.0,,311.0,411900.0,,,,5.57,42.0,GFB_QA,gemma-1.1-7b-it_TO_gemma-1.1-7b-it_s42_bs5_top5,c3aav308
MMLU,PHILOSOPHY,google/gemma-1.1-7b-it,StablePrompt-PPO(cs=0.05),True,0.05,3.0,,,,,1.0,,,,,30.0,5.0,5.0,4.0,29.0,58.84244441986084,600.0,,311.0,359700.0,,,,2.9,42.0,GFB_QA,gemma-1.1-7b-it_TO_gemma-1.1-7b-it_s42_bs5_top5,70ldwvn4
MMLU,PHILOSOPHY,google/gemma-1.1-7b-it,StablePrompt-PPO(cs=0.05),True,0.05,3.0,,,,,1.0,,,,,30.0,5.0,4.0,4.0,59.0,55.94855546951294,960.0,,311.0,439080.0,,,,4.78,42.0,GFB_QA,gemma-1.1-7b-it_TO_gemma-1.1-7b-it_s42_bs4_top5,lwn4g2a4
MMLU,PHILOSOPHY,google/gemma-1.1-7b-it,StablePrompt-PPO(cs=0.1),True,0.1,10.0,,,,,1.0,,,,,30.0,5.0,5.0,4.0,29.0,53.697746992111206,600.0,,311.0,411900.0,,,,5.5,42.0,GFB_QA,gemma-1.1-7b-it_TO_gemma-1.1-7b-it_s42_bs5_top5,doe15pfm
MMLU,PHILOSOPHY,jingyaogong/MiniMind2,AlgPrompt,False,,,,,,,1.0,,,,,30.0,,4.0,3.0,,26.36655867099762,,,20.0,,,,,10.53,,mmlu,philosophymeta_changejingyaogong/MiniMind2_jingyaogong/MiniMind2,mhefzg13
MMLU,PREHISTORY,google/gemma-1.1-7b-it,AlgPrompt,False,,,,,,,1.0,,,,,30.0,,4.0,3.0,,55.86419701576233,,,,,,,,7.18,42.0,mmlu,prehistorymeta_changegoogle/gemma-1.1-7b-it_google/gemma-1.1-7b-it,7z56gxe6
MMLU,PREHISTORY,google/gemma-1.1-7b-it,AlgPrompt,False,,,,,,,1.0,,,,,30.0,,4.0,3.0,,55.86419701576233,,,,,,,,7.33,42.0,mmlu,prehistorymeta_changegoogle/gemma-1.1-7b-it_google/gemma-1.1-7b-it,j8e9s55z
MMLU,PREHISTORY,google/gemma-1.1-7b-it,AlgPrompt,False,,,,,,,1.0,,,,,30.0,,4.0,3.0,,60.18518805503845,,,,,,,,4.32,42.0,mmlu,prehistorymeta_changegoogle/gemma-1.1-7b-it_google/gemma-1.1-7b-it,ndqoel4r
MMLU,PREHISTORY,google/gemma-1.1-7b-it,AlgPrompt,False,,,,,,,1.0,,,,,30.0,,4.0,3.0,,58.64197611808777,,,20.0,,,,,9.78,,mmlu,prehistorymeta_changegoogle/gemma-1.1-7b-it_google/gemma-1.1-7b-it,ihl7liv2
MMLU,PREHISTORY,google/gemma-1.1-7b-it,StablePrompt-PPO(cs=0),True,0.0,10.0,,,,,1.0,,,,,30.0,5.0,5.0,4.0,29.0,57.71604776382446,600.0,,324.0,262950.0,,,,5.92,3.0,GFB_QA,gemma-1.1-7b-it_TO_gemma-1.1-7b-it_s3_bs5_top5,iqe8bpc6
MMLU,PREHISTORY,google/gemma-1.1-7b-it,StablePrompt-PPO(cs=0),True,0.0,10.0,,,,,1.0,,,,,30.0,5.0,5.0,4.0,29.0,60.80247163772583,600.0,,324.0,417600.0,,,,5.87,42.0,GFB_QA,gemma-1.1-7b-it_TO_gemma-1.1-7b-it_s42_bs5_top5,4jurx8kz
MMLU,PREHISTORY,google/gemma-1.1-7b-it,StablePrompt-PPO(cs=0.05),True,0.05,3.0,,,,,1.0,,,,,30.0,5.0,5.0,4.0,29.0,60.18518805503845,600.0,,324.0,439950.0,,,,6.62,42.0,GFB_QA,gemma-1.1-7b-it_TO_gemma-1.1-7b-it_s42_bs5_top5,awb0ncsp
MMLU,PREHISTORY,google/gemma-1.1-7b-it,StablePrompt-PPO(cs=0.05),True,0.05,3.0,,,,,1.0,,,,,30.0,5.0,4.0,4.0,59.0,60.18518805503845,960.0,,324.0,472200.0,,,,5.12,42.0,GFB_QA,gemma-1.1-7b-it_TO_gemma-1.1-7b-it_s42_bs4_top5,uovf4si3
MMLU,PREHISTORY,google/gemma-1.1-7b-it,StablePrompt-PPO(cs=0.1),True,0.1,10.0,,,,,1.0,,,,,30.0,5.0,5.0,4.0,29.0,59.87654328346253,600.0,,324.0,417600.0,,,,5.95,42.0,GFB_QA,gemma-1.1-7b-it_TO_gemma-1.1-7b-it_s42_bs5_top5,wfxt4htr
MMLU,PREHISTORY,jingyaogong/MiniMind2,AlgPrompt,False,,,,,,,1.0,,,,,30.0,,4.0,3.0,,25.92592537403106,,,20.0,,,,,10.63,,mmlu,prehistorymeta_changejingyaogong/MiniMind2_jingyaogong/MiniMind2,30gmvvdg
MMLU,PROFESSIONAL_ACCOUNTING,google/gemma-1.1-7b-it,AlgPrompt,False,,,,,,,1.0,,,,,30.0,,4.0,3.0,,39.3617033958435,,,,,,,,7.4,42.0,mmlu,professional_accountingmeta_changegoogle/gemma-1.1-7b-it_google/gemma-1.1-7b-it,iav3ecrn
MMLU,PROFESSIONAL_ACCOUNTING,google/gemma-1.1-7b-it,AlgPrompt,False,,,,,,,1.0,,,,,30.0,,4.0,3.0,,39.3617033958435,,,,,,,,7.4,42.0,mmlu,professional_accountingmeta_changegoogle/gemma-1.1-7b-it_google/gemma-1.1-7b-it,24k8n30y
MMLU,PROFESSIONAL_ACCOUNTING,google/gemma-1.1-7b-it,AlgPrompt,False,,,,,,,1.0,,,,,30.0,,4.0,3.0,,40.07092118263244,,,,,,,,4.43,42.0,mmlu,professional_accountingmeta_changegoogle/gemma-1.1-7b-it_google/gemma-1.1-7b-it,7ldqkha7
MMLU,PROFESSIONAL_ACCOUNTING,google/gemma-1.1-7b-it,AlgPrompt,False,,,,,,,1.0,,,,,30.0,,4.0,3.0,,43.26241016387939,,,20.0,,,,,10.23,,mmlu,professional_accountingmeta_changegoogle/gemma-1.1-7b-it_google/gemma-1.1-7b-it,e2wp27zg
MMLU,PROFESSIONAL_ACCOUNTING,google/gemma-1.1-7b-it,StablePrompt-PPO(cs=0),True,0.0,10.0,,,,,1.0,,,,,30.0,5.0,5.0,4.0,29.0,40.42553305625915,600.0,,282.0,239700.0,,,,6.07,3.0,GFB_QA,gemma-1.1-7b-it_TO_gemma-1.1-7b-it_s3_bs5_top5,m32qh35f
MMLU,PROFESSIONAL_ACCOUNTING,google/gemma-1.1-7b-it,StablePrompt-PPO(cs=0),True,0.0,10.0,,,,,1.0,,,,,30.0,5.0,5.0,4.0,29.0,45.035460591316216,600.0,,282.0,295650.0,,,,6.07,42.0,GFB_QA,gemma-1.1-7b-it_TO_gemma-1.1-7b-it_s42_bs5_top5,bhs7fk4b
MMLU,PROFESSIONAL_ACCOUNTING,google/gemma-1.1-7b-it,StablePrompt-PPO(cs=0.05),True,0.05,3.0,,,,,1.0,,,,,30.0,5.0,5.0,4.0,29.0,41.13475084304809,600.0,,282.0,292050.0,,,,3.35,42.0,GFB_QA,gemma-1.1-7b-it_TO_gemma-1.1-7b-it_s42_bs5_top5,kyf7x3w1
MMLU,PROFESSIONAL_ACCOUNTING,google/gemma-1.1-7b-it,StablePrompt-PPO(cs=0.05),True,0.05,3.0,,,,,1.0,,,,,30.0,5.0,4.0,4.0,59.0,45.035460591316216,960.0,,282.0,530880.0,,,,5.08,42.0,GFB_QA,gemma-1.1-7b-it_TO_gemma-1.1-7b-it_s42_bs4_top5,b6r5u812
MMLU,PROFESSIONAL_ACCOUNTING,google/gemma-1.1-7b-it,StablePrompt-PPO(cs=0.1),True,0.1,10.0,,,,,1.0,,,,,30.0,5.0,5.0,4.0,29.0,45.035460591316216,600.0,,282.0,295650.0,,,,6.07,42.0,GFB_QA,gemma-1.1-7b-it_TO_gemma-1.1-7b-it_s42_bs5_top5,n7cxokpv
MMLU,PROFESSIONAL_ACCOUNTING,jingyaogong/MiniMind2,AlgPrompt,False,,,,,,,1.0,,,,,30.0,,4.0,3.0,,25.886523723602288,,,20.0,,,,,9.47,,mmlu,professional_accountingmeta_changejingyaogong/MiniMind2_jingyaogong/MiniMind2,6ud4n1ee
MMLU,PROFESSIONAL_LAW,google/gemma-1.1-7b-it,AlgPrompt,False,,,,,,,1.0,,,,,30.0,,4.0,3.0,,38.78748416900635,,,,,,,,45.4,42.0,mmlu,professional_lawmeta_changegoogle/gemma-1.1-7b-it_google/gemma-1.1-7b-it,lar7co0t
MMLU,PROFESSIONAL_LAW,google/gemma-1.1-7b-it,AlgPrompt,False,,,,,,,1.0,,,,,30.0,,4.0,3.0,,38.78748416900635,,,,,,,,45.35,42.0,mmlu,professional_lawmeta_changegoogle/gemma-1.1-7b-it_google/gemma-1.1-7b-it,9xal8yfk
MMLU,PROFESSIONAL_LAW,google/gemma-1.1-7b-it,AlgPrompt,False,,,,,,,1.0,,,,,30.0,,4.0,3.0,,40.22164344787597,,,,,,,,23.18,42.0,mmlu,professional_lawmeta_changegoogle/gemma-1.1-7b-it_google/gemma-1.1-7b-it,v0c8znj8
MMLU,PROFESSIONAL_LAW,google/gemma-1.1-7b-it,StablePrompt-PPO(cs=0),True,0.0,10.0,,,,,1.0,,,,,30.0,5.0,5.0,4.0,29.0,39.43937420845032,600.0,,1534.0,326550.0,,,,21.2,3.0,GFB_QA,gemma-1.1-7b-it_TO_gemma-1.1-7b-it_s3_bs5_top5,qy4c8yur
MMLU,PROFESSIONAL_LAW,google/gemma-1.1-7b-it,StablePrompt-PPO(cs=0),True,0.0,10.0,,,,,1.0,,,,,30.0,5.0,5.0,4.0,29.0,40.48239886760712,600.0,,1534.0,390000.0,,,,21.22,42.0,GFB_QA,gemma-1.1-7b-it_TO_gemma-1.1-7b-it_s42_bs5_top5,p8kw450l
MMLU,PROFESSIONAL_LAW,google/gemma-1.1-7b-it,StablePrompt-PPO(cs=0.05),True,0.05,3.0,,,,,1.0,,,,,30.0,5.0,5.0,4.0,29.0,41.06909930706024,600.0,,1534.0,427650.0,,,,10.0,42.0,GFB_QA,gemma-1.1-7b-it_TO_gemma-1.1-7b-it_s42_bs5_top5,z9p51fgg
MMLU,PROFESSIONAL_LAW,google/gemma-1.1-7b-it,StablePrompt-PPO(cs=0.05),True,0.05,3.0,,,,,1.0,,,,,30.0,5.0,4.0,4.0,59.0,38.13559412956238,960.0,,1534.0,587400.0,,,,12.0,42.0,GFB_QA,gemma-1.1-7b-it_TO_gemma-1.1-7b-it_s42_bs4_top5,5mlqjfeb
MMLU,PROFESSIONAL_LAW,google/gemma-1.1-7b-it,StablePrompt-PPO(cs=0.1),True,0.1,10.0,,,,,1.0,,,,,30.0,5.0,5.0,4.0,29.0,40.48239886760712,600.0,,1534.0,390000.0,,,,21.12,42.0,GFB_QA,gemma-1.1-7b-it_TO_gemma-1.1-7b-it_s42_bs5_top5,02be9idn
MMLU,PROFESSIONAL_LAW,jingyaogong/MiniMind2,AlgPrompt,False,,,,,,,1.0,,,,,30.0,,4.0,3.0,,25.29335021972656,,,20.0,,,,,43.48,,mmlu,professional_lawmeta_changejingyaogong/MiniMind2_jingyaogong/MiniMind2,3wa4b550
MMLU,PROFESSIONAL_MEDICINE,google/gemma-1.1-7b-it,AlgPrompt,False,,,,,,,1.0,,,,,30.0,,4.0,3.0,,44.85294222831726,,,,,,,,8.77,42.0,mmlu,professional_medicinemeta_changegoogle/gemma-1.1-7b-it_google/gemma-1.1-7b-it,l2cc7oqq
MMLU,PROFESSIONAL_MEDICINE,google/gemma-1.1-7b-it,AlgPrompt,False,,,,,,,1.0,,,,,30.0,,4.0,3.0,,44.85294222831726,,,,,,,,8.77,42.0,mmlu,professional_medicinemeta_changegoogle/gemma-1.1-7b-it_google/gemma-1.1-7b-it,pz2yaxg1
MMLU,PROFESSIONAL_MEDICINE,google/gemma-1.1-7b-it,AlgPrompt,False,,,,,,,1.0,,,,,30.0,,4.0,3.0,,46.69117629528045,,,,,,,,5.23,42.0,mmlu,professional_medicinemeta_changegoogle/gemma-1.1-7b-it_google/gemma-1.1-7b-it,2d9zscrw
MMLU,PROFESSIONAL_MEDICINE,google/gemma-1.1-7b-it,AlgPrompt,False,,,,,,,1.0,,,,,30.0,,4.0,3.0,,43.01470518112182,,,20.0,,,,,12.48,,mmlu,professional_medicinemeta_changegoogle/gemma-1.1-7b-it_google/gemma-1.1-7b-it,lo1z1b1i
MMLU,PROFESSIONAL_MEDICINE,google/gemma-1.1-7b-it,StablePrompt-PPO(cs=0),True,0.0,10.0,,,,,1.0,,,,,30.0,5.0,5.0,4.0,29.0,44.85294222831726,600.0,,272.0,262200.0,,,,7.07,3.0,GFB_QA,gemma-1.1-7b-it_TO_gemma-1.1-7b-it_s3_bs5_top5,2my8raxg
MMLU,PROFESSIONAL_MEDICINE,google/gemma-1.1-7b-it,StablePrompt-PPO(cs=0),True,0.0,10.0,,,,,1.0,,,,,30.0,5.0,5.0,4.0,29.0,45.95588147640228,600.0,,272.0,319950.0,,,,7.15,42.0,GFB_QA,gemma-1.1-7b-it_TO_gemma-1.1-7b-it_s42_bs5_top5,4x8r6b9n
MMLU,PROFESSIONAL_MEDICINE,google/gemma-1.1-7b-it,StablePrompt-PPO(cs=0.05),True,0.05,3.0,,,,,1.0,,,,,30.0,5.0,5.0,4.0,29.0,51.47058963775635,600.0,,272.0,381300.0,,,,3.6,42.0,GFB_QA,gemma-1.1-7b-it_TO_gemma-1.1-7b-it_s42_bs5_top5,2vg0uwv3
MMLU,PROFESSIONAL_MEDICINE,google/gemma-1.1-7b-it,StablePrompt-PPO(cs=0.05),True,0.05,3.0,,,,,1.0,,,,,30.0,5.0,4.0,4.0,59.0,45.95588147640228,960.0,,272.0,543840.0,,,,5.78,42.0,GFB_QA,gemma-1.1-7b-it_TO_gemma-1.1-7b-it_s42_bs4_top5,z0ulo9mz
MMLU,PROFESSIONAL_MEDICINE,google/gemma-1.1-7b-it,StablePrompt-PPO(cs=0.1),True,0.1,10.0,,,,,1.0,,,,,30.0,5.0,5.0,4.0,29.0,45.5882340669632,600.0,,272.0,319950.0,,,,7.17,42.0,GFB_QA,gemma-1.1-7b-it_TO_gemma-1.1-7b-it_s42_bs5_top5,fvh5ydb0
MMLU,PROFESSIONAL_MEDICINE,jingyaogong/MiniMind2,AlgPrompt,False,,,,,,,1.0,,,,,30.0,,4.0,3.0,,25.735294818878167,,,20.0,,,,,9.45,,mmlu,professional_medicinemeta_changejingyaogong/MiniMind2_jingyaogong/MiniMind2,u58pheyy
MMLU,PROFESSIONAL_PSYCHOLOGY,google/gemma-1.1-7b-it,AlgPrompt,False,,,,,,,1.0,,,,,30.0,,4.0,3.0,,53.92156839370728,,,,,,,,12.67,42.0,mmlu,professional_psychologymeta_changegoogle/gemma-1.1-7b-it_google/gemma-1.1-7b-it,zzp378wq
MMLU,PROFESSIONAL_PSYCHOLOGY,google/gemma-1.1-7b-it,AlgPrompt,False,,,,,,,1.0,,,,,30.0,,4.0,3.0,,53.92156839370728,,,,,,,,12.9,42.0,mmlu,professional_psychologymeta_changegoogle/gemma-1.1-7b-it_google/gemma-1.1-7b-it,h8pxvxna
MMLU,PROFESSIONAL_PSYCHOLOGY,google/gemma-1.1-7b-it,AlgPrompt,False,,,,,,,1.0,,,,,30.0,,4.0,3.0,,54.57516312599182,,,,,,,,7.32,42.0,mmlu,professional_psychologymeta_changegoogle/gemma-1.1-7b-it_google/gemma-1.1-7b-it,k9d011vo
MMLU,PROFESSIONAL_PSYCHOLOGY,google/gemma-1.1-7b-it,AlgPrompt,False,,,,,,,1.0,,,,,30.0,,4.0,3.0,,50.32680034637451,,,20.0,,,,,16.4,,mmlu,professional_psychologymeta_changegoogle/gemma-1.1-7b-it_google/gemma-1.1-7b-it,khu63n2f
MMLU,PROFESSIONAL_PSYCHOLOGY,google/gemma-1.1-7b-it,StablePrompt-PPO(cs=0),True,0.0,10.0,,,,,1.0,,,,,30.0,5.0,5.0,4.0,29.0,50.8169949054718,600.0,,612.0,329850.0,,,,8.07,3.0,GFB_QA,gemma-1.1-7b-it_TO_gemma-1.1-7b-it_s3_bs5_top5,qlszdzub
MMLU,PROFESSIONAL_PSYCHOLOGY,google/gemma-1.1-7b-it,StablePrompt-PPO(cs=0),True,0.0,10.0,,,,,1.0,,,,,30.0,5.0,5.0,4.0,29.0,48.03921580314636,600.0,,612.0,419400.0,,,,7.87,42.0,GFB_QA,gemma-1.1-7b-it_TO_gemma-1.1-7b-it_s42_bs5_top5,zfnakjfp
MMLU,PROFESSIONAL_PSYCHOLOGY,google/gemma-1.1-7b-it,StablePrompt-PPO(cs=0.05),True,0.05,3.0,,,,,1.0,,,,,30.0,5.0,5.0,4.0,29.0,50.8169949054718,600.0,,612.0,412500.0,,,,4.02,42.0,GFB_QA,gemma-1.1-7b-it_TO_gemma-1.1-7b-it_s42_bs5_top5,ntg66huc
MMLU,PROFESSIONAL_PSYCHOLOGY,google/gemma-1.1-7b-it,StablePrompt-PPO(cs=0.05),True,0.05,3.0,,,,,1.0,,,,,30.0,5.0,4.0,4.0,59.0,53.59477400779724,960.0,,612.0,575520.0,,,,5.75,42.0,GFB_QA,gemma-1.1-7b-it_TO_gemma-1.1-7b-it_s42_bs4_top5,a046d94p
MMLU,PROFESSIONAL_PSYCHOLOGY,google/gemma-1.1-7b-it,StablePrompt-PPO(cs=0.1),True,0.1,10.0,,,,,1.0,,,,,30.0,5.0,5.0,4.0,29.0,55.55555820465088,600.0,,612.0,419400.0,,,,7.85,42.0,GFB_QA,gemma-1.1-7b-it_TO_gemma-1.1-7b-it_s42_bs5_top5,2jwqsxb8
MMLU,PROFESSIONAL_PSYCHOLOGY,jingyaogong/MiniMind2,AlgPrompt,False,,,,,,,1.0,,,,,30.0,,4.0,3.0,,26.63398683071136,,,20.0,,,,,18.25,,mmlu,professional_psychologymeta_changejingyaogong/MiniMind2_jingyaogong/MiniMind2,nggyftbb
MMLU,PUBLIC_RELATIONS,google/gemma-1.1-7b-it,AlgPrompt,False,,,,,,,1.0,,,,,30.0,,4.0,3.0,,66.36363863945007,,,,,,,,3.87,42.0,mmlu,public_relationsmeta_changegoogle/gemma-1.1-7b-it_google/gemma-1.1-7b-it,g69dg8eq
MMLU,PUBLIC_RELATIONS,google/gemma-1.1-7b-it,AlgPrompt,False,,,,,,,1.0,,,,,30.0,,4.0,3.0,,66.36363863945007,,,,,,,,4.03,42.0,mmlu,public_relationsmeta_changegoogle/gemma-1.1-7b-it_google/gemma-1.1-7b-it,osmhu3r5
MMLU,PUBLIC_RELATIONS,google/gemma-1.1-7b-it,AlgPrompt,False,,,,,,,1.0,,,,,30.0,,4.0,3.0,,63.63636255264282,,,,,,,,2.72,42.0,mmlu,public_relationsmeta_changegoogle/gemma-1.1-7b-it_google/gemma-1.1-7b-it,cg3b4ul3
MMLU,PUBLIC_RELATIONS,google/gemma-1.1-7b-it,AlgPrompt,False,,,,,,,1.0,,,,,30.0,,4.0,3.0,,62.72727251052856,,,20.0,,,,,5.73,,mmlu,public_relationsmeta_changegoogle/gemma-1.1-7b-it_google/gemma-1.1-7b-it,mqj24dtr
MMLU,PUBLIC_RELATIONS,google/gemma-1.1-7b-it,StablePrompt-PPO(cs=0),True,0.0,10.0,,,,,1.0,,,,,30.0,5.0,5.0,4.0,29.0,66.36363863945007,600.0,,110.0,457950.0,,,,4.7,3.0,GFB_QA,gemma-1.1-7b-it_TO_gemma-1.1-7b-it_s3_bs5_top5,wkw1sozi
MMLU,PUBLIC_RELATIONS,google/gemma-1.1-7b-it,StablePrompt-PPO(cs=0),True,0.0,10.0,,,,,1.0,,,,,30.0,5.0,5.0,4.0,29.0,61.81818246841431,600.0,,110.0,461700.0,,,,4.4,42.0,GFB_QA,gemma-1.1-7b-it_TO_gemma-1.1-7b-it_s42_bs5_top5,o0tdk4uj
MMLU,PUBLIC_RELATIONS,google/gemma-1.1-7b-it,StablePrompt-PPO(cs=0.05),True,0.05,3.0,,,,,1.0,,,,,30.0,5.0,5.0,4.0,29.0,60.90909242630005,600.0,,110.0,197250.0,,,,2.55,42.0,GFB_QA,gemma-1.1-7b-it_TO_gemma-1.1-7b-it_s42_bs5_top5,g9r9hl2l
MMLU,PUBLIC_RELATIONS,google/gemma-1.1-7b-it,StablePrompt-PPO(cs=0.05),True,0.05,3.0,,,,,1.0,,,,,30.0,5.0,4.0,4.0,59.0,56.36363625526428,960.0,,110.0,559680.0,,,,4.25,42.0,GFB_QA,gemma-1.1-7b-it_TO_gemma-1.1-7b-it_s42_bs4_top5,dyc8pjw5
MMLU,PUBLIC_RELATIONS,google/gemma-1.1-7b-it,StablePrompt-PPO(cs=0.1),True,0.1,10.0,,,,,1.0,,,,,30.0,5.0,5.0,4.0,29.0,61.81818246841431,600.0,,110.0,461700.0,,,,4.35,42.0,GFB_QA,gemma-1.1-7b-it_TO_gemma-1.1-7b-it_s42_bs5_top5,h5m0wflx
MMLU,PUBLIC_RELATIONS,jingyaogong/MiniMind2,AlgPrompt,False,,,,,,,1.0,,,,,30.0,,4.0,3.0,,33.63636434078216,,,20.0,,,,,4.98,,mmlu,public_relationsmeta_changejingyaogong/MiniMind2_jingyaogong/MiniMind2,4l8pg5nn
MMLU,SECURITY_STUDIES,google/gemma-1.1-7b-it,AlgPrompt,False,,,,,,,1.0,,,,,30.0,,4.0,3.0,,53.06122303009033,,,,,,,,7.45,42.0,mmlu,security_studiesmeta_changegoogle/gemma-1.1-7b-it_google/gemma-1.1-7b-it,tvfzbl3c
MMLU,SECURITY_STUDIES,google/gemma-1.1-7b-it,AlgPrompt,False,,,,,,,1.0,,,,,30.0,,4.0,3.0,,53.06122303009033,,,,,,,,7.62,42.0,mmlu,security_studiesmeta_changegoogle/gemma-1.1-7b-it_google/gemma-1.1-7b-it,ie0fhf79
MMLU,SECURITY_STUDIES,google/gemma-1.1-7b-it,AlgPrompt,False,,,,,,,1.0,,,,,30.0,,4.0,3.0,,51.428574323654175,,,,,,,,4.52,42.0,mmlu,security_studiesmeta_changegoogle/gemma-1.1-7b-it_google/gemma-1.1-7b-it,2ixp22ug
MMLU,SECURITY_STUDIES,google/gemma-1.1-7b-it,AlgPrompt,False,,,,,,,1.0,,,,,30.0,,4.0,3.0,,60.00000238418579,,,20.0,,,,,10.72,,mmlu,security_studiesmeta_changegoogle/gemma-1.1-7b-it_google/gemma-1.1-7b-it,nt7g0a5a
MMLU,SECURITY_STUDIES,google/gemma-1.1-7b-it,StablePrompt-PPO(cs=0),True,0.0,10.0,,,,,1.0,,,,,30.0,5.0,5.0,4.0,29.0,46.93877696990967,600.0,,245.0,315450.0,,,,6.67,3.0,GFB_QA,gemma-1.1-7b-it_TO_gemma-1.1-7b-it_s3_bs5_top5,3i01wx3q
MMLU,SECURITY_STUDIES,google/gemma-1.1-7b-it,StablePrompt-PPO(cs=0),True,0.0,10.0,,,,,1.0,,,,,30.0,5.0,5.0,4.0,29.0,53.46938967704773,600.0,,245.0,378000.0,,,,6.78,42.0,GFB_QA,gemma-1.1-7b-it_TO_gemma-1.1-7b-it_s42_bs5_top5,0dj84mr7
MMLU,SECURITY_STUDIES,google/gemma-1.1-7b-it,StablePrompt-PPO(cs=0.05),True,0.05,3.0,,,,,1.0,,,,,30.0,5.0,5.0,4.0,29.0,54.28571701049805,600.0,,245.0,387750.0,,,,3.42,42.0,GFB_QA,gemma-1.1-7b-it_TO_gemma-1.1-7b-it_s42_bs5_top5,06v0qgdz
MMLU,SECURITY_STUDIES,google/gemma-1.1-7b-it,StablePrompt-PPO(cs=0.05),True,0.05,3.0,,,,,1.0,,,,,30.0,5.0,4.0,4.0,59.0,57.55102038383484,960.0,,245.0,605880.0,,,,5.27,42.0,GFB_QA,gemma-1.1-7b-it_TO_gemma-1.1-7b-it_s42_bs4_top5,m0bihpcb
MMLU,SECURITY_STUDIES,google/gemma-1.1-7b-it,StablePrompt-PPO(cs=0.1),True,0.1,10.0,,,,,1.0,,,,,30.0,5.0,5.0,4.0,29.0,53.46938967704773,600.0,,245.0,378000.0,,,,6.77,42.0,GFB_QA,gemma-1.1-7b-it_TO_gemma-1.1-7b-it_s42_bs5_top5,0k50hime
MMLU,SECURITY_STUDIES,jingyaogong/MiniMind2,AlgPrompt,False,,,,,,,1.0,,,,,30.0,,4.0,3.0,,26.122447848320007,,,20.0,,,,,8.77,,mmlu,security_studiesmeta_changejingyaogong/MiniMind2_jingyaogong/MiniMind2,eooq08fw
MMLU,SOCIOLOGY,google/gemma-1.1-7b-it,AlgPrompt,False,,,,,,,1.0,,,,,30.0,,4.0,3.0,,70.14925479888916,,,,,,,,5.05,42.0,mmlu,sociologymeta_changegoogle/gemma-1.1-7b-it_google/gemma-1.1-7b-it,0m94ieog
MMLU,SOCIOLOGY,google/gemma-1.1-7b-it,AlgPrompt,False,,,,,,,1.0,,,,,30.0,,4.0,3.0,,70.14925479888916,,,,,,,,5.27,42.0,mmlu,sociologymeta_changegoogle/gemma-1.1-7b-it_google/gemma-1.1-7b-it,df3030k3
MMLU,SOCIOLOGY,google/gemma-1.1-7b-it,AlgPrompt,False,,,,,,,1.0,,,,,30.0,,4.0,3.0,,70.14925479888916,,,,,,,,3.5,42.0,mmlu,sociologymeta_changegoogle/gemma-1.1-7b-it_google/gemma-1.1-7b-it,2chma4me
MMLU,SOCIOLOGY,google/gemma-1.1-7b-it,AlgPrompt,False,,,,,,,1.0,,,,,30.0,,4.0,3.0,,63.18408250808716,,,20.0,,,,,7.37,,mmlu,sociologymeta_changegoogle/gemma-1.1-7b-it_google/gemma-1.1-7b-it,4dnyuvng
MMLU,SOCIOLOGY,google/gemma-1.1-7b-it,StablePrompt-PPO(cs=0),True,0.0,10.0,,,,,1.0,,,,,30.0,5.0,5.0,4.0,29.0,56.71641826629639,600.0,,201.0,341550.0,,,,5.22,3.0,GFB_QA,gemma-1.1-7b-it_TO_gemma-1.1-7b-it_s3_bs5_top5,r9bb3dyg
MMLU,SOCIOLOGY,google/gemma-1.1-7b-it,StablePrompt-PPO(cs=0),True,0.0,10.0,,,,,1.0,,,,,30.0,5.0,5.0,4.0,29.0,50.74626803398132,600.0,,201.0,269400.0,,,,5.08,42.0,GFB_QA,gemma-1.1-7b-it_TO_gemma-1.1-7b-it_s42_bs5_top5,4yrl485w
MMLU,SOCIOLOGY,google/gemma-1.1-7b-it,StablePrompt-PPO(cs=0.05),True,0.05,3.0,,,,,1.0,,,,,30.0,5.0,5.0,4.0,29.0,59.20398235321045,600.0,,201.0,401700.0,,,,2.82,42.0,GFB_QA,gemma-1.1-7b-it_TO_gemma-1.1-7b-it_s42_bs5_top5,x8vog3vl
MMLU,SOCIOLOGY,google/gemma-1.1-7b-it,StablePrompt-PPO(cs=0.05),True,0.05,3.0,,,,,1.0,,,,,30.0,5.0,4.0,4.0,59.0,45.27363181114197,960.0,,201.0,620640.0,,,,4.62,42.0,GFB_QA,gemma-1.1-7b-it_TO_gemma-1.1-7b-it_s42_bs4_top5,msgdq13r
MMLU,SOCIOLOGY,google/gemma-1.1-7b-it,StablePrompt-PPO(cs=0.1),True,0.1,10.0,,,,,1.0,,,,,30.0,5.0,5.0,4.0,29.0,50.74626803398132,600.0,,201.0,269400.0,,,,5.1,42.0,GFB_QA,gemma-1.1-7b-it_TO_gemma-1.1-7b-it_s42_bs5_top5,yqoya5eb
MMLU,SOCIOLOGY,jingyaogong/MiniMind2,AlgPrompt,False,,,,,,,1.0,,,,,30.0,,4.0,3.0,,28.855720162391663,,,20.0,,,,,7.4,,mmlu,sociologymeta_changejingyaogong/MiniMind2_jingyaogong/MiniMind2,hml36hct
MMLU,US_FOREIGN_POLICY,google/gemma-1.1-7b-it,AlgPrompt,False,,,,,,,1.0,,,,,30.0,,4.0,3.0,,72.00000286102295,,,,,,,,3.67,42.0,mmlu,us_foreign_policymeta_changegoogle/gemma-1.1-7b-it_google/gemma-1.1-7b-it,n2u70jcd
MMLU,US_FOREIGN_POLICY,google/gemma-1.1-7b-it,AlgPrompt,False,,,,,,,1.0,,,,,30.0,,4.0,3.0,,72.00000286102295,,,,,,,,3.72,42.0,mmlu,us_foreign_policymeta_changegoogle/gemma-1.1-7b-it_google/gemma-1.1-7b-it,ae5ugm8o
MMLU,US_FOREIGN_POLICY,google/gemma-1.1-7b-it,AlgPrompt,False,,,,,,,1.0,,,,,30.0,,4.0,3.0,,67.00000166893005,,,,,,,,2.62,42.0,mmlu,us_foreign_policymeta_changegoogle/gemma-1.1-7b-it_google/gemma-1.1-7b-it,uk85plv6
MMLU,US_FOREIGN_POLICY,google/gemma-1.1-7b-it,AlgPrompt,False,,,,,,,1.0,,,,,30.0,,4.0,3.0,,75.99999904632568,,,20.0,,,,,5.57,,mmlu,us_foreign_policymeta_changegoogle/gemma-1.1-7b-it_google/gemma-1.1-7b-it,nxuxwvb0
MMLU,US_FOREIGN_POLICY,google/gemma-1.1-7b-it,StablePrompt-PPO(cs=0),True,0.0,10.0,,,,,1.0,,,,,30.0,5.0,5.0,4.0,29.0,80.0000011920929,600.0,,100.0,355650.0,,,,4.4,3.0,GFB_QA,gemma-1.1-7b-it_TO_gemma-1.1-7b-it_s3_bs5_top5,iuxojig6
MMLU,US_FOREIGN_POLICY,google/gemma-1.1-7b-it,StablePrompt-PPO(cs=0),True,0.0,10.0,,,,,1.0,,,,,30.0,5.0,5.0,4.0,29.0,76.99999809265137,600.0,,100.0,337800.0,,,,4.58,42.0,GFB_QA,gemma-1.1-7b-it_TO_gemma-1.1-7b-it_s42_bs5_top5,uky9ql83
MMLU,US_FOREIGN_POLICY,google/gemma-1.1-7b-it,StablePrompt-PPO(cs=0.05),True,0.05,3.0,,,,,1.0,,,,,30.0,5.0,5.0,4.0,29.0,76.99999809265137,600.0,,100.0,385950.0,,,,2.62,42.0,GFB_QA,gemma-1.1-7b-it_TO_gemma-1.1-7b-it_s42_bs5_top5,uuiouyig
MMLU,US_FOREIGN_POLICY,google/gemma-1.1-7b-it,StablePrompt-PPO(cs=0.05),True,0.05,3.0,,,,,1.0,,,,,30.0,5.0,4.0,4.0,59.0,76.99999809265137,960.0,,100.0,458880.0,,,,4.3,42.0,GFB_QA,gemma-1.1-7b-it_TO_gemma-1.1-7b-it_s42_bs4_top5,hrpvaflk
MMLU,US_FOREIGN_POLICY,google/gemma-1.1-7b-it,StablePrompt-PPO(cs=0.1),True,0.1,10.0,,,,,1.0,,,,,30.0,5.0,5.0,4.0,29.0,76.99999809265137,600.0,,100.0,337800.0,,,,4.55,42.0,GFB_QA,gemma-1.1-7b-it_TO_gemma-1.1-7b-it_s42_bs5_top5,3wbx3fva
MMLU,US_FOREIGN_POLICY,jingyaogong/MiniMind2,AlgPrompt,False,,,,,,,1.0,,,,,30.0,,4.0,3.0,,23.00000041723251,,,20.0,,,,,4.63,,mmlu,us_foreign_policymeta_changejingyaogong/MiniMind2_jingyaogong/MiniMind2,wd2cu1ea
MMLU,VIROLOGY,google/gemma-1.1-7b-it,AlgPrompt,False,,,,,,,1.0,,,,,30.0,,4.0,3.0,,48.19277226924896,,,,,,,,4.97,42.0,mmlu,virologymeta_changegoogle/gemma-1.1-7b-it_google/gemma-1.1-7b-it,vtv67zdl
MMLU,VIROLOGY,google/gemma-1.1-7b-it,AlgPrompt,False,,,,,,,1.0,,,,,30.0,,4.0,3.0,,48.19277226924896,,,,,,,,5.13,42.0,mmlu,virologymeta_changegoogle/gemma-1.1-7b-it_google/gemma-1.1-7b-it,kubva3cd
MMLU,VIROLOGY,google/gemma-1.1-7b-it,AlgPrompt,False,,,,,,,1.0,,,,,30.0,,4.0,3.0,,48.19277226924896,,,,,,,,3.33,42.0,mmlu,virologymeta_changegoogle/gemma-1.1-7b-it_google/gemma-1.1-7b-it,19e02f08
MMLU,VIROLOGY,google/gemma-1.1-7b-it,AlgPrompt,False,,,,,,,1.0,,,,,30.0,,4.0,3.0,,48.79518151283264,,,20.0,,,,,6.85,,mmlu,virologymeta_changegoogle/gemma-1.1-7b-it_google/gemma-1.1-7b-it,7ed7kuvb
MMLU,VIROLOGY,google/gemma-1.1-7b-it,StablePrompt-PPO(cs=0),True,0.0,10.0,,,,,1.0,,,,,30.0,5.0,5.0,4.0,29.0,49.39759075641632,600.0,,166.0,276150.0,,,,4.92,3.0,GFB_QA,gemma-1.1-7b-it_TO_gemma-1.1-7b-it_s3_bs5_top5,nl8t83nw
MMLU,VIROLOGY,google/gemma-1.1-7b-it,StablePrompt-PPO(cs=0),True,0.0,10.0,,,,,1.0,,,,,30.0,5.0,5.0,4.0,29.0,50.60241222381592,600.0,,166.0,402900.0,,,,5.07,42.0,GFB_QA,gemma-1.1-7b-it_TO_gemma-1.1-7b-it_s42_bs5_top5,5va7onvm
MMLU,VIROLOGY,google/gemma-1.1-7b-it,StablePrompt-PPO(cs=0.05),True,0.05,3.0,,,,,1.0,,,,,30.0,5.0,5.0,4.0,29.0,47.59036004543304,600.0,,166.0,353550.0,,,,2.72,42.0,GFB_QA,gemma-1.1-7b-it_TO_gemma-1.1-7b-it_s42_bs5_top5,5ckjflzo
MMLU,VIROLOGY,google/gemma-1.1-7b-it,StablePrompt-PPO(cs=0.05),True,0.05,3.0,,,,,1.0,,,,,30.0,5.0,4.0,4.0,59.0,46.98795080184936,960.0,,166.0,617280.0,,,,4.53,42.0,GFB_QA,gemma-1.1-7b-it_TO_gemma-1.1-7b-it_s42_bs4_top5,9vi9sulb
MMLU,VIROLOGY,google/gemma-1.1-7b-it,StablePrompt-PPO(cs=0.1),True,0.1,10.0,,,,,1.0,,,,,30.0,5.0,5.0,4.0,29.0,50.60241222381592,600.0,,166.0,402900.0,,,,4.95,42.0,GFB_QA,gemma-1.1-7b-it_TO_gemma-1.1-7b-it_s42_bs5_top5,xjsro70q
MMLU,VIROLOGY,jingyaogong/MiniMind2,AlgPrompt,False,,,,,,,1.0,,,,,30.0,,4.0,3.0,,27.71084308624267,,,20.0,,,,,6.42,,mmlu,virologymeta_changejingyaogong/MiniMind2_jingyaogong/MiniMind2,5lbwadsw
Math,AIME-2025,GPT-4.1-mini,Baseline,False,,,,Baseline,,,1.0,,,,,,,,,,40.0,,,150.0,1034.0,26955.0,0.9400440000000004,0.9400440000000004,3.4,0.0,GEPA,AIMEBench_CoT_Baseline_gpt-41-mini-openrouter_seed_0_final_eval,tyriox1b
Math,AIME-2025,GPT-4.1-mini,Baseline,False,,,,Baseline,,,1.0,,,,,,,,,,53.33,,,150.0,10663.0,144550.0,1.1411416,1.1411416,19.82,0.0,GEPA,AIMEBench_CoT_Baseline_gpt-41-mini-openrouter_seed_0_final_eval,avi2j253
Math,AIME-2025,GPT-4.1-mini,Baseline,False,,,,,,,1.0,,45.0,,,,,,,,49.33333333333333,,,150.0,,,,,25.88,,aime-math-baseline-litellm,baseline_litellm_gpt-4.1-mini,z2dtuuno
Math,AIME-2025,GPT-4.1-mini,Baseline,False,,,,,,,1.0,,,,,,,,,,47.33,,,150.0,,,,,23.08,,aime-math-baseline,baseline_gpt-4.1-mini,qbbkcjhf
Math,AIME-2025,GPT-4.1-mini,FSPO,False,,,,,,3.0,1.0,5.0,45.0,20.0,20.0,,,,,,52.0,4500.0,,150.0,,,,,234.58,,aime-math-dynamic-fewshot,dynamic_fewshot_gpt41mini_20iter_3shot,13xynbot
Math,AIME-2025,GPT-4.1-mini,FSPO,False,,,,,,3.0,1.0,1.0,45.0,20.0,20.0,,,,,,48.0,900.0,,150.0,,,,,105.97,,aime-math-dynamic-fewshot,origin_gpt_nobase_fixed15val_64t_20iter_3shot_top1,mwjwwnoh
Math,AIME-2025,GPT-4.1-mini,GEPA,False,,,,GEPA,,,1.0,,,,,,,,,,50.0,,,150.0,4900408.0,9591800.0,19.253224000000003,19.253224000000003,14.88,0.0,GEPA,AIMEBench_CoT_GEPA_gpt-41-mini-openrouter_seed_0_final_eval,1ksi41t3
Math,AIME-2025,GPT-4.1-mini,GEPA-MERGE,False,,,,GEPA-MERGE,,,1.0,,,,,,,,,,46.67,,,150.0,4578151.0,8685159.0,17.821237200000006,17.821237200000006,16.55,0.0,GEPA,AIMEBench_CoT_GEPA-MERGE_gpt-41-mini-openrouter_seed_0_final_eval,r62wx9kg
Math,AIME-2025,GPT-4.1-mini,GEPA-MERGE,False,,,,GEPA-MERGE,,,1.0,,,,,,,,,,50.0,,,150.0,4265374.0,9755130.0,19.221068799999983,19.221068799999983,14.12,0.0,GEPA,AIMEBench_CoT_GEPA-MERGE_gpt-41-mini-openrouter_seed_0_final_eval,odskvw73
Math,AIME-2025,GPT-4.1-mini,MIPROv2-Heavy,False,,,,MIPROv2-Heavy,,,1.0,,,,,,,,,,46.67,,,150.0,6456903.0,4445810.0,10.677099200000011,10.677099200000011,13.22,0.0,GEPA,AIMEBench_CoT_MIPROv2-Heavy_gpt-41-mini-openrouter_seed_0_final_eval,f50jd1w3
Math,AIME-2025,GPT-4.1-mini,MIPROv2-Heavy,False,,,,MIPROv2-Heavy,,,1.0,,,,,,,,,,40.0,,,150.0,6354501.0,4559823.0,12.6213612,12.6213612,16.52,0.0,GEPA,AIMEBench_CoT_MIPROv2-Heavy_gpt-41-mini-openrouter_seed_0_final_eval,au7w9dut
Math,AIME-2025,GPT-4.1-mini,MIPROv2-Heavy,False,,,,MIPROv2-Heavy,,,1.0,,,,,,,,,,34.0,,,150.0,6243646.0,3192662.0,12.677714000000003,12.677714000000003,2.83,0.0,GEPA,AIMEBench_CoT_MIPROv2-Heavy_gpt-41-mini-openrouter_seed_0_final_eval,0u8jv8gy
Math,AIME-2025,GPT-4.1-mini,Unknown,False,,,,,,3.0,1.0,5.0,45.0,20.0,,,,,,,46.66666666666666,,,150.0,,,,,190.38,,aime-math-litellm-agnostic-nb,litellm_gpt41mini_20iter_3shot,rw7cmqgu
Math,AIME-2025,GPT-4.1-mini,Unknown,False,,,,,,3.0,1.0,5.0,15.0,20.0,,,,,,,49.33333333333333,,,150.0,,,,,181.4,,aime-math-litellm-agnostic-nb,litellm_v2_gpt41mini_20iter_3shot,4fx08hfi
Math,AIME-2025,Qwen3-8B,Baseline,False,,,,Baseline,,,1.0,,,,,,,,,,47.33,,,150.0,25944.0,1375227.0,0.0,0.0,16.62,0.0,GEPA,AIMEBench_CoT_Baseline_qwen3-8b-openrouter_seed_0_final_eval,1rionq2z
Math,AIME-2025,Qwen3-8B,Baseline,False,,,,,,,20.0,,45.0,,,,,,,,66.66666666666666,,,150.0,,,,,106.53,,aime-math-baseline-litellm,baseline_litellm_qwen3-8b,aze6k9s5
Math,AIME-2025,Qwen3-8B,Baseline,False,,,,,,,20.0,,,,,,,,,,38.0,,,150.0,,,,,149.72,,aime-math-baseline,baseline_qwen3-8b,tvozrvmu
Math,AIME-2025,Qwen3-8B,Baseline,False,,,artifact_aligned_AIME_integer_exact_match,,,,20.0,,,,,,,,,,44.67,,,150.0,,,,,106.88,,aime-math-baseline,baseline_qwen3-8b,dgk5dnn7
Math,AIME-2025,Qwen3-8B,FSPO,False,,,,,,3.0,5.0,,45.0,20.0,20.0,,,,,,20.0,4500.0,,30.0,,,,,49.35,,aime-math-dynamic-fewshot,dynamic_fewshot_20iter_3shot,wmst5cop
Math,AIME-2025,Qwen3-8B,FSPO,False,,,,,,3.0,1.0,5.0,45.0,20.0,20.0,,,,,,55.33,4500.0,,150.0,,,,,2778.1,,aime-math-dynamic-fewshot,dynamic_fewshot_20iter_3shot,vwwcv2b0
Math,AIME-2025,Qwen3-8B,FSPO,False,,,,,,3.0,1.0,5.0,45.0,20.0,20.0,,,,,,60.0,4500.0,,30.0,,,,,3286.23,,aime-math-dynamic-fewshot,dspy_qwen3-8b_math-specific_fixed45val_20iter_3shot,8v2qjgrx
Math,AIME-2025,Qwen3-8B,FSPO,False,,,,,,3.0,1.0,5.0,45.0,20.0,20.0,,,,,,54.67,4500.0,,150.0,,,,,2642.2,,aime-math-dynamic-fewshot,dspy_qwen3-8b_math-specific_fixed15val_20iter_3shot,bkpxngx5
Math,AIME-2025,Qwen3-8B,FSPO,False,,,,,,3.0,1.0,1.0,45.0,20.0,20.0,,,,,,47.33,900.0,,150.0,,,,,3475.43,,aime-math-dynamic-fewshot,dspy_qwen3-8b_math-specific_fixed15val_nothink_20iter_3shot_top1,86zmx5b0
Math,AIME-2025,Qwen3-8B,MIPROv2-Heavy,False,,,,MIPROv2-Heavy,,,1.0,,,,,,,,,,58.0,,,150.0,2331238.0,17915438.0,0.0,0.0,14.23,0.0,GEPA,AIMEBench_CoT_MIPROv2-Heavy_qwen3-8b-openrouter_seed_0_final_eval,atkn52iz
Math,AIME-2025,Qwen3-8B,Unknown,False,,,,,,3.0,1.0,5.0,45.0,20.0,,,,,,,68.66666666666667,,,150.0,,,,,533.28,,aime-math-litellm-agnostic-nb,litellm_agnostic_nb_20iter_3shot,80wchg13
Math,AIME-2025,Qwen3-8B,Unknown,False,,,,,,3.0,1.0,5.0,45.0,20.0,,,,,,,66.0,,,150.0,,,,,579.95,,aime-math-litellm-agnostic-nb,litellm_agnostic_nb_20iter_3shot,j7n57vs0
Math,AIME-2025,Qwen3-8B,Unknown,False,,,,,,3.0,1.0,5.0,45.0,20.0,,,,,,,67.33333333333333,,,150.0,,,,,811.92,,aime-math-litellm-agnostic-nb,litellm_v2_stratified_20iter_3shot,pjquggwc
Math,AIME-2025,Qwen3-8B,Unknown,False,,,,,,3.0,1.0,5.0,15.0,20.0,,,,,,,67.33333333333333,,,150.0,,,,,516.08,,aime-math-litellm-agnostic-nb,litellm_v2_stratified_20iter_3shot,5nnpwzju
Math,LIVEBENCH-MATH,GPT-4.1-mini,FSPO,False,,,,,,3.0,1.0,5.0,30.0,20.0,20.0,,,,,,32.53999999999999,3000.0,,126.0,,,,,57.83,,livebench-math-dynamic-fewshot,dynamic_fewshot_20iter_3shot,h6lucked
Math,LIVEBENCH-MATH,GPT-4.1-mini,GEPA,False,,,,GEPA,,,1.0,,,,,,,,,,64.21,,,126.0,2861713.0,3056794.0,10.453779199999987,10.453779199999987,34.8,0.0,GEPA,LiveBenchMathBench_CoT_GEPA_gpt-41-mini-openrouter_seed_0_final_eval,8hllkzv8
Math,LIVEBENCH-MATH,GPT-4.1-mini,GEPA-MERGE,False,,,,GEPA-MERGE,,,1.0,,,,,,,,,,61.14,,,126.0,2708440.0,2826589.0,5.902178400000013,5.902178400000013,32.0,0.0,GEPA,LiveBenchMathBench_CoT_GEPA-MERGE_gpt-41-mini-openrouter_seed_0_final_eval,0rm9nuoc
Math,LIVEBENCH-MATH,Qwen3-8B,Baseline,False,,,,Baseline,,,1.0,,,,,,,,,,40.42,,,2.0,3596.0,11522.0,0.005663242,0.005663242,1.18,0.0,GEPA,LiveBenchMathBench_CoT_Baseline_qwen3-8b-openrouter_seed_0_final_eval,ytcr39a2
Math,LIVEBENCH-MATH,Qwen3-8B,Baseline,False,,,,Baseline,,,1.0,,,,,,,,,,65.53,,,126.0,68415.0,797387.0,0.37081564,0.37081564,71.55,0.0,GEPA,LiveBenchMathBench_CoT_Baseline_qwen3-8b-openrouter_seed_0_final_eval,3ccapws0
Math,LIVEBENCH-MATH,Qwen3-8B,Baseline,False,,,,Baseline,,,1.0,,,,,,,,,,67.54,,,126.0,66354.0,775618.0,0.3606696079999998,0.3606696079999998,69.28,0.0,GEPA,LiveBenchMathBench_CoT_Baseline_qwen3-8b-openrouter-nothink_seed_0_final_eval,hfc1ysyj
Math,LIVEBENCH-MATH,Qwen3-8B,Baseline,False,,,,Baseline,,,1.0,,,,,,,,,,35.82,,,126.0,68784.0,133355.0,0.0687242529999999,0.0687242529999999,13.15,0.0,GEPA,LiveBenchMathBench_CoT_Baseline_qwen3-8b-openrouter-nothink_seed_0_final_eval,x0ctj0q4
Math,LIVEBENCH-MATH,Qwen3-8B,Baseline,False,,,,Baseline,,,1.0,,,,,,,,,,38.48,,,126.0,68696.0,136068.0,0.069948372,0.069948372,13.75,0.0,GEPA,LiveBenchMathBench_CoT_Baseline_qwen3-8b-openrouter-nothink-v2_seed_0_final_eval,6xgosvsd
Math,LIVEBENCH-MATH,Qwen3-8B,Baseline,False,,,,Baseline,,,1.0,,,,,,,,,,65.01,,,126.0,71160.0,865841.0,0.0,0.0,10.97,0.0,GEPA,LiveBenchMathBench_CoT_Baseline_qwen3-8b-openrouter_seed_0_final_eval,jzqujv7o
Math,LIVEBENCH-MATH,Qwen3-8B,FSPO,False,,,,,,3.0,1.0,5.0,121.0,20.0,20.0,,,,,,66.67,12100.0,,126.0,,,,,420.5,,livebench-math-dynamic-fewshot,dynamic_fewshot_20iter_3shot,b6iz2dax
Math,LIVEBENCH-MATH,Qwen3-8B,FSPO,False,,,,,,3.0,1.0,5.0,30.0,20.0,20.0,,,,,,33.33,3000.0,,126.0,,,,,268.75,,livebench-math-dynamic-fewshot,dynamic_fewshot_20iter_3shot,7jl5dta0
Math,LIVEBENCH-MATH,Qwen3-8B,FSPO,False,,,,,,3.0,1.0,1.0,121.0,2.0,2.0,,,,,,31.75,242.0,,126.0,,,,,3.33,,livebench-math-dynamic-fewshot,dynamic_fewshot_2iter_3shot,prmdtdw1
Math,LIVEBENCH-MATH,Qwen3-8B,FSPO,False,,,,,,3.0,1.0,1.0,121.0,20.0,20.0,,,,,,38.89,2420.0,,126.0,,,,,27.0,,livebench-math-dynamic-fewshot,dynamic_fewshot_20iter_3shot,gs527dox
Math,LIVEBENCH-MATH,Qwen3-8B,FSPO,False,,,,,,3.0,1.0,1.0,121.0,20.0,20.0,,,,,,29.37,2420.0,,126.0,,,,,27.37,,livebench-math-dynamic-fewshot,dynamic_fewshot_20iter_3shot,xji9z2aa
Math,LIVEBENCH-MATH,Qwen3-8B,FSPO,False,,,,,,0.0,1.0,1.0,121.0,20.0,20.0,,,,,,30.95,2420.0,,126.0,,,,,16.87,,livebench-math-dynamic-fewshot,ablation_nofewshot_20iter,f8p7kmt5
Math,LIVEBENCH-MATH,Qwen3-8B,FSPO,False,,,,,,0.0,1.0,1.0,121.0,20.0,20.0,,,,,,33.33,2420.0,,126.0,,,,,21.23,,livebench-math-dynamic-fewshot,ablation_nofewshot_20iter,1fm6356x
Math,LIVEBENCH-MATH,Qwen3-8B,FSPO,False,,,,,,3.0,1.0,1.0,121.0,20.0,20.0,,,,,,35.709999999999994,2420.0,,126.0,,,,,26.63,,livebench-math-dynamic-fewshot,dynamic_fewshot_20iter_3shot,qy66amuq
Math,LIVEBENCH-MATH,Qwen3-8B,FSPO,False,,,,,,3.0,1.0,1.0,121.0,20.0,20.0,,,,,,33.33,2420.0,,126.0,,,,,44.27,,livebench-math-dynamic-fewshot,dynamic_fewshot_20iter_3shot,4436w5h5
Math,LIVEBENCH-MATH,Qwen3-8B,GEPA,False,,,,GEPA,,,1.0,,,,,,,,,,68.92,,,126.0,1843812.0,9495281.0,4.623925175999998,4.623925175999998,64.6,0.0,GEPA,LiveBenchMathBench_CoT_GEPA_qwen3-8b-openrouter-nothink_seed_0_final_eval,nxljljps
Math,LIVEBENCH-MATH,Qwen3-8B,GEPA,False,,,,GEPA,,,1.0,,,,,,,,,,70.57,,,126.0,3928694.0,10707216.0,0.0,0.0,8.32,0.0,GEPA,LiveBenchMathBench_CoT_GEPA_qwen3-8b-openrouter_seed_0_final_eval,ag4xsrtm
Math,LIVEBENCH-MATH,Qwen3-8B,GEPA-MERGE,False,,,,GEPA-MERGE,,,1.0,,,,,,,,,,65.88,,,126.0,2257626.0,9893133.0,4.871579089000007,4.871579089000007,67.55,0.0,GEPA,LiveBenchMathBench_CoT_GEPA-MERGE_qwen3-8b-openrouter-nothink_seed_0_final_eval,33tj4dpu
Math,LIVEBENCH-MATH,Qwen3-8B,GEPA-MERGE,False,,,,GEPA-MERGE,,,1.0,,,,,,,,,,66.28,,,126.0,2317360.0,10960491.0,0.0,0.0,12.23,0.0,GEPA,LiveBenchMathBench_CoT_GEPA-MERGE_qwen3-8b-openrouter_seed_0_final_eval,9kpzkvgf
Math,LIVEBENCH-MATH,Qwen3-8B,MIPROv2-Heavy,False,,,,MIPROv2-Heavy,,,1.0,,,,,,,,,,65.53,,,126.0,6405498.0,6888875.0,4.838665910000002,4.838665910000002,58.35,0.0,GEPA,LiveBenchMathBench_CoT_MIPROv2-Heavy_qwen3-8b-openrouter-nothink_seed_0_final_eval,p6f1xv1i
Math,LIVEBENCH-MATH,Qwen3-8B,MIPROv2-Heavy,False,,,,MIPROv2-Heavy,,,1.0,,,,,,,,,,67.46,,,126.0,3927486.0,8131130.0,0.0,0.0,13.45,0.0,GEPA,LiveBenchMathBench_CoT_MIPROv2-Heavy_qwen3-8b-openrouter_seed_0_final_eval,us6xw14a
Other,CAUSAL_JUDGMENT,Qwen/Qwen3-0.6B-Base,AlgPrompt,False,,,,,,,1.0,,,,,30.0,,4.0,4.0,,50.62500238418579,,,20.0,,,,,8.2,,BBH,causal_judgment_algprompt,2hb1m8uy
Other,HIGH_SCHOOL_GOVERNMENT_AND_POLITICS,google/gemma-1.1-7b-it,AlgPrompt,False,,,,,,,1.0,,,,,30.0,,4.0,3.0,,76.68393850326538,,,,,,,,5.13,42.0,mmlu,high_school_government_and_politicsmeta_changegoogle/gemma-1.1-7b-it_google/gemma-1.1-7b-it,zpld1f7c
Other,HIGH_SCHOOL_GOVERNMENT_AND_POLITICS,google/gemma-1.1-7b-it,AlgPrompt,False,,,,,,,1.0,,,,,30.0,,4.0,3.0,,76.68393850326538,,,,,,,,5.3,42.0,mmlu,high_school_government_and_politicsmeta_changegoogle/gemma-1.1-7b-it_google/gemma-1.1-7b-it,66hsi90o
Other,HIGH_SCHOOL_GOVERNMENT_AND_POLITICS,google/gemma-1.1-7b-it,AlgPrompt,False,,,,,,,1.0,,,,,30.0,,4.0,3.0,,77.2020697593689,,,,,,,,3.52,42.0,mmlu,high_school_government_and_politicsmeta_changegoogle/gemma-1.1-7b-it_google/gemma-1.1-7b-it,js0xq5m8
Other,HIGH_SCHOOL_GOVERNMENT_AND_POLITICS,google/gemma-1.1-7b-it,AlgPrompt,False,,,,,,,1.0,,,,,30.0,,4.0,3.0,,78.7564754486084,,,20.0,,,,,7.3,,mmlu,high_school_government_and_politicsmeta_changegoogle/gemma-1.1-7b-it_google/gemma-1.1-7b-it,7r72h4uj
Other,HIGH_SCHOOL_GOVERNMENT_AND_POLITICS,google/gemma-1.1-7b-it,StablePrompt-PPO(cs=0),True,0.0,10.0,,,,,1.0,,,,,30.0,5.0,5.0,4.0,29.0,66.83937907218933,600.0,,193.0,416700.0,,,,5.03,3.0,GFB_QA,gemma-1.1-7b-it_TO_gemma-1.1-7b-it_s3_bs5_top5,42xi41ci
Other,HIGH_SCHOOL_GOVERNMENT_AND_POLITICS,google/gemma-1.1-7b-it,StablePrompt-PPO(cs=0),True,0.0,10.0,,,,,1.0,,,,,30.0,5.0,5.0,4.0,29.0,74.61140155792236,600.0,,193.0,340500.0,,,,5.13,42.0,GFB_QA,gemma-1.1-7b-it_TO_gemma-1.1-7b-it_s42_bs5_top5,607pq84l
Other,HIGH_SCHOOL_GOVERNMENT_AND_POLITICS,google/gemma-1.1-7b-it,StablePrompt-PPO(cs=0.05),True,0.05,3.0,,,,,1.0,,,,,30.0,5.0,5.0,4.0,29.0,63.21243643760681,600.0,,193.0,403050.0,,,,2.78,42.0,GFB_QA,gemma-1.1-7b-it_TO_gemma-1.1-7b-it_s42_bs5_top5,4m8402pd
Other,HIGH_SCHOOL_GOVERNMENT_AND_POLITICS,google/gemma-1.1-7b-it,StablePrompt-PPO(cs=0.05),True,0.05,3.0,,,,,1.0,,,,,30.0,5.0,4.0,4.0,59.0,66.32124185562134,960.0,,193.0,653640.0,,,,4.53,42.0,GFB_QA,gemma-1.1-7b-it_TO_gemma-1.1-7b-it_s42_bs4_top5,dbmawt30
Other,HIGH_SCHOOL_GOVERNMENT_AND_POLITICS,google/gemma-1.1-7b-it,StablePrompt-PPO(cs=0.1),True,0.1,10.0,,,,,1.0,,,,,30.0,5.0,5.0,4.0,29.0,74.61140155792236,600.0,,193.0,340500.0,,,,4.88,42.0,GFB_QA,gemma-1.1-7b-it_TO_gemma-1.1-7b-it_s42_bs5_top5,1t6govv9
Other,HIGH_SCHOOL_GOVERNMENT_AND_POLITICS,jingyaogong/MiniMind2,AlgPrompt,False,,,,,,,1.0,,,,,30.0,,4.0,3.0,,27.97927558422088,,,20.0,,,,,7.17,,mmlu,high_school_government_and_politicsmeta_changejingyaogong/MiniMind2_jingyaogong/MiniMind2,1guh8l56
Other,WORLD_RELIGIONS,google/gemma-1.1-7b-it,AlgPrompt,False,,,,,,,1.0,,,,,30.0,,4.0,3.0,,73.68420958518982,,,,,,,,4.43,42.0,mmlu,world_religionsmeta_changegoogle/gemma-1.1-7b-it_google/gemma-1.1-7b-it,im1rnrfm
Other,WORLD_RELIGIONS,google/gemma-1.1-7b-it,AlgPrompt,False,,,,,,,1.0,,,,,30.0,,4.0,3.0,,73.68420958518982,,,,,,,,4.43,42.0,mmlu,world_religionsmeta_changegoogle/gemma-1.1-7b-it_google/gemma-1.1-7b-it,3ae696kq
Other,WORLD_RELIGIONS,google/gemma-1.1-7b-it,AlgPrompt,False,,,,,,,1.0,,,,,30.0,,4.0,3.0,,73.0994164943695,,,,,,,,3.03,42.0,mmlu,world_religionsmeta_changegoogle/gemma-1.1-7b-it_google/gemma-1.1-7b-it,bmfxjam4
Other,WORLD_RELIGIONS,google/gemma-1.1-7b-it,AlgPrompt,False,,,,,,,1.0,,,,,30.0,,4.0,3.0,,73.68420958518982,,,20.0,,,,,6.78,,mmlu,world_religionsmeta_changegoogle/gemma-1.1-7b-it_google/gemma-1.1-7b-it,xhwc2zjf
Other,WORLD_RELIGIONS,google/gemma-1.1-7b-it,StablePrompt-PPO(cs=0),True,0.0,10.0,,,,,1.0,,,,,30.0,5.0,5.0,4.0,29.0,76.60818696022034,600.0,,171.0,270000.0,,,,4.5,3.0,GFB_QA,gemma-1.1-7b-it_TO_gemma-1.1-7b-it_s3_bs5_top5,0hn0g0qw
Other,WORLD_RELIGIONS,google/gemma-1.1-7b-it,StablePrompt-PPO(cs=0),True,0.0,10.0,,,,,1.0,,,,,30.0,5.0,5.0,4.0,29.0,73.0994164943695,600.0,,171.0,366450.0,,,,4.53,42.0,GFB_QA,gemma-1.1-7b-it_TO_gemma-1.1-7b-it_s42_bs5_top5,1fzndgk8
Other,WORLD_RELIGIONS,google/gemma-1.1-7b-it,StablePrompt-PPO(cs=0.05),True,0.05,3.0,,,,,1.0,,,,,30.0,5.0,5.0,4.0,29.0,76.02339386940002,600.0,,171.0,266250.0,,,,2.57,42.0,GFB_QA,gemma-1.1-7b-it_TO_gemma-1.1-7b-it_s42_bs5_top5,7ergfgmt
Other,WORLD_RELIGIONS,google/gemma-1.1-7b-it,StablePrompt-PPO(cs=0.05),True,0.05,3.0,,,,,1.0,,,,,30.0,5.0,4.0,4.0,59.0,69.00584697723389,960.0,,171.0,377520.0,,,,4.4,42.0,GFB_QA,gemma-1.1-7b-it_TO_gemma-1.1-7b-it_s42_bs4_top5,chrsmjg2
Other,WORLD_RELIGIONS,google/gemma-1.1-7b-it,StablePrompt-PPO(cs=0.1),True,0.1,10.0,,,,,1.0,,,,,30.0,5.0,5.0,4.0,29.0,73.0994164943695,600.0,,171.0,366450.0,,,,4.42,42.0,GFB_QA,gemma-1.1-7b-it_TO_gemma-1.1-7b-it_s42_bs5_top5,odp4k245
Other,WORLD_RELIGIONS,jingyaogong/MiniMind2,AlgPrompt,False,,,,,,,1.0,,,,,30.0,,4.0,3.0,,22.80701696872711,,,20.0,,,,,6.63,,mmlu,world_religionsmeta_changejingyaogong/MiniMind2_jingyaogong/MiniMind2,yme5esp2
QA,HOTPOTQA,GPT-4.1-mini,Baseline,False,,,,Baseline,,,1.0,,,,,,,,,,35.33,,,300.0,771330.0,161929.0,0.5676184,0.5676184,188.28,0.0,GEPA,HotpotQABench_HotpotMultiHop_Baseline_gpt-41-mini-openrouter_seed_0_final_eval,e63dl8v1
QA,HOTPOTQA,GPT-4.1-mini,FSPO,False,,,,,,,1.0,,,,,,,,,,59.0,,,300.0,,,,,137.1,,hotpotqa-dynamic-fewshot,hotpot_gpt_subset50_20iter,89wk61np
QA,HOTPOTQA,GPT-4o-mini,FSPO,False,,,,,,,1.0,,,,,,,,,,29.67,,,300.0,,,,,33.97,,hotpotqa-dynamic-fewshot,hotpot_gpt_subset50_20iter,ssdrk8c5
QA,HOTPOTQA,Qwen3-8B,FSPO,False,,,,,,,1.0,,,,,,,,,,61.33,,,300.0,,,,,223.68,,hotpotqa-dynamic-fewshot,hotpot_qwen_subset50_20iter,trvbqp3c
QA,IFBENCH,GPT-4.1-mini,Baseline,False,,,,Baseline,,,1.0,,,,,,,,,,48.13,,,294.0,217107.0,244505.0,0.4780508,0.4780508,29.23,0.0,GEPA,IFBench_IFBenchCoT2StageProgram_Baseline_gpt-41-mini-openrouter_seed_0_final_eval,077f04r2
QA,IFBENCH,GPT-4.1-mini,Baseline,False,,,,,,,1.0,,300.0,,,,,,,,75.0,,,294.0,,,,,3.52,,ifbench-baseline-test,original_dspy_baseline_gpt41mini,vfjynj07
QA,IFBENCH,GPT-4.1-mini,Baseline,False,,,gepa_artifact.benchmarks.IFBench.ifbench_metric.metric_with_feedback,,,,1.0,,300.0,,,,,,,,48.3,,,294.0,,,,,14.02,,ifbench-baseline-test,original_dspy_baseline_gpt41mini,9e5vz6x5
QA,IFBENCH,GPT-4.1-mini,Baseline,False,,,gepa_artifact.benchmarks.IFBench.ifbench_metric.metric_with_feedback,,,,1.0,,300.0,,,,,,,,48.3,,,294.0,,,,,27.5,,ifbench-baseline-test,original_dspy_baseline_gpt41mini,vrx53i4m
QA,IFBENCH,GPT-4.1-mini,FSPO,False,,,,,,3.0,1.0,5.0,30.0,20.0,20.0,,,,,,76.19,3000.0,,294.0,,,,,60.52,,ifbench-dynamic-fewshot,dynamic_fewshot_gpt41mini_20iter_3shot,w5dkndzl
QA,IFBENCH,GPT-4.1-mini,FSPO,False,,,gepa_artifact.benchmarks.IFBench.ifbench_metric.metric_with_feedback,,generic_fewshot_only,3.0,1.0,1.0,30.0,20.0,20.0,,,,,,51.53,600.0,,294.0,,,,,157.5,,ifbench-dynamic-fewshot,dynamic_fewshot_gpt41mini_20iter_3shot,0tv7woty
QA,IFBENCH,GPT-4.1-mini,FSPO,False,,,gepa_artifact.benchmarks.IFBench.ifbench_metric.metric_with_feedback,,generic_fewshot_only,3.0,1.0,1.0,30.0,20.0,20.0,,,,,,48.81,600.0,,294.0,,,,,81.27,,ifbench-dynamic-fewshot,dynamic_fewshot_gpt41mini_20iter_3shot,oz2skszd
QA,IFBENCH,GPT-4.1-mini,GEPA,False,,,,GEPA,,,1.0,,,,,,,,,,49.83,,,294.0,5538588.0,2456765.0,7.516259200000007,7.516259200000007,24.82,0.0,GEPA,IFBench_IFBenchCoT2StageProgram_GEPA_gpt-41-mini-openrouter_seed_0_final_eval,wverd6or
QA,IFBENCH,GPT-4.1-mini,GEPA-MERGE,False,,,,GEPA-MERGE,,,1.0,,,,,,,,,,49.49,,,294.0,4665494.0,2168727.0,7.970855199999996,7.970855199999996,35.05,0.0,GEPA,IFBench_IFBenchCoT2StageProgram_GEPA-MERGE_gpt-41-mini-openrouter_seed_0_final_eval,34v07eo2
QA,IFBENCH,GPT-4.1-mini,MIPROv2-Heavy,False,,,,MIPROv2-Heavy,,,1.0,,,,,,,,,,51.19,,,294.0,9327210.0,2805191.0,8.324219199999991,8.324219199999991,36.05,0.0,GEPA,IFBench_IFBenchCoT2StageProgram_MIPROv2-Heavy_gpt-41-mini-openrouter_seed_0_final_eval,wxz5mpbs
QA,IFBENCH,Qwen3-8B,Baseline,False,,,,,,,1.0,,300.0,,,,,,,,73.81,,,294.0,,,,,33.5,,ifbench-baseline-test,original_dspy_baseline_qwen3-8b,lxer1u42
QA,IFBENCH,Qwen3-8B,Baseline,False,,,gepa_artifact.benchmarks.IFBench.ifbench_metric.metric_with_feedback,,,,1.0,,300.0,,,,,,,,38.61,,,294.0,,,,,60.18,,ifbench-baseline-test,original_dspy_baseline_qwen3-8b,sz313hux
QA,IFBENCH,Qwen3-8B,Baseline,False,,,gepa_artifact.benchmarks.IFBench.ifbench_metric.metric_with_feedback,,,,1.0,,300.0,,,,,,,,41.5,,,294.0,,,,,246.72,,ifbench-baseline-test,original_dspy_baseline_qwen3-8b,sm7lppk2
QA,IFBENCH,Qwen3-8B,Baseline,False,,,gepa_artifact.benchmarks.IFBench.ifbench_metric.metric_with_feedback,,,,1.0,,300.0,,,,,,,,41.5,,,294.0,,,,,122.33,,ifbench-baseline-test,original_dspy_baseline_qwen3-8b,6c88pleg
QA,IFBENCH,Qwen3-8B,FSPO,False,,,,,,3.0,1.0,5.0,30.0,20.0,20.0,,,,,,75.17,3000.0,,294.0,,,,,260.05,,ifbench-dynamic-fewshot,dynamic_fewshot_qwen3_8b_20iter_3shot,9ogkl1i5
QA,IFBENCH,Qwen3-8B,FSPO,False,,,gepa_artifact.benchmarks.IFBench.ifbench_metric.metric_with_feedback,,,3.0,1.0,1.0,30.0,20.0,20.0,,,,,,40.82,600.0,,294.0,,,,,205.2,,ifbench-dynamic-fewshot,dynamic_fewshot_qwen3_8b_20iter_3shot,8z2rfgr7
QA,IFBENCH,Qwen3-8B,FSPO,False,,,gepa_artifact.benchmarks.IFBench.ifbench_metric.metric_with_feedback,,,3.0,1.0,1.0,30.0,20.0,20.0,,,,,,38.95,600.0,,294.0,,,,,709.65,,ifbench-dynamic-fewshot,dynamic_fewshot_qwen3_8b_20iter_3shot,r9104ny9
QA,IFBENCH,Qwen3-8B,FSPO,False,,,gepa_artifact.benchmarks.IFBench.ifbench_metric.metric_with_feedback,,ifbench_two_stage,3.0,1.0,1.0,30.0,20.0,20.0,,,,,,43.88,600.0,,294.0,,,,,340.47,,ifbench-dynamic-fewshot,dynamic_fewshot_qwen3_8b_20iter_3shot,bfmewlrg
QA,PUPA,GPT-4.1-mini,Baseline,False,,,,Baseline,,,1.0,,,,,,,,,,80.81,,,221.0,293971.0,132112.0,0.3643003999999997,0.3643003999999997,38.6,0.0,GEPA,Papillon_PAPILLON_Baseline_gpt-41-mini-openrouter_seed_0_final_eval,c7evheyb
QA,PUPA,GPT-4.1-mini,Baseline,False,,,,,,,1.0,,,,,,,,,,77.37,,,221.0,,,,,6.05,,pupa-baseline-origin,baseline_gpt_threads32_breakdown,kd87hy29
QA,PUPA,GPT-4.1-mini,FSPO,False,,,,,,,1.0,,,20.0,,,,,,,94.09,,,,6325719.0,2018796.0,,2.1601354500000003,60.22,,pupa-dynamic-fewshot-origin,pupa_gpt_nobase_subset45_20iter,p16uyuga
QA,PUPA,GPT-4.1-mini,GEPA,False,,,,GEPA,,,1.0,,,,,,,,,,90.1,,,221.0,6746833.0,2119831.0,7.386323600000054,7.386323600000054,52.8,0.0,GEPA,Papillon_PAPILLON_GEPA_gpt-41-mini-openrouter_seed_0_final_eval,r52c9gta
QA,PUPA,GPT-4.1-mini,GEPA-MERGE,False,,,,GEPA-MERGE,,,1.0,,,,,,,,,,93.52,,,221.0,6183171.0,1938820.0,7.117388800000015,7.117388800000015,44.08,0.0,GEPA,Papillon_PAPILLON_GEPA-MERGE_gpt-41-mini-openrouter_seed_0_final_eval,y1lojof8
QA,PUPA,GPT-4.1-mini,MIPROv2-Heavy,False,,,,MIPROv2-Heavy,,,1.0,,,,,,,,,,83.59,,,221.0,8135085.0,1498755.0,5.857366399999996,5.857366399999996,39.03,0.0,GEPA,Papillon_PAPILLON_MIPROv2-Heavy_gpt-41-mini-openrouter_seed_0_final_eval,xj0qjc4s
QA,PUPA,GPT-4o-mini,Baseline,False,,,,,,,1.0,,,,,,,,,,70.58,,,221.0,,,,,5.13,,pupa-baseline-origin,baseline_gpt_threads32,k2shybp0
QA,PUPA,GPT-4o-mini,Baseline,False,,,,,,,1.0,,,,,,,,,,65.61,,,221.0,,,,,4.05,,pupa-baseline-origin,baseline_gpt_threads32,wh053i5b
QA,PUPA,GPT-4o-mini,Baseline,False,,,,,,,1.0,,,,,,,,,,70.38,,,221.0,,,,,0.28,,pupa-baseline-origin,baseline_gpt_threads32,oqbgmlt4
QA,PUPA,GPT-4o-mini,Baseline,False,,,,,,,1.0,,,,,,,,,,70.54,,,221.0,,,,,0.53,,pupa-baseline-origin,baseline_gpt_threads32,ejlr2v2k
QA,PUPA,GPT-4o-mini,Baseline,False,,,,,,,1.0,,,,,,,,,,70.23,,,221.0,,,,,0.2,,pupa-baseline-origin,baseline_gpt_threads32,ofl6ztsd
QA,PUPA,GPT-4o-mini,Baseline,False,,,,,,,1.0,,,,,,,,,,70.66,,,221.0,,,,,0.27,,pupa-baseline-origin,baseline_gpt_threads32_breakdown,cs1mo2br
QA,PUPA,GPT-4o-mini,FSPO,False,,,,,,,1.0,,,20.0,,,,,,,87.77,,,,0.0,0.0,,0.0,36.5,,pupa-dynamic-fewshot-origin,pupa_gpt_nobase_subset45_20iter,lxu11kps
QA,PUPA,GPT-4o-mini,FSPO,False,,,,,,,1.0,,,20.0,,,,,,,85.54,,,,5096511.0,1402620.0,,1.60604865,35.2,,pupa-dynamic-fewshot-origin,pupa_gpt_nobase_subset45_20iter,8w0rp3f1
QA,PUPA,Qwen3-8B,Baseline,False,,,,Baseline,,,1.0,,,,,,,,,,66.67,,,2.0,1535.0,2853.0,0.00147771,0.00147771,0.43,0.0,GEPA,Papillon_PAPILLON_Baseline_qwen3-8b-openrouter_seed_0_final_eval,w09op2qn
QA,PUPA,Qwen3-8B,Baseline,False,,,,Baseline,,,1.0,,,,,,,,,,81.55,,,221.0,273420.0,307686.0,0.1938830399999999,0.1938830399999999,51.33,0.0,GEPA,Papillon_PAPILLON_Baseline_qwen3-8b-openrouter_seed_0_final_eval,5ov8lf85
QA,PUPA,Qwen3-8B,FSPO,False,,,,,,,1.0,,,20.0,,,,,,,85.52,,,,,,,,153.75,,pupa-dynamic-fewshot-origin,pupa_qwen_nobase_dual_20iter,3y0tizlv
QA,PUPA,Qwen3-8B,FSPO,False,,,,,,,1.0,,,20.0,,,,,,,90.02,,,,,,,,133.2,,pupa-dynamic-fewshot-origin,pupa_qwen_nobase_subset45_20iter,n7o1crf6
QA,PUPA,Qwen3-8B,FSPO,False,,,,,,,1.0,,,20.0,,,,,,,85.76,,,,,,,,128.4,,pupa-dynamic-fewshot-origin,pupa_qwen_nobase_subset45_20iter,tituojj7
