"dataset","paper_method","gpu","seed","epochs","runtime_mins","run_id","project","run_name","raw_method","ppo_used"
"ABSTRACT_ALGEBRA","StablePrompt-PPO","A100","3.0","30.0","4.42","1mvbx7nz","GFB_QA","gemma-1.1-7b-it_TO_gemma-1.1-7b-it_s3_bs5_top5","StablePrompt-PPO(cs=0)","True"
"ABSTRACT_ALGEBRA","StablePrompt-PPO","A100","42.0","30.0","4.1","wzpg5dqm","GFB_QA","gemma-1.1-7b-it_TO_gemma-1.1-7b-it_s42_bs4_top5","StablePrompt-PPO(cs=0.05)","True"
"ABSTRACT_ALGEBRA","StablePrompt-PPO","A100","42.0","30.0","4.27","idb2logj","GFB_QA","gemma-1.1-7b-it_TO_gemma-1.1-7b-it_s42_bs5_top5","StablePrompt-PPO(cs=0)","True"
"ABSTRACT_ALGEBRA","StablePrompt-PPO","A100","42.0","30.0","2.43","4cumdblz","GFB_QA","gemma-1.1-7b-it_TO_gemma-1.1-7b-it_s42_bs5_top5","StablePrompt-PPO(cs=0.05)","True"
"ABSTRACT_ALGEBRA","StablePrompt-PPO","A100","42.0","30.0","4.27","vt9nbbf3","GFB_QA","gemma-1.1-7b-it_TO_gemma-1.1-7b-it_s42_bs5_top5","StablePrompt-PPO(cs=0.1)","True"
"ACTIVE_TO_PASSIVE","StablePrompt-PPO","A100","3.0","30.0","6.5","e2aq8jh5","GFB_II","gemma-1.1-7b-it_TO_gemma-1.1-7b-it_bs16_top5_s3_re","StablePrompt-PPO","True"
"ACTIVE_TO_PASSIVE","StablePrompt-PPO","A100","3.0","30.0","7.25","fyfy2gnl","GFB_II","gemma-1.1-7b-it_TO_gemma-1.1-7b-it_bs16_top5_s3","StablePrompt-PPO","True"
"ACTIVE_TO_PASSIVE","StablePrompt-PPO","A100","42.0","30.0","7.4","ij8svrex","GFB_II","gemma-1.1-7b-it_TO_gemma-1.1-7b-it_bs16_top5_s42","StablePrompt-PPO","True"
"ACTIVE_TO_PASSIVE","StablePrompt-PPO","A100","6.0","100.0","38.22","1zp7vl6s","GFB_II","gemma-1.1-7b-it_TO_gemma-1.1-7b-it_bs16_top5_s6","StablePrompt-PPO","True"
"ACTIVE_TO_PASSIVE","StablePrompt-PPO","A100","6.0","200.0","74.88","xwgposix","GFB_II","gemma-1.1-7b-it_TO_gemma-1.1-7b-it_bs16_top5_s6","StablePrompt-PPO","True"
"ACTIVE_TO_PASSIVE","StablePrompt-PPO","A100","6.0","30.0","7.23","rq1768pz","GFB_II","gemma-1.1-7b-it_TO_gemma-1.1-7b-it_bs16_top5_s6","StablePrompt-PPO","True"
"ANATOMY","StablePrompt-PPO","A100","3.0","30.0","4.38","i8pwlpik","GFB_QA","gemma-1.1-7b-it_TO_gemma-1.1-7b-it_s3_bs5_top5","StablePrompt-PPO(cs=0)","True"
"ANATOMY","StablePrompt-PPO","A100","42.0","30.0","4.38","xak3hkdf","GFB_QA","gemma-1.1-7b-it_TO_gemma-1.1-7b-it_s42_bs4_top5","StablePrompt-PPO(cs=0.05)","True"
"ANATOMY","StablePrompt-PPO","A100","42.0","30.0","2.62","3z3v5bbz","GFB_QA","gemma-1.1-7b-it_TO_gemma-1.1-7b-it_s42_bs5_top5","StablePrompt-PPO(cs=0.05)","True"
"ANATOMY","StablePrompt-PPO","A100","42.0","30.0","4.58","6ffo0w6o","GFB_QA","gemma-1.1-7b-it_TO_gemma-1.1-7b-it_s42_bs5_top5","StablePrompt-PPO(cs=0)","True"
"ANATOMY","StablePrompt-PPO","A100","42.0","30.0","4.62","wp7qa3zq","GFB_QA","gemma-1.1-7b-it_TO_gemma-1.1-7b-it_s42_bs5_top5","StablePrompt-PPO(cs=0.1)","True"
"ANTONYMS","StablePrompt-PPO","A100","3.0","30.0","6.47","t3p5qnyz","GFB_II","gemma-1.1-7b-it_TO_gemma-1.1-7b-it_bs16_top5_s3_re","StablePrompt-PPO","True"
"ANTONYMS","StablePrompt-PPO","A100","3.0","30.0","7.4","kobihwdb","GFB_II","gemma-1.1-7b-it_TO_gemma-1.1-7b-it_bs16_top5_s3","StablePrompt-PPO","True"
"ANTONYMS","StablePrompt-PPO","A100","42.0","30.0","7.22","e3e9jxpa","GFB_II","gemma-1.1-7b-it_TO_gemma-1.1-7b-it_bs16_top5_s42","StablePrompt-PPO","True"
"ANTONYMS","StablePrompt-PPO","A100","6.0","100.0","37.95","vh2r1ee7","GFB_II","gemma-1.1-7b-it_TO_gemma-1.1-7b-it_bs16_top5_s6","StablePrompt-PPO","True"
"ANTONYMS","StablePrompt-PPO","A100","6.0","200.0","75.78","ooeqfdwi","GFB_II","gemma-1.1-7b-it_TO_gemma-1.1-7b-it_bs16_top5_s6","StablePrompt-PPO","True"
"ANTONYMS","StablePrompt-PPO","A100","6.0","30.0","7.25","x1w1zuh1","GFB_II","gemma-1.1-7b-it_TO_gemma-1.1-7b-it_bs16_top5_s6","StablePrompt-PPO","True"
"ASTRONOMY","StablePrompt-PPO","A100","3.0","30.0","4.93","43d82g96","GFB_QA","gemma-1.1-7b-it_TO_gemma-1.1-7b-it_s3_bs5_top5","StablePrompt-PPO(cs=0)","True"
"ASTRONOMY","StablePrompt-PPO","A100","42.0","30.0","2.7","s52hrvwn","GFB_QA","gemma-1.1-7b-it_TO_gemma-1.1-7b-it_s42_bs5_top5","StablePrompt-PPO(cs=0.05)","True"
"ASTRONOMY","StablePrompt-PPO","A100","42.0","30.0","4.95","x8iokfag","GFB_QA","gemma-1.1-7b-it_TO_gemma-1.1-7b-it_s42_bs5_top5","StablePrompt-PPO(cs=0.1)","True"
"ASTRONOMY","StablePrompt-PPO","A100","42.0","30.0","4.95","vw5be5bo","GFB_QA","gemma-1.1-7b-it_TO_gemma-1.1-7b-it_s42_bs5_top5","StablePrompt-PPO(cs=0)","True"
"ASTRONOMY","StablePrompt-PPO","A100","42.0","30.0","4.38","e4bh0d1k","GFB_QA","gemma-1.1-7b-it_TO_gemma-1.1-7b-it_s42_bs4_top5","StablePrompt-PPO(cs=0.05)","True"
"BUSINESS_ETHICS","StablePrompt-PPO","A100","3.0","30.0","4.55","gtoqmzyo","GFB_QA","gemma-1.1-7b-it_TO_gemma-1.1-7b-it_s3_bs5_top5","StablePrompt-PPO(cs=0)","True"
"BUSINESS_ETHICS","StablePrompt-PPO","A100","42.0","30.0","2.62","7ewzj49u","GFB_QA","gemma-1.1-7b-it_TO_gemma-1.1-7b-it_s42_bs5_top5","StablePrompt-PPO(cs=0.05)","True"
"BUSINESS_ETHICS","StablePrompt-PPO","A100","42.0","30.0","4.57","twsag6lw","GFB_QA","gemma-1.1-7b-it_TO_gemma-1.1-7b-it_s42_bs5_top5","StablePrompt-PPO(cs=0.1)","True"
"BUSINESS_ETHICS","StablePrompt-PPO","A100","42.0","30.0","4.53","as2imu5n","GFB_QA","gemma-1.1-7b-it_TO_gemma-1.1-7b-it_s42_bs5_top5","StablePrompt-PPO(cs=0)","True"
"BUSINESS_ETHICS","StablePrompt-PPO","A100","42.0","30.0","4.48","uq14l3v3","GFB_QA","gemma-1.1-7b-it_TO_gemma-1.1-7b-it_s42_bs4_top5","StablePrompt-PPO(cs=0.05)","True"
"CAUSAL_JUDGMENT","StablePrompt-PPO","A100","3.0","30.0","4.27","1ygiey5r","GFB_BBH_TC","gemma-1.1-7b-it_TO_gemma-1.1-7b-it_top5_s3","Unknown","True"
"CAUSAL_JUDGMENT","StablePrompt-PPO","A100","42.0","30.0","4.85","ltszaqhh","GFB_BBH_TC","gemma-1.1-7b-it_TO_gemma-1.1-7b-it_top5_s42","Unknown","True"
"CAUSAL_JUDGMENT","StablePrompt-PPO","A100","42.0","30.0","9.88","36yty5dn","GFB_BBH_TC","gemma-1.1-7b-it_TO_gemma-1.1-7b-it_top5_s42","Unknown","True"
"CAUSAL_JUDGMENT","StablePrompt-PPO","A100","6.0","30.0","10.18","y2ydgvl8","GFB_BBH_TC","gemma-1.1-7b-it_TO_gemma-1.1-7b-it_top5_s6","Unknown","True"
"CAUSE_AND_EFFECT","StablePrompt-PPO","A100","3.0","30.0","6.8","itzyipx6","GFB_II","gemma-1.1-7b-it_TO_gemma-1.1-7b-it_bs16_top5_s3","StablePrompt-PPO","True"
"CAUSE_AND_EFFECT","StablePrompt-PPO","A100","3.0","30.0","6.82","z07jnus8","GFB_II","gemma-1.1-7b-it_TO_gemma-1.1-7b-it_bs16_top5_s3_re","StablePrompt-PPO","True"
"CAUSE_AND_EFFECT","StablePrompt-PPO","A100","42.0","30.0","7.12","5yhpgyzx","GFB_II","gemma-1.1-7b-it_TO_gemma-1.1-7b-it_bs16_top5_s42","StablePrompt-PPO","True"
"CAUSE_AND_EFFECT","StablePrompt-PPO","A100","6.0","100.0","37.47","w4rwug6n","GFB_II","gemma-1.1-7b-it_TO_gemma-1.1-7b-it_bs16_top5_s6","StablePrompt-PPO","True"
"CAUSE_AND_EFFECT","StablePrompt-PPO","A100","6.0","200.0","74.33","jewwiv6a","GFB_II","gemma-1.1-7b-it_TO_gemma-1.1-7b-it_bs16_top5_s6","StablePrompt-PPO","True"
"CAUSE_AND_EFFECT","StablePrompt-PPO","A100","6.0","30.0","6.77","fdghz6vx","GFB_II","gemma-1.1-7b-it_TO_gemma-1.1-7b-it_bs16_top5_s6","StablePrompt-PPO","True"
"CLINICAL_KNOWLEDGE","StablePrompt-PPO","A100","3.0","30.0","5.23","zesfotys","GFB_QA","gemma-1.1-7b-it_TO_gemma-1.1-7b-it_s3_bs5_top5","StablePrompt-PPO(cs=0)","True"
"CLINICAL_KNOWLEDGE","StablePrompt-PPO","A100","42.0","30.0","4.68","eqaql33y","GFB_QA","gemma-1.1-7b-it_TO_gemma-1.1-7b-it_s42_bs4_top5","StablePrompt-PPO(cs=0.05)","True"
"CLINICAL_KNOWLEDGE","StablePrompt-PPO","A100","42.0","30.0","5.3","y7vfr46f","GFB_QA","gemma-1.1-7b-it_TO_gemma-1.1-7b-it_s42_bs5_top5","StablePrompt-PPO(cs=0.1)","True"
"CLINICAL_KNOWLEDGE","StablePrompt-PPO","A100","42.0","30.0","2.97","lbta79z1","GFB_QA","gemma-1.1-7b-it_TO_gemma-1.1-7b-it_s42_bs5_top5","StablePrompt-PPO(cs=0.05)","True"
"CLINICAL_KNOWLEDGE","StablePrompt-PPO","A100","42.0","30.0","5.33","tut9lfgt","GFB_QA","gemma-1.1-7b-it_TO_gemma-1.1-7b-it_s42_bs5_top5","StablePrompt-PPO(cs=0)","True"
"COLLEGE_BIOLOGY","StablePrompt-PPO","A100","3.0","30.0","4.83","d6z4aria","GFB_QA","gemma-1.1-7b-it_TO_gemma-1.1-7b-it_s3_bs5_top5","StablePrompt-PPO(cs=0)","True"
"COLLEGE_BIOLOGY","StablePrompt-PPO","A100","42.0","30.0","4.72","x7g90mz1","GFB_QA","gemma-1.1-7b-it_TO_gemma-1.1-7b-it_s42_bs5_top5","StablePrompt-PPO(cs=0)","True"
"COLLEGE_BIOLOGY","StablePrompt-PPO","A100","42.0","30.0","4.47","t3rqjjam","GFB_QA","gemma-1.1-7b-it_TO_gemma-1.1-7b-it_s42_bs4_top5","StablePrompt-PPO(cs=0.05)","True"
"COLLEGE_BIOLOGY","StablePrompt-PPO","A100","42.0","30.0","2.67","prnl0ks6","GFB_QA","gemma-1.1-7b-it_TO_gemma-1.1-7b-it_s42_bs5_top5","StablePrompt-PPO(cs=0.05)","True"
"COLLEGE_BIOLOGY","StablePrompt-PPO","A100","42.0","30.0","4.72","f3cggt8f","GFB_QA","gemma-1.1-7b-it_TO_gemma-1.1-7b-it_s42_bs5_top5","StablePrompt-PPO(cs=0.1)","True"
"COLLEGE_CHEMISTRY","StablePrompt-PPO","A100","3.0","30.0","4.5","4gv148eh","GFB_QA","gemma-1.1-7b-it_TO_gemma-1.1-7b-it_s3_bs5_top5","StablePrompt-PPO(cs=0)","True"
"COLLEGE_CHEMISTRY","StablePrompt-PPO","A100","42.0","30.0","4.33","pgruja29","GFB_QA","gemma-1.1-7b-it_TO_gemma-1.1-7b-it_s42_bs4_top5","StablePrompt-PPO(cs=0.05)","True"
"COLLEGE_CHEMISTRY","StablePrompt-PPO","A100","42.0","30.0","4.63","ewnoc61c","GFB_QA","gemma-1.1-7b-it_TO_gemma-1.1-7b-it_s42_bs5_top5","StablePrompt-PPO(cs=0)","True"
"COLLEGE_CHEMISTRY","StablePrompt-PPO","A100","42.0","30.0","2.5","wqeu1d4t","GFB_QA","gemma-1.1-7b-it_TO_gemma-1.1-7b-it_s42_bs5_top5","StablePrompt-PPO(cs=0.05)","True"
"COLLEGE_CHEMISTRY","StablePrompt-PPO","A100","42.0","30.0","4.53","cbcknnii","GFB_QA","gemma-1.1-7b-it_TO_gemma-1.1-7b-it_s42_bs5_top5","StablePrompt-PPO(cs=0.1)","True"
"COLLEGE_COMPUTER_SCIENCE","StablePrompt-PPO","A100","3.0","30.0","4.82","56s33vjg","GFB_QA","gemma-1.1-7b-it_TO_gemma-1.1-7b-it_s3_bs5_top5","StablePrompt-PPO(cs=0)","True"
"COLLEGE_COMPUTER_SCIENCE","StablePrompt-PPO","A100","42.0","30.0","4.53","kl1pxtyp","GFB_QA","gemma-1.1-7b-it_TO_gemma-1.1-7b-it_s42_bs4_top5","StablePrompt-PPO(cs=0.05)","True"
"COLLEGE_COMPUTER_SCIENCE","StablePrompt-PPO","A100","42.0","30.0","2.7","h66c9ykf","GFB_QA","gemma-1.1-7b-it_TO_gemma-1.1-7b-it_s42_bs5_top5","StablePrompt-PPO(cs=0.05)","True"
"COLLEGE_COMPUTER_SCIENCE","StablePrompt-PPO","A100","42.0","30.0","5.02","6ecety2j","GFB_QA","gemma-1.1-7b-it_TO_gemma-1.1-7b-it_s42_bs5_top5","StablePrompt-PPO(cs=0)","True"
"COLLEGE_COMPUTER_SCIENCE","StablePrompt-PPO","A100","42.0","30.0","5","9zxz5g68","GFB_QA","gemma-1.1-7b-it_TO_gemma-1.1-7b-it_s42_bs5_top5","StablePrompt-PPO(cs=0.1)","True"
"COLLEGE_MATHEMATICS","StablePrompt-PPO","A100","3.0","30.0","4.35","btps56ov","GFB_QA","gemma-1.1-7b-it_TO_gemma-1.1-7b-it_s3_bs5_top5","StablePrompt-PPO(cs=0)","True"
"COLLEGE_MATHEMATICS","StablePrompt-PPO","A100","42.0","30.0","2.47","pcx4lroi","GFB_QA","gemma-1.1-7b-it_TO_gemma-1.1-7b-it_s42_bs5_top5","StablePrompt-PPO(cs=0.05)","True"
"COLLEGE_MATHEMATICS","StablePrompt-PPO","A100","42.0","30.0","4.47","nsm9ixi8","GFB_QA","gemma-1.1-7b-it_TO_gemma-1.1-7b-it_s42_bs5_top5","StablePrompt-PPO(cs=0)","True"
"COLLEGE_MATHEMATICS","StablePrompt-PPO","A100","42.0","30.0","4.45","r1yvxc80","GFB_QA","gemma-1.1-7b-it_TO_gemma-1.1-7b-it_s42_bs5_top5","StablePrompt-PPO(cs=0.1)","True"
"COLLEGE_MATHEMATICS","StablePrompt-PPO","A100","42.0","30.0","4.1","p2fe8jrj","GFB_QA","gemma-1.1-7b-it_TO_gemma-1.1-7b-it_s42_bs4_top5","StablePrompt-PPO(cs=0.05)","True"
"COLLEGE_MEDICINE","StablePrompt-PPO","A100","3.0","30.0","5.32","l3vl9n4k","GFB_QA","gemma-1.1-7b-it_TO_gemma-1.1-7b-it_s3_bs5_top5","StablePrompt-PPO(cs=0)","True"
"COLLEGE_MEDICINE","StablePrompt-PPO","A100","42.0","30.0","2.97","o5q62s4c","GFB_QA","gemma-1.1-7b-it_TO_gemma-1.1-7b-it_s42_bs5_top5","StablePrompt-PPO(cs=0.05)","True"
"COLLEGE_MEDICINE","StablePrompt-PPO","A100","42.0","30.0","5.37","1tyhq9ui","GFB_QA","gemma-1.1-7b-it_TO_gemma-1.1-7b-it_s42_bs5_top5","StablePrompt-PPO(cs=0.1)","True"
"COLLEGE_MEDICINE","StablePrompt-PPO","A100","42.0","30.0","5.5","gaor18aq","GFB_QA","gemma-1.1-7b-it_TO_gemma-1.1-7b-it_s42_bs5_top5","StablePrompt-PPO(cs=0)","True"
"COLLEGE_MEDICINE","StablePrompt-PPO","A100","42.0","30.0","4.83","19a79vzc","GFB_QA","gemma-1.1-7b-it_TO_gemma-1.1-7b-it_s42_bs4_top5","StablePrompt-PPO(cs=0.05)","True"
"COLLEGE_PHYSICS","StablePrompt-PPO","A100","3.0","30.0","4.72","1mq657vm","GFB_QA","gemma-1.1-7b-it_TO_gemma-1.1-7b-it_s3_bs5_top5","StablePrompt-PPO(cs=0)","True"
"COLLEGE_PHYSICS","StablePrompt-PPO","A100","42.0","30.0","4.63","6nz5m260","GFB_QA","gemma-1.1-7b-it_TO_gemma-1.1-7b-it_s42_bs5_top5","StablePrompt-PPO(cs=0)","True"
"COLLEGE_PHYSICS","StablePrompt-PPO","A100","42.0","30.0","4.37","apihzcat","GFB_QA","gemma-1.1-7b-it_TO_gemma-1.1-7b-it_s42_bs4_top5","StablePrompt-PPO(cs=0.05)","True"
"COLLEGE_PHYSICS","StablePrompt-PPO","A100","42.0","30.0","4.62","7donr661","GFB_QA","gemma-1.1-7b-it_TO_gemma-1.1-7b-it_s42_bs5_top5","StablePrompt-PPO(cs=0.1)","True"
"COLLEGE_PHYSICS","StablePrompt-PPO","A100","42.0","30.0","2.57","xqnwi320","GFB_QA","gemma-1.1-7b-it_TO_gemma-1.1-7b-it_s42_bs5_top5","StablePrompt-PPO(cs=0.05)","True"
"COMMON_CONCEPT","StablePrompt-PPO","A100","3.0","30.0","6.62","pu6lf8er","GFB_II","gemma-1.1-7b-it_TO_gemma-1.1-7b-it_bs16_top5_s3","StablePrompt-PPO","True"
"COMMON_CONCEPT","StablePrompt-PPO","A100","3.0","30.0","6.48","gsskb3xd","GFB_II","gemma-1.1-7b-it_TO_gemma-1.1-7b-it_bs16_top5_s3_re","StablePrompt-PPO","True"
"COMMON_CONCEPT","StablePrompt-PPO","A100","42.0","30.0","6.45","mrv737ho","GFB_II","gemma-1.1-7b-it_TO_gemma-1.1-7b-it_bs16_top5_s42","StablePrompt-PPO","True"
"COMMON_CONCEPT","StablePrompt-PPO","A100","6.0","100.0","34.32","ince3hn7","GFB_II","gemma-1.1-7b-it_TO_gemma-1.1-7b-it_bs16_top5_s6","StablePrompt-PPO","True"
"COMMON_CONCEPT","StablePrompt-PPO","A100","6.0","200.0","68.32","xj74yd2d","GFB_II","gemma-1.1-7b-it_TO_gemma-1.1-7b-it_bs16_top5_s6","StablePrompt-PPO","True"
"COMMON_CONCEPT","StablePrompt-PPO","A100","6.0","30.0","6.38","1azp7maf","GFB_II","gemma-1.1-7b-it_TO_gemma-1.1-7b-it_bs16_top5_s6","StablePrompt-PPO","True"
"COMPUTER_SECURITY","StablePrompt-PPO","A100","3.0","30.0","4.73","67m2re5y","GFB_QA","gemma-1.1-7b-it_TO_gemma-1.1-7b-it_s3_bs5_top5","StablePrompt-PPO(cs=0)","True"
"COMPUTER_SECURITY","StablePrompt-PPO","A100","42.0","30.0","4.77","w966d1do","GFB_QA","gemma-1.1-7b-it_TO_gemma-1.1-7b-it_s42_bs5_top5","StablePrompt-PPO(cs=0.1)","True"
"COMPUTER_SECURITY","StablePrompt-PPO","A100","42.0","30.0","4.47","lk3ws1yk","GFB_QA","gemma-1.1-7b-it_TO_gemma-1.1-7b-it_s42_bs4_top5","StablePrompt-PPO(cs=0.05)","True"
"COMPUTER_SECURITY","StablePrompt-PPO","A100","42.0","30.0","4.85","tien7e59","GFB_QA","gemma-1.1-7b-it_TO_gemma-1.1-7b-it_s42_bs5_top5","StablePrompt-PPO(cs=0)","True"
"COMPUTER_SECURITY","StablePrompt-PPO","A100","42.0","30.0","2.63","ifkvdk72","GFB_QA","gemma-1.1-7b-it_TO_gemma-1.1-7b-it_s42_bs5_top5","StablePrompt-PPO(cs=0.05)","True"
"CONCEPTUAL_PHYSICS","StablePrompt-PPO","A100","3.0","30.0","4.88","z5tkil1i","GFB_QA","gemma-1.1-7b-it_TO_gemma-1.1-7b-it_s3_bs5_top5","StablePrompt-PPO(cs=0)","True"
"CONCEPTUAL_PHYSICS","StablePrompt-PPO","A100","42.0","30.0","4.9","c62qt23c","GFB_QA","gemma-1.1-7b-it_TO_gemma-1.1-7b-it_s42_bs5_top5","StablePrompt-PPO(cs=0)","True"
"CONCEPTUAL_PHYSICS","StablePrompt-PPO","A100","42.0","30.0","2.72","ol2362pg","GFB_QA","gemma-1.1-7b-it_TO_gemma-1.1-7b-it_s42_bs5_top5","StablePrompt-PPO(cs=0.05)","True"
"CONCEPTUAL_PHYSICS","StablePrompt-PPO","A100","42.0","30.0","4.9","o9xh76z5","GFB_QA","gemma-1.1-7b-it_TO_gemma-1.1-7b-it_s42_bs5_top5","StablePrompt-PPO(cs=0.1)","True"
"CONCEPTUAL_PHYSICS","StablePrompt-PPO","A100","42.0","30.0","4.6","9u9vpfru","GFB_QA","gemma-1.1-7b-it_TO_gemma-1.1-7b-it_s42_bs4_top5","StablePrompt-PPO(cs=0.05)","True"
"DIFF","StablePrompt-PPO","A100","3.0","30.0","7.17","1x5gi3u8","GFB_II","gemma-1.1-7b-it_TO_gemma-1.1-7b-it_bs16_top5_s3","StablePrompt-PPO","True"
"DIFF","StablePrompt-PPO","A100","3.0","30.0","6.43","z7viaztr","GFB_II","gemma-1.1-7b-it_TO_gemma-1.1-7b-it_bs16_top5_s3_re","StablePrompt-PPO","True"
"DIFF","StablePrompt-PPO","A100","42.0","30.0","7.18","x3aq4f5o","GFB_II","gemma-1.1-7b-it_TO_gemma-1.1-7b-it_bs16_top5_s42","StablePrompt-PPO","True"
"DIFF","StablePrompt-PPO","A100","6.0","100.0","39.18","z7fv2zmc","GFB_II","gemma-1.1-7b-it_TO_gemma-1.1-7b-it_bs16_top5_s6","StablePrompt-PPO","True"
"DIFF","StablePrompt-PPO","A100","6.0","200.0","73","f0cljbpe","GFB_II","gemma-1.1-7b-it_TO_gemma-1.1-7b-it_bs16_top5_s6","StablePrompt-PPO","True"
"DIFF","StablePrompt-PPO","A100","6.0","30.0","7.1","1n1ewrnp","GFB_II","gemma-1.1-7b-it_TO_gemma-1.1-7b-it_bs16_top5_s6","StablePrompt-PPO","True"
"DISAMBIGUATION_QA","StablePrompt-PPO","A100","3.0","30.0","3.27","48d1ed2y","GFB_BBH_TC","gemma-1.1-7b-it_TO_gemma-1.1-7b-it_top5_s3","Unknown","True"
"DISAMBIGUATION_QA","StablePrompt-PPO","A100","42.0","30.0","5.93","a71p7qju","GFB_BBH_TC","gemma-1.1-7b-it_TO_gemma-1.1-7b-it_top5_s42","Unknown","True"
"DISAMBIGUATION_QA","StablePrompt-PPO","A100","42.0","30.0","3.23","gj5ojk6z","GFB_BBH_TC","gemma-1.1-7b-it_TO_gemma-1.1-7b-it_top5_s42","Unknown","True"
"DISAMBIGUATION_QA","StablePrompt-PPO","A100","6.0","30.0","5.97","r8qlxkc4","GFB_BBH_TC","gemma-1.1-7b-it_TO_gemma-1.1-7b-it_top5_s6","Unknown","True"
"DYCK_LANGUAGES","StablePrompt-PPO","A100","3.0","30.0","24.73","5bdbbwi8","GFB_BBH_TG","gemma-1.1-7b-it_TO_gemma-1.1-7b-it_bs16_top5_s3","StablePrompt-PPO","True"
"DYCK_LANGUAGES","StablePrompt-PPO","A100","42.0","30.0","26","xc2ru121","GFB_BBH_TG","gemma-1.1-7b-it_TO_gemma-1.1-7b-it_bs16_top5_s42","StablePrompt-PPO","True"
"DYCK_LANGUAGES","StablePrompt-PPO","A100","6.0","30.0","50.37","ffzndnn1","GFB_BBH_TG","gemma-1.1-7b-it_TO_gemma-1.1-7b-it_bs16_top5_s6","StablePrompt-PPO","True"
"ECONOMETRICS","StablePrompt-PPO","A100","3.0","30.0","4.97","420kt8zq","GFB_QA","gemma-1.1-7b-it_TO_gemma-1.1-7b-it_s3_bs5_top5","StablePrompt-PPO(cs=0)","True"
"ECONOMETRICS","StablePrompt-PPO","A100","42.0","30.0","5","v3ilna0z","GFB_QA","gemma-1.1-7b-it_TO_gemma-1.1-7b-it_s42_bs5_top5","StablePrompt-PPO(cs=0)","True"
"ECONOMETRICS","StablePrompt-PPO","A100","42.0","30.0","2.77","e5uj81x8","GFB_QA","gemma-1.1-7b-it_TO_gemma-1.1-7b-it_s42_bs5_top5","StablePrompt-PPO(cs=0.05)","True"
"ECONOMETRICS","StablePrompt-PPO","A100","42.0","30.0","4.58","u5jsbxgv","GFB_QA","gemma-1.1-7b-it_TO_gemma-1.1-7b-it_s42_bs4_top5","StablePrompt-PPO(cs=0.05)","True"
"ECONOMETRICS","StablePrompt-PPO","A100","42.0","30.0","4.98","vhe7hmv7","GFB_QA","gemma-1.1-7b-it_TO_gemma-1.1-7b-it_s42_bs5_top5","StablePrompt-PPO(cs=0.1)","True"
"ELECTRICAL_ENGINEERING","StablePrompt-PPO","A100","3.0","30.0","4.5","hgzwebmt","GFB_QA","gemma-1.1-7b-it_TO_gemma-1.1-7b-it_s3_bs5_top5","StablePrompt-PPO(cs=0)","True"
"ELECTRICAL_ENGINEERING","StablePrompt-PPO","A100","42.0","30.0","4.17","llek5g3n","GFB_QA","gemma-1.1-7b-it_TO_gemma-1.1-7b-it_s42_bs4_top5","StablePrompt-PPO(cs=0.05)","True"
"ELECTRICAL_ENGINEERING","StablePrompt-PPO","A100","42.0","30.0","4.4","am2ih621","GFB_QA","gemma-1.1-7b-it_TO_gemma-1.1-7b-it_s42_bs5_top5","StablePrompt-PPO(cs=0.1)","True"
"ELECTRICAL_ENGINEERING","StablePrompt-PPO","A100","42.0","30.0","2.53","3od5x7ru","GFB_QA","gemma-1.1-7b-it_TO_gemma-1.1-7b-it_s42_bs5_top5","StablePrompt-PPO(cs=0.05)","True"
"ELECTRICAL_ENGINEERING","StablePrompt-PPO","A100","42.0","30.0","4.45","tkqj72jy","GFB_QA","gemma-1.1-7b-it_TO_gemma-1.1-7b-it_s42_bs5_top5","StablePrompt-PPO(cs=0)","True"
"ELEMENTARY_MATHEMATICS","StablePrompt-PPO","A100","3.0","30.0","6.47","ae6ir26x","GFB_QA","gemma-1.1-7b-it_TO_gemma-1.1-7b-it_s3_bs5_top5","StablePrompt-PPO(cs=0)","True"
"ELEMENTARY_MATHEMATICS","StablePrompt-PPO","A100","42.0","30.0","5.22","fbywlvh0","GFB_QA","gemma-1.1-7b-it_TO_gemma-1.1-7b-it_s42_bs4_top5","StablePrompt-PPO(cs=0.05)","True"
"ELEMENTARY_MATHEMATICS","StablePrompt-PPO","A100","42.0","30.0","3.25","nwpj1qr8","GFB_QA","gemma-1.1-7b-it_TO_gemma-1.1-7b-it_s42_bs5_top5","StablePrompt-PPO(cs=0.05)","True"
"ELEMENTARY_MATHEMATICS","StablePrompt-PPO","A100","42.0","30.0","6.1","2cmndzux","GFB_QA","gemma-1.1-7b-it_TO_gemma-1.1-7b-it_s42_bs5_top5","StablePrompt-PPO(cs=0)","True"
"ELEMENTARY_MATHEMATICS","StablePrompt-PPO","A100","42.0","30.0","5.85","k40yao8o","GFB_QA","gemma-1.1-7b-it_TO_gemma-1.1-7b-it_s42_bs5_top5","StablePrompt-PPO(cs=0.1)","True"
"EPISTEMIC_REASONING","StablePrompt-PPO","A100","3.0","30.0","7.17","0pfrazso","GFB_BBH_TC","gemma-1.1-7b-it_TO_gemma-1.1-7b-it_top5_s3","Unknown","True"
"EPISTEMIC_REASONING","StablePrompt-PPO","A100","42.0","30.0","14.18","561l7n56","GFB_BBH_TC","gemma-1.1-7b-it_TO_gemma-1.1-7b-it_top5_s42","Unknown","True"
"EPISTEMIC_REASONING","StablePrompt-PPO","A100","42.0","30.0","7.15","owkfpnar","GFB_BBH_TC","gemma-1.1-7b-it_TO_gemma-1.1-7b-it_top5_s42","Unknown","True"
"EPISTEMIC_REASONING","StablePrompt-PPO","A100","6.0","30.0","13.98","r3vvwxpj","GFB_BBH_TC","gemma-1.1-7b-it_TO_gemma-1.1-7b-it_top5_s6","Unknown","True"
"FIRST_WORD_LETTER","StablePrompt-PPO","A100","3.0","30.0","6.82","97vhamsm","GFB_II","gemma-1.1-7b-it_TO_gemma-1.1-7b-it_bs16_top5_s3_re","StablePrompt-PPO","True"
"FIRST_WORD_LETTER","StablePrompt-PPO","A100","3.0","30.0","7.22","kxnp3hoz","GFB_II","gemma-1.1-7b-it_TO_gemma-1.1-7b-it_bs16_top5_s3","StablePrompt-PPO","True"
"FIRST_WORD_LETTER","StablePrompt-PPO","A100","42.0","30.0","7.12","2femz1cd","GFB_II","gemma-1.1-7b-it_TO_gemma-1.1-7b-it_bs16_top5_s42","StablePrompt-PPO","True"
"FIRST_WORD_LETTER","StablePrompt-PPO","A100","6.0","100.0","36.93","oh43f0mz","GFB_II","gemma-1.1-7b-it_TO_gemma-1.1-7b-it_bs16_top5_s6","StablePrompt-PPO","True"
"FIRST_WORD_LETTER","StablePrompt-PPO","A100","6.0","200.0","72.92","n69n1wgx","GFB_II","gemma-1.1-7b-it_TO_gemma-1.1-7b-it_bs16_top5_s6","StablePrompt-PPO","True"
"FIRST_WORD_LETTER","StablePrompt-PPO","A100","6.0","30.0","7.22","tpq3quf7","GFB_II","gemma-1.1-7b-it_TO_gemma-1.1-7b-it_bs16_top5_s6","StablePrompt-PPO","True"
"FORMAL_LOGIC","StablePrompt-PPO","A100","3.0","30.0","5.25","71zamxu4","GFB_QA","gemma-1.1-7b-it_TO_gemma-1.1-7b-it_s3_bs5_top5","StablePrompt-PPO(cs=0)","True"
"FORMAL_LOGIC","StablePrompt-PPO","A100","42.0","30.0","4.87","1wgg4tfl","GFB_QA","gemma-1.1-7b-it_TO_gemma-1.1-7b-it_s42_bs4_top5","StablePrompt-PPO(cs=0.05)","True"
"FORMAL_LOGIC","StablePrompt-PPO","A100","42.0","30.0","5.2","ga7v4b0x","GFB_QA","gemma-1.1-7b-it_TO_gemma-1.1-7b-it_s42_bs5_top5","StablePrompt-PPO(cs=0)","True"
"FORMAL_LOGIC","StablePrompt-PPO","A100","42.0","30.0","2.85","hojyspqu","GFB_QA","gemma-1.1-7b-it_TO_gemma-1.1-7b-it_s42_bs5_top5","StablePrompt-PPO(cs=0.05)","True"
"FORMAL_LOGIC","StablePrompt-PPO","A100","42.0","30.0","5.17","5xrderxx","GFB_QA","gemma-1.1-7b-it_TO_gemma-1.1-7b-it_s42_bs5_top5","StablePrompt-PPO(cs=0.1)","True"
"GENDER_INCLUSIVE_SENTENCES_GERMAN","StablePrompt-PPO","A100","3.0","30.0","14.73","zwm8j19t","GFB_BBH_TG","gemma-1.1-7b-it_TO_gemma-1.1-7b-it_bs16_top5_s3","StablePrompt-PPO","True"
"GENDER_INCLUSIVE_SENTENCES_GERMAN","StablePrompt-PPO","A100","42.0","30.0","14.8","gkyu1xzs","GFB_BBH_TG","gemma-1.1-7b-it_TO_gemma-1.1-7b-it_bs16_top5_s42","StablePrompt-PPO","True"
"GENDER_INCLUSIVE_SENTENCES_GERMAN","StablePrompt-PPO","A100","6.0","30.0","27.53","fmtbdpa1","GFB_BBH_TG","gemma-1.1-7b-it_TO_gemma-1.1-7b-it_bs16_top5_s6","StablePrompt-PPO","True"
"GLOBAL_FACTS","StablePrompt-PPO","A100","3.0","30.0","3.87","g358ew10","GFB_QA","gemma-1.1-7b-it_TO_gemma-1.1-7b-it_s3_bs5_top5","StablePrompt-PPO(cs=0)","True"
"GLOBAL_FACTS","StablePrompt-PPO","A100","42.0","30.0","2.27","wfamxv8t","GFB_QA","gemma-1.1-7b-it_TO_gemma-1.1-7b-it_s42_bs5_top5","StablePrompt-PPO(cs=0.05)","True"
"GLOBAL_FACTS","StablePrompt-PPO","A100","42.0","30.0","4.12","t6w3c4z1","GFB_QA","gemma-1.1-7b-it_TO_gemma-1.1-7b-it_s42_bs5_top5","StablePrompt-PPO(cs=0)","True"
"GLOBAL_FACTS","StablePrompt-PPO","A100","42.0","30.0","3.78","rk5chv5d","GFB_QA","gemma-1.1-7b-it_TO_gemma-1.1-7b-it_s42_bs4_top5","StablePrompt-PPO(cs=0.05)","True"
"GLOBAL_FACTS","StablePrompt-PPO","A100","42.0","30.0","4.08","x5fn1uxn","GFB_QA","gemma-1.1-7b-it_TO_gemma-1.1-7b-it_s42_bs5_top5","StablePrompt-PPO(cs=0.1)","True"
"HIGH_SCHOOL_BIOLOGY","StablePrompt-PPO","A100","3.0","30.0","5.78","l0j2lhko","GFB_QA","gemma-1.1-7b-it_TO_gemma-1.1-7b-it_s3_bs5_top5","StablePrompt-PPO(cs=0)","True"
"HIGH_SCHOOL_BIOLOGY","StablePrompt-PPO","A100","42.0","30.0","5.72","vsj1iphm","GFB_QA","gemma-1.1-7b-it_TO_gemma-1.1-7b-it_s42_bs5_top5","StablePrompt-PPO(cs=0.1)","True"
"HIGH_SCHOOL_BIOLOGY","StablePrompt-PPO","A100","42.0","30.0","5.7","2xh81lhy","GFB_QA","gemma-1.1-7b-it_TO_gemma-1.1-7b-it_s42_bs5_top5","StablePrompt-PPO(cs=0)","True"
"HIGH_SCHOOL_BIOLOGY","StablePrompt-PPO","A100","42.0","30.0","3.08","xu75aubo","GFB_QA","gemma-1.1-7b-it_TO_gemma-1.1-7b-it_s42_bs5_top5","StablePrompt-PPO(cs=0.05)","True"
"HIGH_SCHOOL_BIOLOGY","StablePrompt-PPO","A100","42.0","30.0","4.87","vqaaugu5","GFB_QA","gemma-1.1-7b-it_TO_gemma-1.1-7b-it_s42_bs4_top5","StablePrompt-PPO(cs=0.05)","True"
"HIGH_SCHOOL_CHEMISTRY","StablePrompt-PPO","A100","3.0","30.0","5.22","bopqjpvu","GFB_QA","gemma-1.1-7b-it_TO_gemma-1.1-7b-it_s3_bs5_top5","StablePrompt-PPO(cs=0)","True"
"HIGH_SCHOOL_CHEMISTRY","StablePrompt-PPO","A100","42.0","30.0","2.95","8osr4k3g","GFB_QA","gemma-1.1-7b-it_TO_gemma-1.1-7b-it_s42_bs5_top5","StablePrompt-PPO(cs=0.05)","True"
"HIGH_SCHOOL_CHEMISTRY","StablePrompt-PPO","A100","42.0","30.0","5.32","xwhcdwxi","GFB_QA","gemma-1.1-7b-it_TO_gemma-1.1-7b-it_s42_bs5_top5","StablePrompt-PPO(cs=0)","True"
"HIGH_SCHOOL_CHEMISTRY","StablePrompt-PPO","A100","42.0","30.0","4.75","6w1rrbw7","GFB_QA","gemma-1.1-7b-it_TO_gemma-1.1-7b-it_s42_bs4_top5","StablePrompt-PPO(cs=0.05)","True"
"HIGH_SCHOOL_CHEMISTRY","StablePrompt-PPO","A100","42.0","30.0","5.52","1nkwbmd9","GFB_QA","gemma-1.1-7b-it_TO_gemma-1.1-7b-it_s42_bs5_top5","StablePrompt-PPO(cs=0.1)","True"
"HIGH_SCHOOL_COMPUTER_SCIENCE","StablePrompt-PPO","A100","3.0","30.0","5.08","fqwzscpw","GFB_QA","gemma-1.1-7b-it_TO_gemma-1.1-7b-it_s3_bs5_top5","StablePrompt-PPO(cs=0)","True"
"HIGH_SCHOOL_COMPUTER_SCIENCE","StablePrompt-PPO","A100","42.0","30.0","2.82","yteqgrnm","GFB_QA","gemma-1.1-7b-it_TO_gemma-1.1-7b-it_s42_bs5_top5","StablePrompt-PPO(cs=0.05)","True"
"HIGH_SCHOOL_COMPUTER_SCIENCE","StablePrompt-PPO","A100","42.0","30.0","5.17","iq3mt02n","GFB_QA","gemma-1.1-7b-it_TO_gemma-1.1-7b-it_s42_bs5_top5","StablePrompt-PPO(cs=0.1)","True"
"HIGH_SCHOOL_COMPUTER_SCIENCE","StablePrompt-PPO","A100","42.0","30.0","5.22","m5rzpi29","GFB_QA","gemma-1.1-7b-it_TO_gemma-1.1-7b-it_s42_bs5_top5","StablePrompt-PPO(cs=0)","True"
"HIGH_SCHOOL_COMPUTER_SCIENCE","StablePrompt-PPO","A100","42.0","30.0","4.57","rs1qx9t5","GFB_QA","gemma-1.1-7b-it_TO_gemma-1.1-7b-it_s42_bs4_top5","StablePrompt-PPO(cs=0.05)","True"
"HIGH_SCHOOL_EUROPEAN_HISTORY","StablePrompt-PPO","A100","3.0","30.0","8.03","ly5lrrrj","GFB_QA","gemma-1.1-7b-it_TO_gemma-1.1-7b-it_s3_bs5_top5","StablePrompt-PPO(cs=0)","True"
"HIGH_SCHOOL_EUROPEAN_HISTORY","StablePrompt-PPO","A100","42.0","30.0","8.15","zflqsm62","GFB_QA","gemma-1.1-7b-it_TO_gemma-1.1-7b-it_s42_bs5_top5","StablePrompt-PPO(cs=0.1)","True"
"HIGH_SCHOOL_EUROPEAN_HISTORY","StablePrompt-PPO","A100","42.0","30.0","8.17","xcee3lp2","GFB_QA","gemma-1.1-7b-it_TO_gemma-1.1-7b-it_s42_bs5_top5","StablePrompt-PPO(cs=0)","True"
"HIGH_SCHOOL_EUROPEAN_HISTORY","StablePrompt-PPO","A100","42.0","30.0","6.18","pp436vyo","GFB_QA","gemma-1.1-7b-it_TO_gemma-1.1-7b-it_s42_bs4_top5","StablePrompt-PPO(cs=0.05)","True"
"HIGH_SCHOOL_EUROPEAN_HISTORY","StablePrompt-PPO","A100","42.0","30.0","4.03","l4x8a9ly","GFB_QA","gemma-1.1-7b-it_TO_gemma-1.1-7b-it_s42_bs5_top5","StablePrompt-PPO(cs=0.05)","True"
"HIGH_SCHOOL_GEOGRAPHY","StablePrompt-PPO","A100","3.0","30.0","4.78","obg10eqt","GFB_QA","gemma-1.1-7b-it_TO_gemma-1.1-7b-it_s3_bs5_top5","StablePrompt-PPO(cs=0)","True"
"HIGH_SCHOOL_GEOGRAPHY","StablePrompt-PPO","A100","42.0","30.0","4.72","fu8oopb0","GFB_QA","gemma-1.1-7b-it_TO_gemma-1.1-7b-it_s42_bs5_top5","StablePrompt-PPO(cs=0)","True"
"HIGH_SCHOOL_GEOGRAPHY","StablePrompt-PPO","A100","42.0","30.0","4.28","2xdmudfo","GFB_QA","gemma-1.1-7b-it_TO_gemma-1.1-7b-it_s42_bs4_top5","StablePrompt-PPO(cs=0.05)","True"
"HIGH_SCHOOL_GEOGRAPHY","StablePrompt-PPO","A100","42.0","30.0","4.68","hdplp1he","GFB_QA","gemma-1.1-7b-it_TO_gemma-1.1-7b-it_s42_bs5_top5","StablePrompt-PPO(cs=0.1)","True"
"HIGH_SCHOOL_GEOGRAPHY","StablePrompt-PPO","A100","42.0","30.0","2.87","9leqsd0o","GFB_QA","gemma-1.1-7b-it_TO_gemma-1.1-7b-it_s42_bs5_top5","StablePrompt-PPO(cs=0.05)","True"
"HIGH_SCHOOL_GOVERNMENT_AND_POLITICS","StablePrompt-PPO","A100","3.0","30.0","5.03","42xi41ci","GFB_QA","gemma-1.1-7b-it_TO_gemma-1.1-7b-it_s3_bs5_top5","StablePrompt-PPO(cs=0)","True"
"HIGH_SCHOOL_GOVERNMENT_AND_POLITICS","StablePrompt-PPO","A100","42.0","30.0","4.88","1t6govv9","GFB_QA","gemma-1.1-7b-it_TO_gemma-1.1-7b-it_s42_bs5_top5","StablePrompt-PPO(cs=0.1)","True"
"HIGH_SCHOOL_GOVERNMENT_AND_POLITICS","StablePrompt-PPO","A100","42.0","30.0","4.53","dbmawt30","GFB_QA","gemma-1.1-7b-it_TO_gemma-1.1-7b-it_s42_bs4_top5","StablePrompt-PPO(cs=0.05)","True"
"HIGH_SCHOOL_GOVERNMENT_AND_POLITICS","StablePrompt-PPO","A100","42.0","30.0","5.13","607pq84l","GFB_QA","gemma-1.1-7b-it_TO_gemma-1.1-7b-it_s42_bs5_top5","StablePrompt-PPO(cs=0)","True"
"HIGH_SCHOOL_GOVERNMENT_AND_POLITICS","StablePrompt-PPO","A100","42.0","30.0","2.78","4m8402pd","GFB_QA","gemma-1.1-7b-it_TO_gemma-1.1-7b-it_s42_bs5_top5","StablePrompt-PPO(cs=0.05)","True"
"HIGH_SCHOOL_MACROECONOMICS","StablePrompt-PPO","A100","3.0","30.0","6.03","9mnxy9vt","GFB_QA","gemma-1.1-7b-it_TO_gemma-1.1-7b-it_s3_bs5_top5","StablePrompt-PPO(cs=0)","True"
"HIGH_SCHOOL_MACROECONOMICS","StablePrompt-PPO","A100","42.0","30.0","6.03","gowj44hl","GFB_QA","gemma-1.1-7b-it_TO_gemma-1.1-7b-it_s42_bs5_top5","StablePrompt-PPO(cs=0)","True"
"HIGH_SCHOOL_MACROECONOMICS","StablePrompt-PPO","A100","42.0","30.0","3.3","jfk2bc95","GFB_QA","gemma-1.1-7b-it_TO_gemma-1.1-7b-it_s42_bs5_top5","StablePrompt-PPO(cs=0.05)","True"
"HIGH_SCHOOL_MACROECONOMICS","StablePrompt-PPO","A100","42.0","30.0","6.02","hzdoupof","GFB_QA","gemma-1.1-7b-it_TO_gemma-1.1-7b-it_s42_bs5_top5","StablePrompt-PPO(cs=0.1)","True"
"HIGH_SCHOOL_MACROECONOMICS","StablePrompt-PPO","A100","42.0","30.0","4.98","wzu2lfcf","GFB_QA","gemma-1.1-7b-it_TO_gemma-1.1-7b-it_s42_bs4_top5","StablePrompt-PPO(cs=0.05)","True"
"HIGH_SCHOOL_MATHEMATICS","StablePrompt-PPO","A100","3.0","30.0","5.23","pacia9fw","GFB_QA","gemma-1.1-7b-it_TO_gemma-1.1-7b-it_s3_bs5_top5","StablePrompt-PPO(cs=0)","True"
"HIGH_SCHOOL_MATHEMATICS","StablePrompt-PPO","A100","42.0","30.0","5.28","wd8b38q3","GFB_QA","gemma-1.1-7b-it_TO_gemma-1.1-7b-it_s42_bs5_top5","StablePrompt-PPO(cs=0.1)","True"
"HIGH_SCHOOL_MATHEMATICS","StablePrompt-PPO","A100","42.0","30.0","2.78","djvobl20","GFB_QA","gemma-1.1-7b-it_TO_gemma-1.1-7b-it_s42_bs5_top5","StablePrompt-PPO(cs=0.05)","True"
"HIGH_SCHOOL_MATHEMATICS","StablePrompt-PPO","A100","42.0","30.0","4.38","04m7hr6i","GFB_QA","gemma-1.1-7b-it_TO_gemma-1.1-7b-it_s42_bs4_top5","StablePrompt-PPO(cs=0.05)","True"
"HIGH_SCHOOL_MATHEMATICS","StablePrompt-PPO","A100","42.0","30.0","5.37","11ir8ywt","GFB_QA","gemma-1.1-7b-it_TO_gemma-1.1-7b-it_s42_bs5_top5","StablePrompt-PPO(cs=0)","True"
"HIGH_SCHOOL_MICROECONOMICS","StablePrompt-PPO","A100","3.0","30.0","5.32","2mir5t9s","GFB_QA","gemma-1.1-7b-it_TO_gemma-1.1-7b-it_s3_bs5_top5","StablePrompt-PPO(cs=0)","True"
"HIGH_SCHOOL_MICROECONOMICS","StablePrompt-PPO","A100","42.0","30.0","5.23","1i6r5zhw","GFB_QA","gemma-1.1-7b-it_TO_gemma-1.1-7b-it_s42_bs5_top5","StablePrompt-PPO(cs=0)","True"
"HIGH_SCHOOL_MICROECONOMICS","StablePrompt-PPO","A100","42.0","30.0","2.88","cm0o2dmo","GFB_QA","gemma-1.1-7b-it_TO_gemma-1.1-7b-it_s42_bs5_top5","StablePrompt-PPO(cs=0.05)","True"
"HIGH_SCHOOL_MICROECONOMICS","StablePrompt-PPO","A100","42.0","30.0","4.63","5ghndbna","GFB_QA","gemma-1.1-7b-it_TO_gemma-1.1-7b-it_s42_bs4_top5","StablePrompt-PPO(cs=0.05)","True"
"HIGH_SCHOOL_MICROECONOMICS","StablePrompt-PPO","A100","42.0","30.0","5.23","mwxe0xe9","GFB_QA","gemma-1.1-7b-it_TO_gemma-1.1-7b-it_s42_bs5_top5","StablePrompt-PPO(cs=0.1)","True"
"HIGH_SCHOOL_PHYSICS","StablePrompt-PPO","A100","3.0","30.0","5.08","oixu6l8n","GFB_QA","gemma-1.1-7b-it_TO_gemma-1.1-7b-it_s3_bs5_top5","StablePrompt-PPO(cs=0)","True"
"HIGH_SCHOOL_PHYSICS","StablePrompt-PPO","A100","42.0","30.0","5.08","qu9g23ok","GFB_QA","gemma-1.1-7b-it_TO_gemma-1.1-7b-it_s42_bs5_top5","StablePrompt-PPO(cs=0)","True"
"HIGH_SCHOOL_PHYSICS","StablePrompt-PPO","A100","42.0","30.0","4.57","jyb5otpz","GFB_QA","gemma-1.1-7b-it_TO_gemma-1.1-7b-it_s42_bs4_top5","StablePrompt-PPO(cs=0.05)","True"
"HIGH_SCHOOL_PHYSICS","StablePrompt-PPO","A100","42.0","30.0","2.67","hg1js7cx","GFB_QA","gemma-1.1-7b-it_TO_gemma-1.1-7b-it_s42_bs5_top5","StablePrompt-PPO(cs=0.05)","True"
"HIGH_SCHOOL_PHYSICS","StablePrompt-PPO","A100","42.0","30.0","5.02","plzryr1x","GFB_QA","gemma-1.1-7b-it_TO_gemma-1.1-7b-it_s42_bs5_top5","StablePrompt-PPO(cs=0.1)","True"
"HIGH_SCHOOL_PSYCHOLOGY","StablePrompt-PPO","A100","3.0","30.0","7.18","ugantwyc","GFB_QA","gemma-1.1-7b-it_TO_gemma-1.1-7b-it_s3_bs5_top5","StablePrompt-PPO(cs=0)","True"
"HIGH_SCHOOL_PSYCHOLOGY","StablePrompt-PPO","A100","42.0","30.0","7.12","k9ojo74h","GFB_QA","gemma-1.1-7b-it_TO_gemma-1.1-7b-it_s42_bs5_top5","StablePrompt-PPO(cs=0.1)","True"
"HIGH_SCHOOL_PSYCHOLOGY","StablePrompt-PPO","A100","42.0","30.0","3.77","kfyl3spu","GFB_QA","gemma-1.1-7b-it_TO_gemma-1.1-7b-it_s42_bs5_top5","StablePrompt-PPO(cs=0.05)","True"
"HIGH_SCHOOL_PSYCHOLOGY","StablePrompt-PPO","A100","42.0","30.0","7.15","6d3gtpx8","GFB_QA","gemma-1.1-7b-it_TO_gemma-1.1-7b-it_s42_bs5_top5","StablePrompt-PPO(cs=0)","True"
"HIGH_SCHOOL_PSYCHOLOGY","StablePrompt-PPO","A100","42.0","30.0","5.45","lk916cun","GFB_QA","gemma-1.1-7b-it_TO_gemma-1.1-7b-it_s42_bs4_top5","StablePrompt-PPO(cs=0.05)","True"
"HIGH_SCHOOL_STATISTICS","StablePrompt-PPO","A100","3.0","30.0","5.8","ls6ydzpu","GFB_QA","gemma-1.1-7b-it_TO_gemma-1.1-7b-it_s3_bs5_top5","StablePrompt-PPO(cs=0)","True"
"HIGH_SCHOOL_STATISTICS","StablePrompt-PPO","A100","42.0","30.0","3.2","my0xsjq4","GFB_QA","gemma-1.1-7b-it_TO_gemma-1.1-7b-it_s42_bs5_top5","StablePrompt-PPO(cs=0.05)","True"
"HIGH_SCHOOL_STATISTICS","StablePrompt-PPO","A100","42.0","30.0","4.98","avqb5808","GFB_QA","gemma-1.1-7b-it_TO_gemma-1.1-7b-it_s42_bs4_top5","StablePrompt-PPO(cs=0.05)","True"
"HIGH_SCHOOL_STATISTICS","StablePrompt-PPO","A100","42.0","30.0","5.83","xkrt1mo2","GFB_QA","gemma-1.1-7b-it_TO_gemma-1.1-7b-it_s42_bs5_top5","StablePrompt-PPO(cs=0)","True"
"HIGH_SCHOOL_STATISTICS","StablePrompt-PPO","A100","42.0","30.0","5.8","d6w770ck","GFB_QA","gemma-1.1-7b-it_TO_gemma-1.1-7b-it_s42_bs5_top5","StablePrompt-PPO(cs=0.1)","True"
"HIGH_SCHOOL_US_HISTORY","StablePrompt-PPO","A100","3.0","30.0","7.83","nshjh1em","GFB_QA","gemma-1.1-7b-it_TO_gemma-1.1-7b-it_s3_bs5_top5","StablePrompt-PPO(cs=0)","True"
"HIGH_SCHOOL_US_HISTORY","StablePrompt-PPO","A100","42.0","30.0","5.92","xs0s75n3","GFB_QA","gemma-1.1-7b-it_TO_gemma-1.1-7b-it_s42_bs4_top5","StablePrompt-PPO(cs=0.05)","True"
"HIGH_SCHOOL_US_HISTORY","StablePrompt-PPO","A100","42.0","30.0","7.92","29vowlro","GFB_QA","gemma-1.1-7b-it_TO_gemma-1.1-7b-it_s42_bs5_top5","StablePrompt-PPO(cs=0.1)","True"
"HIGH_SCHOOL_US_HISTORY","StablePrompt-PPO","A100","42.0","30.0","8","sj42dk75","GFB_QA","gemma-1.1-7b-it_TO_gemma-1.1-7b-it_s42_bs5_top5","StablePrompt-PPO(cs=0)","True"
"HIGH_SCHOOL_US_HISTORY","StablePrompt-PPO","A100","42.0","30.0","4.03","raclwvfl","GFB_QA","gemma-1.1-7b-it_TO_gemma-1.1-7b-it_s42_bs5_top5","StablePrompt-PPO(cs=0.05)","True"
"HIGH_SCHOOL_WORLD_HISTORY","StablePrompt-PPO","A100","3.0","30.0","8.5","tfal0gjv","GFB_QA","gemma-1.1-7b-it_TO_gemma-1.1-7b-it_s3_bs5_top5","StablePrompt-PPO(cs=0)","True"
"HIGH_SCHOOL_WORLD_HISTORY","StablePrompt-PPO","A100","42.0","30.0","6.53","si1vokbf","GFB_QA","gemma-1.1-7b-it_TO_gemma-1.1-7b-it_s42_bs4_top5","StablePrompt-PPO(cs=0.05)","True"
"HIGH_SCHOOL_WORLD_HISTORY","StablePrompt-PPO","A100","42.0","30.0","8.32","9y0ndn91","GFB_QA","gemma-1.1-7b-it_TO_gemma-1.1-7b-it_s42_bs5_top5","StablePrompt-PPO(cs=0)","True"
"HIGH_SCHOOL_WORLD_HISTORY","StablePrompt-PPO","A100","42.0","30.0","4.23","zhelgklr","GFB_QA","gemma-1.1-7b-it_TO_gemma-1.1-7b-it_s42_bs5_top5","StablePrompt-PPO(cs=0.05)","True"
"HIGH_SCHOOL_WORLD_HISTORY","StablePrompt-PPO","A100","42.0","30.0","8.33","6742xuov","GFB_QA","gemma-1.1-7b-it_TO_gemma-1.1-7b-it_s42_bs5_top5","StablePrompt-PPO(cs=0.1)","True"
"HUMAN_AGING","StablePrompt-PPO","A100","3.0","30.0","4.85","2t2nz97a","GFB_QA","gemma-1.1-7b-it_TO_gemma-1.1-7b-it_s3_bs5_top5","StablePrompt-PPO(cs=0)","True"
"HUMAN_AGING","StablePrompt-PPO","A100","42.0","30.0","4.83","5a1e8s3l","GFB_QA","gemma-1.1-7b-it_TO_gemma-1.1-7b-it_s42_bs5_top5","StablePrompt-PPO(cs=0.1)","True"
"HUMAN_AGING","StablePrompt-PPO","A100","42.0","30.0","4.52","xpei6wiy","GFB_QA","gemma-1.1-7b-it_TO_gemma-1.1-7b-it_s42_bs4_top5","StablePrompt-PPO(cs=0.05)","True"
"HUMAN_AGING","StablePrompt-PPO","A100","42.0","30.0","2.77","27m3q55m","GFB_QA","gemma-1.1-7b-it_TO_gemma-1.1-7b-it_s42_bs5_top5","StablePrompt-PPO(cs=0.05)","True"
"HUMAN_AGING","StablePrompt-PPO","A100","42.0","30.0","4.8","jl2kebfs","GFB_QA","gemma-1.1-7b-it_TO_gemma-1.1-7b-it_s42_bs5_top5","StablePrompt-PPO(cs=0)","True"
"HUMAN_SEXUALITY","StablePrompt-PPO","A100","3.0","30.0","4.47","3y4410q3","GFB_QA","gemma-1.1-7b-it_TO_gemma-1.1-7b-it_s3_bs5_top5","StablePrompt-PPO(cs=0)","True"
"HUMAN_SEXUALITY","StablePrompt-PPO","A100","42.0","30.0","4.48","shqyh44r","GFB_QA","gemma-1.1-7b-it_TO_gemma-1.1-7b-it_s42_bs5_top5","StablePrompt-PPO(cs=0.1)","True"
"HUMAN_SEXUALITY","StablePrompt-PPO","A100","42.0","30.0","4.32","5sxnhs63","GFB_QA","gemma-1.1-7b-it_TO_gemma-1.1-7b-it_s42_bs4_top5","StablePrompt-PPO(cs=0.05)","True"
"HUMAN_SEXUALITY","StablePrompt-PPO","A100","42.0","30.0","4.53","vllfhdax","GFB_QA","gemma-1.1-7b-it_TO_gemma-1.1-7b-it_s42_bs5_top5","StablePrompt-PPO(cs=0)","True"
"HUMAN_SEXUALITY","StablePrompt-PPO","A100","42.0","30.0","2.58","lifem683","GFB_QA","gemma-1.1-7b-it_TO_gemma-1.1-7b-it_s42_bs5_top5","StablePrompt-PPO(cs=0.05)","True"
"HYPERBATON","StablePrompt-PPO","A100","3.0","30.0","92.75","zhphljlw","GFB_BBH_TC","gemma-1.1-7b-it_TO_gemma-1.1-7b-it_top5_s3","Unknown","True"
"HYPERBATON","StablePrompt-PPO","A100","42.0","30.0","91.22","zyb9fw93","GFB_BBH_TC","gemma-1.1-7b-it_TO_gemma-1.1-7b-it_top5_s42","Unknown","True"
"HYPERBATON","StablePrompt-PPO","A100","6.0","30.0","180.35","14zg18u6","GFB_BBH_TC","gemma-1.1-7b-it_TO_gemma-1.1-7b-it_top5_s6","Unknown","True"
"IMPLICATURES","StablePrompt-PPO","A100","3.0","30.0","3.72","4fs0s8xt","GFB_BBH_TC","gemma-1.1-7b-it_TO_gemma-1.1-7b-it_top5_s3","Unknown","True"
"IMPLICATURES","StablePrompt-PPO","A100","42.0","30.0","3.63","6uvgjp5t","GFB_BBH_TC","gemma-1.1-7b-it_TO_gemma-1.1-7b-it_top5_s42","Unknown","True"
"IMPLICATURES","StablePrompt-PPO","A100","6.0","30.0","6.55","ksx8y9jy","GFB_BBH_TC","gemma-1.1-7b-it_TO_gemma-1.1-7b-it_top5_s6","Unknown","True"
"INFORMAL_TO_FORMAL","StablePrompt-PPO","A100","3.0","30.0","3.65","6ixdx991","GFB_II","gemma-1.1-7b-it_TO_gemma-1.1-7b-it_bs16_top5_s3","StablePrompt-PPO","True"
"INFORMAL_TO_FORMAL","StablePrompt-PPO","A100","3.0","30.0","3.55","jyv22mj7","GFB_II","gemma-1.1-7b-it_TO_gemma-1.1-7b-it_bs16_top5_s3_re","StablePrompt-PPO","True"
"INFORMAL_TO_FORMAL","StablePrompt-PPO","A100","42.0","30.0","3.55","mifp70tg","GFB_II","gemma-1.1-7b-it_TO_gemma-1.1-7b-it_bs16_top5_s42","StablePrompt-PPO","True"
"INFORMAL_TO_FORMAL","StablePrompt-PPO","A100","6.0","100.0","18.93","yx87svw0","GFB_II","gemma-1.1-7b-it_TO_gemma-1.1-7b-it_bs16_top5_s6","StablePrompt-PPO","True"
"INFORMAL_TO_FORMAL","StablePrompt-PPO","A100","6.0","200.0","37.87","2zbjozkz","GFB_II","gemma-1.1-7b-it_TO_gemma-1.1-7b-it_bs16_top5_s6","StablePrompt-PPO","True"
"INFORMAL_TO_FORMAL","StablePrompt-PPO","A100","6.0","30.0","3.6","6lwi3mq8","GFB_II","gemma-1.1-7b-it_TO_gemma-1.1-7b-it_bs16_top5_s6","StablePrompt-PPO","True"
"INTERNATIONAL_LAW","StablePrompt-PPO","A100","3.0","30.0","5.02","6awan0ev","GFB_QA","gemma-1.1-7b-it_TO_gemma-1.1-7b-it_s3_bs5_top5","StablePrompt-PPO(cs=0)","True"
"INTERNATIONAL_LAW","StablePrompt-PPO","A100","42.0","30.0","4.93","r9778081","GFB_QA","gemma-1.1-7b-it_TO_gemma-1.1-7b-it_s42_bs5_top5","StablePrompt-PPO(cs=0)","True"
"INTERNATIONAL_LAW","StablePrompt-PPO","A100","42.0","30.0","2.75","8wbroe8g","GFB_QA","gemma-1.1-7b-it_TO_gemma-1.1-7b-it_s42_bs5_top5","StablePrompt-PPO(cs=0.05)","True"
"INTERNATIONAL_LAW","StablePrompt-PPO","A100","42.0","30.0","4.65","1udx20nl","GFB_QA","gemma-1.1-7b-it_TO_gemma-1.1-7b-it_s42_bs4_top5","StablePrompt-PPO(cs=0.05)","True"
"INTERNATIONAL_LAW","StablePrompt-PPO","A100","42.0","30.0","4.87","32qtllxy","GFB_QA","gemma-1.1-7b-it_TO_gemma-1.1-7b-it_s42_bs5_top5","StablePrompt-PPO(cs=0.1)","True"
"JURISPRUDENCE","StablePrompt-PPO","A100","3.0","30.0","4.55","wdizskai","GFB_QA","gemma-1.1-7b-it_TO_gemma-1.1-7b-it_s3_bs5_top5","StablePrompt-PPO(cs=0)","True"
"JURISPRUDENCE","StablePrompt-PPO","A100","42.0","30.0","4.65","w21h4c3o","GFB_QA","gemma-1.1-7b-it_TO_gemma-1.1-7b-it_s42_bs5_top5","StablePrompt-PPO(cs=0.1)","True"
"JURISPRUDENCE","StablePrompt-PPO","A100","42.0","30.0","4.35","8fmndmr9","GFB_QA","gemma-1.1-7b-it_TO_gemma-1.1-7b-it_s42_bs4_top5","StablePrompt-PPO(cs=0.05)","True"
"JURISPRUDENCE","StablePrompt-PPO","A100","42.0","30.0","2.68","2w2g38ng","GFB_QA","gemma-1.1-7b-it_TO_gemma-1.1-7b-it_s42_bs5_top5","StablePrompt-PPO(cs=0.05)","True"
"JURISPRUDENCE","StablePrompt-PPO","A100","42.0","30.0","4.63","hpdb7ctj","GFB_QA","gemma-1.1-7b-it_TO_gemma-1.1-7b-it_s42_bs5_top5","StablePrompt-PPO(cs=0)","True"
"LARGER_ANIMAL","StablePrompt-PPO","A100","3.0","30.0","6.52","jsvot9w1","GFB_II","gemma-1.1-7b-it_TO_gemma-1.1-7b-it_bs16_top5_s3_re","StablePrompt-PPO","True"
"LARGER_ANIMAL","StablePrompt-PPO","A100","3.0","30.0","7.87","4lkdhyn7","GFB_II","gemma-1.1-7b-it_TO_gemma-1.1-7b-it_bs16_top5_s3","StablePrompt-PPO","True"
"LARGER_ANIMAL","StablePrompt-PPO","A100","42.0","30.0","6.72","zbi8uyn0","GFB_II","gemma-1.1-7b-it_TO_gemma-1.1-7b-it_bs16_top5_s42","StablePrompt-PPO","True"
"LARGER_ANIMAL","StablePrompt-PPO","A100","6.0","100.0","36.97","gr159iws","GFB_II","gemma-1.1-7b-it_TO_gemma-1.1-7b-it_bs16_top5_s6","StablePrompt-PPO","True"
"LARGER_ANIMAL","StablePrompt-PPO","A100","6.0","200.0","71.83","viyevmbv","GFB_II","gemma-1.1-7b-it_TO_gemma-1.1-7b-it_bs16_top5_s6","StablePrompt-PPO","True"
"LARGER_ANIMAL","StablePrompt-PPO","A100","6.0","30.0","7","x8twx5pr","GFB_II","gemma-1.1-7b-it_TO_gemma-1.1-7b-it_bs16_top5_s6","StablePrompt-PPO","True"
"LETTERS_LIST","StablePrompt-PPO","A100","3.0","30.0","6.57","khz29jhu","GFB_II","gemma-1.1-7b-it_TO_gemma-1.1-7b-it_bs16_top5_s3_re","StablePrompt-PPO","True"
"LETTERS_LIST","StablePrompt-PPO","A100","3.0","30.0","7.12","zfyzyskw","GFB_II","gemma-1.1-7b-it_TO_gemma-1.1-7b-it_bs16_top5_s3","StablePrompt-PPO","True"
"LETTERS_LIST","StablePrompt-PPO","A100","42.0","30.0","7.07","uisb947h","GFB_II","gemma-1.1-7b-it_TO_gemma-1.1-7b-it_bs16_top5_s42","StablePrompt-PPO","True"
"LETTERS_LIST","StablePrompt-PPO","A100","6.0","100.0","37.3","hxccbihu","GFB_II","gemma-1.1-7b-it_TO_gemma-1.1-7b-it_bs16_top5_s6","StablePrompt-PPO","True"
"LETTERS_LIST","StablePrompt-PPO","A100","6.0","200.0","73.13","ikf6t572","GFB_II","gemma-1.1-7b-it_TO_gemma-1.1-7b-it_bs16_top5_s6","StablePrompt-PPO","True"
"LETTERS_LIST","StablePrompt-PPO","A100","6.0","30.0","7.15","oxn8x551","GFB_II","gemma-1.1-7b-it_TO_gemma-1.1-7b-it_bs16_top5_s6","StablePrompt-PPO","True"
"LINGUISTICS_PUZZLES","StablePrompt-PPO","A100","3.0","30.0","49.62","1ixj66ej","GFB_BBH_TG","gemma-1.1-7b-it_TO_gemma-1.1-7b-it_bs16_top5_s3","StablePrompt-PPO","True"
"LINGUISTICS_PUZZLES","StablePrompt-PPO","A100","42.0","30.0","49.42","uyejcly5","GFB_BBH_TG","gemma-1.1-7b-it_TO_gemma-1.1-7b-it_bs16_top5_s42","StablePrompt-PPO","True"
"LINGUISTICS_PUZZLES","StablePrompt-PPO","A100","6.0","30.0","98.12","o6uxx5nt","GFB_BBH_TG","gemma-1.1-7b-it_TO_gemma-1.1-7b-it_bs16_top5_s6","StablePrompt-PPO","True"
"LOGICAL_FALLACIES","StablePrompt-PPO","A100","3.0","30.0","4.98","0nz326f3","GFB_QA","gemma-1.1-7b-it_TO_gemma-1.1-7b-it_s3_bs5_top5","StablePrompt-PPO(cs=0)","True"
"LOGICAL_FALLACIES","StablePrompt-PPO","A100","42.0","30.0","4.58","8apg1rni","GFB_QA","gemma-1.1-7b-it_TO_gemma-1.1-7b-it_s42_bs4_top5","StablePrompt-PPO(cs=0.05)","True"
"LOGICAL_FALLACIES","StablePrompt-PPO","A100","42.0","30.0","2.78","grmj7js5","GFB_QA","gemma-1.1-7b-it_TO_gemma-1.1-7b-it_s42_bs5_top5","StablePrompt-PPO(cs=0.05)","True"
"LOGICAL_FALLACIES","StablePrompt-PPO","A100","42.0","30.0","4.98","njl063l5","GFB_QA","gemma-1.1-7b-it_TO_gemma-1.1-7b-it_s42_bs5_top5","StablePrompt-PPO(cs=0.1)","True"
"LOGICAL_FALLACIES","StablePrompt-PPO","A100","42.0","30.0","4.98","k92q40m1","GFB_QA","gemma-1.1-7b-it_TO_gemma-1.1-7b-it_s42_bs5_top5","StablePrompt-PPO(cs=0)","True"
"LOGICAL_FALLACY_DETECTION","StablePrompt-PPO","A100","3.0","30.0","8.15","c8knpg4h","GFB_BBH_TC","gemma-1.1-7b-it_TO_gemma-1.1-7b-it_top5_s3","Unknown","True"
"LOGICAL_FALLACY_DETECTION","StablePrompt-PPO","A100","42.0","30.0","7.98","6abr4qgv","GFB_BBH_TC","gemma-1.1-7b-it_TO_gemma-1.1-7b-it_top5_s42","Unknown","True"
"LOGICAL_FALLACY_DETECTION","StablePrompt-PPO","A100","6.0","30.0","16.22","fvhnjwlj","GFB_BBH_TC","gemma-1.1-7b-it_TO_gemma-1.1-7b-it_top5_s6","Unknown","True"
"MACHINE_LEARNING","StablePrompt-PPO","A100","3.0","30.0","4.8","2axc9o32","GFB_QA","gemma-1.1-7b-it_TO_gemma-1.1-7b-it_s3_bs5_top5","StablePrompt-PPO(cs=0)","True"
"MACHINE_LEARNING","StablePrompt-PPO","A100","42.0","30.0","4.85","82mheb0z","GFB_QA","gemma-1.1-7b-it_TO_gemma-1.1-7b-it_s42_bs5_top5","StablePrompt-PPO(cs=0)","True"
"MACHINE_LEARNING","StablePrompt-PPO","A100","42.0","30.0","4.8","1kqdu0k5","GFB_QA","gemma-1.1-7b-it_TO_gemma-1.1-7b-it_s42_bs5_top5","StablePrompt-PPO(cs=0.1)","True"
"MACHINE_LEARNING","StablePrompt-PPO","A100","42.0","30.0","4.7","dwh50px2","GFB_QA","gemma-1.1-7b-it_TO_gemma-1.1-7b-it_s42_bs4_top5","StablePrompt-PPO(cs=0.05)","True"
"MACHINE_LEARNING","StablePrompt-PPO","A100","42.0","30.0","2.72","z1ire4ty","GFB_QA","gemma-1.1-7b-it_TO_gemma-1.1-7b-it_s42_bs5_top5","StablePrompt-PPO(cs=0.05)","True"
"MANAGEMENT","StablePrompt-PPO","A100","3.0","30.0","4.07","svbeitov","GFB_QA","gemma-1.1-7b-it_TO_gemma-1.1-7b-it_s3_bs5_top5","StablePrompt-PPO(cs=0)","True"
"MANAGEMENT","StablePrompt-PPO","A100","42.0","30.0","4.02","zwtskuw5","GFB_QA","gemma-1.1-7b-it_TO_gemma-1.1-7b-it_s42_bs4_top5","StablePrompt-PPO(cs=0.05)","True"
"MANAGEMENT","StablePrompt-PPO","A100","42.0","30.0","3.97","t9vsq3jl","GFB_QA","gemma-1.1-7b-it_TO_gemma-1.1-7b-it_s42_bs5_top5","StablePrompt-PPO(cs=0)","True"
"MANAGEMENT","StablePrompt-PPO","A100","42.0","30.0","2.4","ig31xi2o","GFB_QA","gemma-1.1-7b-it_TO_gemma-1.1-7b-it_s42_bs5_top5","StablePrompt-PPO(cs=0.05)","True"
"MANAGEMENT","StablePrompt-PPO","A100","42.0","30.0","4","ydw3i174","GFB_QA","gemma-1.1-7b-it_TO_gemma-1.1-7b-it_s42_bs5_top5","StablePrompt-PPO(cs=0.1)","True"
"MARKETING","StablePrompt-PPO","A100","3.0","30.0","5.1","lhw35t69","GFB_QA","gemma-1.1-7b-it_TO_gemma-1.1-7b-it_s3_bs5_top5","StablePrompt-PPO(cs=0)","True"
"MARKETING","StablePrompt-PPO","A100","42.0","30.0","4.47","lxbcv9cx","GFB_QA","gemma-1.1-7b-it_TO_gemma-1.1-7b-it_s42_bs4_top5","StablePrompt-PPO(cs=0.05)","True"
"MARKETING","StablePrompt-PPO","A100","42.0","30.0","2.78","fk0ep4ps","GFB_QA","gemma-1.1-7b-it_TO_gemma-1.1-7b-it_s42_bs5_top5","StablePrompt-PPO(cs=0.05)","True"
"MARKETING","StablePrompt-PPO","A100","42.0","30.0","4.98","p16qdbwm","GFB_QA","gemma-1.1-7b-it_TO_gemma-1.1-7b-it_s42_bs5_top5","StablePrompt-PPO(cs=0.1)","True"
"MARKETING","StablePrompt-PPO","A100","42.0","30.0","5.02","02bbvv6q","GFB_QA","gemma-1.1-7b-it_TO_gemma-1.1-7b-it_s42_bs5_top5","StablePrompt-PPO(cs=0)","True"
"MEDICAL_GENETICS","StablePrompt-PPO","A100","3.0","30.0","4.35","j8329onv","GFB_QA","gemma-1.1-7b-it_TO_gemma-1.1-7b-it_s3_bs5_top5","StablePrompt-PPO(cs=0)","True"
"MEDICAL_GENETICS","StablePrompt-PPO","A100","42.0","30.0","4.28","skpxcua3","GFB_QA","gemma-1.1-7b-it_TO_gemma-1.1-7b-it_s42_bs4_top5","StablePrompt-PPO(cs=0.05)","True"
"MEDICAL_GENETICS","StablePrompt-PPO","A100","42.0","30.0","2.55","ifbq8ipn","GFB_QA","gemma-1.1-7b-it_TO_gemma-1.1-7b-it_s42_bs5_top5","StablePrompt-PPO(cs=0.05)","True"
"MEDICAL_GENETICS","StablePrompt-PPO","A100","42.0","30.0","4.45","xfl9n69v","GFB_QA","gemma-1.1-7b-it_TO_gemma-1.1-7b-it_s42_bs5_top5","StablePrompt-PPO(cs=0.1)","True"
"MEDICAL_GENETICS","StablePrompt-PPO","A100","42.0","30.0","4.45","23l1ne7a","GFB_QA","gemma-1.1-7b-it_TO_gemma-1.1-7b-it_s42_bs5_top5","StablePrompt-PPO(cs=0)","True"
"MISCELLANEOUS","StablePrompt-PPO","A100","3.0","30.0","7.35","s0hj16kh","GFB_QA","gemma-1.1-7b-it_TO_gemma-1.1-7b-it_s3_bs5_top5","StablePrompt-PPO(cs=0)","True"
"MISCELLANEOUS","StablePrompt-PPO","A100","42.0","30.0","3.78","zqxg5r5b","GFB_QA","gemma-1.1-7b-it_TO_gemma-1.1-7b-it_s42_bs5_top5","StablePrompt-PPO(cs=0.05)","True"
"MISCELLANEOUS","StablePrompt-PPO","A100","42.0","30.0","7.97","7azbkre8","GFB_QA","gemma-1.1-7b-it_TO_gemma-1.1-7b-it_s42_bs5_top5","StablePrompt-PPO(cs=0)","True"
"MISCELLANEOUS","StablePrompt-PPO","A100","42.0","30.0","7.87","ku2gcbxq","GFB_QA","gemma-1.1-7b-it_TO_gemma-1.1-7b-it_s42_bs5_top5","StablePrompt-PPO(cs=0.1)","True"
"MISCELLANEOUS","StablePrompt-PPO","A100","42.0","30.0","5.43","b77v1trh","GFB_QA","gemma-1.1-7b-it_TO_gemma-1.1-7b-it_s42_bs4_top5","StablePrompt-PPO(cs=0.05)","True"
"MNLI","StablePrompt-PPO","A100","","100.0","51.95","3cdsli1h","algprompt_classification_mnli","classification_mnli_google/gemma-1.1-7b-it_google/gemma-1.1-7b-it","Unknown","True"
"MNLI","StablePrompt-PPO","A100","","100.0","76.57","ewu7nuhq","algprompt_classification_mnli","classification_mnli_google/gemma-1.1-7b-it_google/gemma-1.1-7b-it","Unknown","True"
"MNLI","StablePrompt-PPO","A100","3.0","100.0","46.72","gvkvzlr6","GFB_TC","gemma-1.1-7b-it_TO_gemma-1.1-7b-it_s3_cs0_bs16_top5","StablePrompt-PPO(cs=0)","True"
"MNLI","StablePrompt-PPO","A100","3.0","100.0","46.57","bs06xgun","GFB_TC","gemma-1.1-7b-it_TO_gemma-1.1-7b-it_s3_cs0.1_bs16_top5","StablePrompt-PPO(cs=0.1)","True"
"MNLI","StablePrompt-PPO","A100","3.0","100.0","91.73","pmniwyrq","GFB_TC","gemma-1.1-7b-it_TO_gemma-1.1-7b-it_bs16_top5_s3","StablePrompt-PPO(cs=0)","True"
"MNLI","StablePrompt-PPO","A100","42.0","100.0","95.07","3srihmlk","GFB_TC","gemma-1.1-7b-it_TO_gemma-1.1-7b-it_bs16_top5_s42","StablePrompt-PPO(cs=0.1)","True"
"MNLI","StablePrompt-PPO","A100","42.0","100.0","92.13","jsopwo9k","GFB_TC","gemma-1.1-7b-it_TO_gemma-1.1-7b-it_bs16_top5_s42","StablePrompt-PPO(cs=0)","True"
"MNLI","StablePrompt-PPO","A100","666.0","100.0","98.73","3hip65ye","GFB_TC","gemma-1.1-7b-it_TO_gemma-1.1-7b-it_s666_cs0.1_bs16_top5","StablePrompt-PPO(cs=0.1)","True"
"MNLI","StablePrompt-PPO","A100","666.0","100.0","98.93","o1f96h39","GFB_TC","gemma-1.1-7b-it_TO_gemma-1.1-7b-it_bs16_top5_s666","StablePrompt-PPO(cs=0)","True"
"MORAL_DISPUTES","StablePrompt-PPO","A100","3.0","30.0","5.92","grazfhwe","GFB_QA","gemma-1.1-7b-it_TO_gemma-1.1-7b-it_s3_bs5_top5","StablePrompt-PPO(cs=0)","True"
"MORAL_DISPUTES","StablePrompt-PPO","A100","42.0","30.0","6.07","zxuzgh7i","GFB_QA","gemma-1.1-7b-it_TO_gemma-1.1-7b-it_s42_bs5_top5","StablePrompt-PPO(cs=0)","True"
"MORAL_DISPUTES","StablePrompt-PPO","A100","42.0","30.0","3.2","4yngdo97","GFB_QA","gemma-1.1-7b-it_TO_gemma-1.1-7b-it_s42_bs5_top5","StablePrompt-PPO(cs=0.05)","True"
"MORAL_DISPUTES","StablePrompt-PPO","A100","42.0","30.0","6.18","e6jho9uh","GFB_QA","gemma-1.1-7b-it_TO_gemma-1.1-7b-it_s42_bs5_top5","StablePrompt-PPO(cs=0.1)","True"
"MORAL_DISPUTES","StablePrompt-PPO","A100","42.0","30.0","4.93","otmqvmjy","GFB_QA","gemma-1.1-7b-it_TO_gemma-1.1-7b-it_s42_bs4_top5","StablePrompt-PPO(cs=0.05)","True"
"MORAL_SCENARIOS","StablePrompt-PPO","A100","3.0","30.0","9.67","dm7wugct","GFB_QA","gemma-1.1-7b-it_TO_gemma-1.1-7b-it_s3_bs5_top5","StablePrompt-PPO(cs=0)","True"
"MORAL_SCENARIOS","StablePrompt-PPO","A100","42.0","30.0","9.87","66v4fzd3","GFB_QA","gemma-1.1-7b-it_TO_gemma-1.1-7b-it_s42_bs5_top5","StablePrompt-PPO(cs=0)","True"
"MORAL_SCENARIOS","StablePrompt-PPO","A100","42.0","30.0","9.8","fqd9t1o8","GFB_QA","gemma-1.1-7b-it_TO_gemma-1.1-7b-it_s42_bs5_top5","StablePrompt-PPO(cs=0.1)","True"
"MORAL_SCENARIOS","StablePrompt-PPO","A100","42.0","30.0","6.28","jx3fnfmt","GFB_QA","gemma-1.1-7b-it_TO_gemma-1.1-7b-it_s42_bs5_top5","StablePrompt-PPO(cs=0.05)","True"
"MORAL_SCENARIOS","StablePrompt-PPO","A100","42.0","30.0","6.47","q1iu7zyc","GFB_QA","gemma-1.1-7b-it_TO_gemma-1.1-7b-it_s42_bs4_top5","StablePrompt-PPO(cs=0.05)","True"
"MOVIE_RECOMMENDATION","StablePrompt-PPO","A100","3.0","30.0","3.87","gvjop9gd","GFB_BBH_TC","gemma-1.1-7b-it_TO_gemma-1.1-7b-it_top5_s3","Unknown","True"
"MOVIE_RECOMMENDATION","StablePrompt-PPO","A100","42.0","30.0","3.83","s5irekl3","GFB_BBH_TC","gemma-1.1-7b-it_TO_gemma-1.1-7b-it_top5_s42","Unknown","True"
"MOVIE_RECOMMENDATION","StablePrompt-PPO","A100","6.0","30.0","7.2","zimp4cmn","GFB_BBH_TC","gemma-1.1-7b-it_TO_gemma-1.1-7b-it_top5_s6","Unknown","True"
"MRPC","StablePrompt-PPO","A100","","100.0","19.78","ggfk8buo","algprompt_classification_mrpc","classification_mrpc_google/gemma-1.1-7b-it_google/gemma-1.1-7b-it","Unknown","True"
"MRPC","StablePrompt-PPO","A100","","100.0","37.47","ayrbxuao","algprompt_classification_mrpc","classification_mrpc_google/gemma-1.1-7b-it_google/gemma-1.1-7b-it","Unknown","True"
"MRPC","StablePrompt-PPO","A100","3.0","100.0","16.7","phr2rzfe","GFB_TC","gemma-1.1-7b-it_TO_gemma-1.1-7b-it_s3_cs0.1_bs16_top5","StablePrompt-PPO(cs=0.1)","True"
"MRPC","StablePrompt-PPO","A100","3.0","100.0","16.9","xm5i8qzk","GFB_TC","gemma-1.1-7b-it_TO_gemma-1.1-7b-it_s3_cs0_bs16_top5","StablePrompt-PPO(cs=0)","True"
"MRPC","StablePrompt-PPO","A100","3.0","100.0","31.03","0rp5kbqm","GFB_TC","gemma-1.1-7b-it_TO_gemma-1.1-7b-it_bs16_top5_s3","StablePrompt-PPO(cs=0)","True"
"MRPC","StablePrompt-PPO","A100","42.0","100.0","31.1","cu3s286o","GFB_TC","gemma-1.1-7b-it_TO_gemma-1.1-7b-it_bs16_top5_s42","StablePrompt-PPO(cs=0)","True"
"MRPC","StablePrompt-PPO","A100","42.0","100.0","31.5","giznmfah","GFB_TC","gemma-1.1-7b-it_TO_gemma-1.1-7b-it_bs16_top5_s42","StablePrompt-PPO(cs=0.1)","True"
"MRPC","StablePrompt-PPO","A100","666.0","100.0","31.35","5r8t3kpx","GFB_TC","gemma-1.1-7b-it_TO_gemma-1.1-7b-it_s666_cs0.1_bs16_top5","StablePrompt-PPO(cs=0.1)","True"
"MRPC","StablePrompt-PPO","A100","666.0","100.0","31.22","lu7cmpoj","GFB_TC","gemma-1.1-7b-it_TO_gemma-1.1-7b-it_bs16_top5_s666","StablePrompt-PPO(cs=0)","True"
"NAVIGATE","StablePrompt-PPO","A100","3.0","30.0","4.63","0z8eg3p4","GFB_BBH_TC","gemma-1.1-7b-it_TO_gemma-1.1-7b-it_top5_s3","Unknown","True"
"NAVIGATE","StablePrompt-PPO","A100","42.0","30.0","4.78","9aeq180t","GFB_BBH_TC","gemma-1.1-7b-it_TO_gemma-1.1-7b-it_top5_s42","Unknown","True"
"NAVIGATE","StablePrompt-PPO","A100","6.0","30.0","9.17","apdt56ms","GFB_BBH_TC","gemma-1.1-7b-it_TO_gemma-1.1-7b-it_top5_s6","Unknown","True"
"NEGATION","StablePrompt-PPO","A100","3.0","30.0","7.32","r0j4ovqn","GFB_II","gemma-1.1-7b-it_TO_gemma-1.1-7b-it_bs16_top5_s3","StablePrompt-PPO","True"
"NEGATION","StablePrompt-PPO","A100","3.0","30.0","6.72","u299b6hc","GFB_II","gemma-1.1-7b-it_TO_gemma-1.1-7b-it_bs16_top5_s3_re","StablePrompt-PPO","True"
"NEGATION","StablePrompt-PPO","A100","42.0","30.0","7.48","reiyf9mi","GFB_II","gemma-1.1-7b-it_TO_gemma-1.1-7b-it_bs16_top5_s42","StablePrompt-PPO","True"
"NEGATION","StablePrompt-PPO","A100","6.0","100.0","39.35","nebz7o1j","GFB_II","gemma-1.1-7b-it_TO_gemma-1.1-7b-it_bs16_top5_s6","StablePrompt-PPO","True"
"NEGATION","StablePrompt-PPO","A100","6.0","200.0","77.02","yr7zbwik","GFB_II","gemma-1.1-7b-it_TO_gemma-1.1-7b-it_bs16_top5_s6","StablePrompt-PPO","True"
"NEGATION","StablePrompt-PPO","A100","6.0","30.0","7.42","o4k7nzsl","GFB_II","gemma-1.1-7b-it_TO_gemma-1.1-7b-it_bs16_top5_s6","StablePrompt-PPO","True"
"NUM_TO_VERBAL","StablePrompt-PPO","A100","3.0","30.0","6.75","uy9vl7up","GFB_II","gemma-1.1-7b-it_TO_gemma-1.1-7b-it_bs16_top5_s3_re","StablePrompt-PPO","True"
"NUM_TO_VERBAL","StablePrompt-PPO","A100","3.0","30.0","7.05","nqa6dhgl","GFB_II","gemma-1.1-7b-it_TO_gemma-1.1-7b-it_bs16_top5_s3","StablePrompt-PPO","True"
"NUM_TO_VERBAL","StablePrompt-PPO","A100","42.0","30.0","6.97","xhapw4eo","GFB_II","gemma-1.1-7b-it_TO_gemma-1.1-7b-it_bs16_top5_s42","StablePrompt-PPO","True"
"NUM_TO_VERBAL","StablePrompt-PPO","A100","6.0","100.0","36.2","8njysxts","GFB_II","gemma-1.1-7b-it_TO_gemma-1.1-7b-it_bs16_top5_s6","StablePrompt-PPO","True"
"NUM_TO_VERBAL","StablePrompt-PPO","A100","6.0","200.0","70.65","adakczlb","GFB_II","gemma-1.1-7b-it_TO_gemma-1.1-7b-it_bs16_top5_s6","StablePrompt-PPO","True"
"NUM_TO_VERBAL","StablePrompt-PPO","A100","6.0","30.0","7.72","1v947onh","GFB_II","gemma-1.1-7b-it_TO_gemma-1.1-7b-it_bs16_top5_s6","StablePrompt-PPO","True"
"NUTRITION","StablePrompt-PPO","A100","3.0","30.0","5.77","xq1jij1l","GFB_QA","gemma-1.1-7b-it_TO_gemma-1.1-7b-it_s3_bs5_top5","StablePrompt-PPO(cs=0)","True"
"NUTRITION","StablePrompt-PPO","A100","42.0","30.0","5.77","y9m3yt46","GFB_QA","gemma-1.1-7b-it_TO_gemma-1.1-7b-it_s42_bs5_top5","StablePrompt-PPO(cs=0)","True"
"NUTRITION","StablePrompt-PPO","A100","42.0","30.0","5.68","rkuoe0t0","GFB_QA","gemma-1.1-7b-it_TO_gemma-1.1-7b-it_s42_bs5_top5","StablePrompt-PPO(cs=0.1)","True"
"NUTRITION","StablePrompt-PPO","A100","42.0","30.0","4.78","r6posx0g","GFB_QA","gemma-1.1-7b-it_TO_gemma-1.1-7b-it_s42_bs4_top5","StablePrompt-PPO(cs=0.05)","True"
"NUTRITION","StablePrompt-PPO","A100","42.0","30.0","3.37","uuas2h4z","GFB_QA","gemma-1.1-7b-it_TO_gemma-1.1-7b-it_s42_bs5_top5","StablePrompt-PPO(cs=0.05)","True"
"OBJECT_COUNTING","StablePrompt-PPO","A100","3.0","30.0","24.13","aaqnezo5","GFB_BBH_TG","gemma-1.1-7b-it_TO_gemma-1.1-7b-it_bs16_top5_s3","StablePrompt-PPO","True"
"OBJECT_COUNTING","StablePrompt-PPO","A100","42.0","30.0","22.3","9507jo8a","GFB_BBH_TG","gemma-1.1-7b-it_TO_gemma-1.1-7b-it_bs16_top5_s42","StablePrompt-PPO","True"
"OBJECT_COUNTING","StablePrompt-PPO","A100","6.0","30.0","43.85","6pwujuxz","GFB_BBH_TG","gemma-1.1-7b-it_TO_gemma-1.1-7b-it_bs16_top5_s6","StablePrompt-PPO","True"
"OPERATORS","StablePrompt-PPO","A100","3.0","30.0","14.88","ogf6bfgl","GFB_BBH_TG","gemma-1.1-7b-it_TO_gemma-1.1-7b-it_bs16_top5_s3","StablePrompt-PPO","True"
"OPERATORS","StablePrompt-PPO","A100","42.0","30.0","15.28","6q2vxts4","GFB_BBH_TG","gemma-1.1-7b-it_TO_gemma-1.1-7b-it_bs16_top5_s42","StablePrompt-PPO","True"
"OPERATORS","StablePrompt-PPO","A100","6.0","30.0","27.82","qbgo9hwi","GFB_BBH_TG","gemma-1.1-7b-it_TO_gemma-1.1-7b-it_bs16_top5_s6","StablePrompt-PPO","True"
"ORTHOGRAPHY_STARTS_WITH","StablePrompt-PPO","A100","3.0","30.0","6.97","3jcm00fe","GFB_II","gemma-1.1-7b-it_TO_gemma-1.1-7b-it_bs16_top5_s3_re","StablePrompt-PPO","True"
"ORTHOGRAPHY_STARTS_WITH","StablePrompt-PPO","A100","3.0","30.0","7.28","a15pypf7","GFB_II","gemma-1.1-7b-it_TO_gemma-1.1-7b-it_bs16_top5_s3","StablePrompt-PPO","True"
"ORTHOGRAPHY_STARTS_WITH","StablePrompt-PPO","A100","42.0","30.0","7.25","uknwr52m","GFB_II","gemma-1.1-7b-it_TO_gemma-1.1-7b-it_bs16_top5_s42","StablePrompt-PPO","True"
"ORTHOGRAPHY_STARTS_WITH","StablePrompt-PPO","A100","6.0","100.0","39.22","13yc9cmw","GFB_II","gemma-1.1-7b-it_TO_gemma-1.1-7b-it_bs16_top5_s6","StablePrompt-PPO","True"
"ORTHOGRAPHY_STARTS_WITH","StablePrompt-PPO","A100","6.0","200.0","77.7","wpnikx0u","GFB_II","gemma-1.1-7b-it_TO_gemma-1.1-7b-it_bs16_top5_s6","StablePrompt-PPO","True"
"ORTHOGRAPHY_STARTS_WITH","StablePrompt-PPO","A100","6.0","30.0","7.33","zxw36jg3","GFB_II","gemma-1.1-7b-it_TO_gemma-1.1-7b-it_bs16_top5_s6","StablePrompt-PPO","True"
"PHILOSOPHY","StablePrompt-PPO","A100","3.0","30.0","5.23","yvg9z6oy","GFB_QA","gemma-1.1-7b-it_TO_gemma-1.1-7b-it_s3_bs5_top5","StablePrompt-PPO(cs=0)","True"
"PHILOSOPHY","StablePrompt-PPO","A100","42.0","30.0","5.5","doe15pfm","GFB_QA","gemma-1.1-7b-it_TO_gemma-1.1-7b-it_s42_bs5_top5","StablePrompt-PPO(cs=0.1)","True"
"PHILOSOPHY","StablePrompt-PPO","A100","42.0","30.0","4.78","lwn4g2a4","GFB_QA","gemma-1.1-7b-it_TO_gemma-1.1-7b-it_s42_bs4_top5","StablePrompt-PPO(cs=0.05)","True"
"PHILOSOPHY","StablePrompt-PPO","A100","42.0","30.0","5.57","c3aav308","GFB_QA","gemma-1.1-7b-it_TO_gemma-1.1-7b-it_s42_bs5_top5","StablePrompt-PPO(cs=0)","True"
"PHILOSOPHY","StablePrompt-PPO","A100","42.0","30.0","2.9","70ldwvn4","GFB_QA","gemma-1.1-7b-it_TO_gemma-1.1-7b-it_s42_bs5_top5","StablePrompt-PPO(cs=0.05)","True"
"PREHISTORY","StablePrompt-PPO","A100","3.0","30.0","5.92","iqe8bpc6","GFB_QA","gemma-1.1-7b-it_TO_gemma-1.1-7b-it_s3_bs5_top5","StablePrompt-PPO(cs=0)","True"
"PREHISTORY","StablePrompt-PPO","A100","42.0","30.0","5.12","uovf4si3","GFB_QA","gemma-1.1-7b-it_TO_gemma-1.1-7b-it_s42_bs4_top5","StablePrompt-PPO(cs=0.05)","True"
"PREHISTORY","StablePrompt-PPO","A100","42.0","30.0","6.62","awb0ncsp","GFB_QA","gemma-1.1-7b-it_TO_gemma-1.1-7b-it_s42_bs5_top5","StablePrompt-PPO(cs=0.05)","True"
"PREHISTORY","StablePrompt-PPO","A100","42.0","30.0","5.87","4jurx8kz","GFB_QA","gemma-1.1-7b-it_TO_gemma-1.1-7b-it_s42_bs5_top5","StablePrompt-PPO(cs=0)","True"
"PREHISTORY","StablePrompt-PPO","A100","42.0","30.0","5.95","wfxt4htr","GFB_QA","gemma-1.1-7b-it_TO_gemma-1.1-7b-it_s42_bs5_top5","StablePrompt-PPO(cs=0.1)","True"
"PRESUPPOSITIONS_AS_NLI","StablePrompt-PPO","A100","3.0","30.0","4.82","ptil59mq","GFB_BBH_TC","gemma-1.1-7b-it_TO_gemma-1.1-7b-it_top5_s3","Unknown","True"
"PRESUPPOSITIONS_AS_NLI","StablePrompt-PPO","A100","42.0","30.0","4.92","f0n1l9sk","GFB_BBH_TC","gemma-1.1-7b-it_TO_gemma-1.1-7b-it_top5_s42","Unknown","True"
"PRESUPPOSITIONS_AS_NLI","StablePrompt-PPO","A100","6.0","30.0","9.68","i9szapae","GFB_BBH_TC","gemma-1.1-7b-it_TO_gemma-1.1-7b-it_top5_s6","Unknown","True"
"PROFESSIONAL_ACCOUNTING","StablePrompt-PPO","A100","3.0","30.0","6.07","m32qh35f","GFB_QA","gemma-1.1-7b-it_TO_gemma-1.1-7b-it_s3_bs5_top5","StablePrompt-PPO(cs=0)","True"
"PROFESSIONAL_ACCOUNTING","StablePrompt-PPO","A100","42.0","30.0","3.35","kyf7x3w1","GFB_QA","gemma-1.1-7b-it_TO_gemma-1.1-7b-it_s42_bs5_top5","StablePrompt-PPO(cs=0.05)","True"
"PROFESSIONAL_ACCOUNTING","StablePrompt-PPO","A100","42.0","30.0","6.07","n7cxokpv","GFB_QA","gemma-1.1-7b-it_TO_gemma-1.1-7b-it_s42_bs5_top5","StablePrompt-PPO(cs=0.1)","True"
"PROFESSIONAL_ACCOUNTING","StablePrompt-PPO","A100","42.0","30.0","6.07","bhs7fk4b","GFB_QA","gemma-1.1-7b-it_TO_gemma-1.1-7b-it_s42_bs5_top5","StablePrompt-PPO(cs=0)","True"
"PROFESSIONAL_ACCOUNTING","StablePrompt-PPO","A100","42.0","30.0","5.08","b6r5u812","GFB_QA","gemma-1.1-7b-it_TO_gemma-1.1-7b-it_s42_bs4_top5","StablePrompt-PPO(cs=0.05)","True"
"PROFESSIONAL_LAW","StablePrompt-PPO","A100","3.0","30.0","21.2","qy4c8yur","GFB_QA","gemma-1.1-7b-it_TO_gemma-1.1-7b-it_s3_bs5_top5","StablePrompt-PPO(cs=0)","True"
"PROFESSIONAL_LAW","StablePrompt-PPO","A100","42.0","30.0","12","5mlqjfeb","GFB_QA","gemma-1.1-7b-it_TO_gemma-1.1-7b-it_s42_bs4_top5","StablePrompt-PPO(cs=0.05)","True"
"PROFESSIONAL_LAW","StablePrompt-PPO","A100","42.0","30.0","10","z9p51fgg","GFB_QA","gemma-1.1-7b-it_TO_gemma-1.1-7b-it_s42_bs5_top5","StablePrompt-PPO(cs=0.05)","True"
"PROFESSIONAL_LAW","StablePrompt-PPO","A100","42.0","30.0","21.22","p8kw450l","GFB_QA","gemma-1.1-7b-it_TO_gemma-1.1-7b-it_s42_bs5_top5","StablePrompt-PPO(cs=0)","True"
"PROFESSIONAL_LAW","StablePrompt-PPO","A100","42.0","30.0","21.12","02be9idn","GFB_QA","gemma-1.1-7b-it_TO_gemma-1.1-7b-it_s42_bs5_top5","StablePrompt-PPO(cs=0.1)","True"
"PROFESSIONAL_MEDICINE","StablePrompt-PPO","A100","3.0","30.0","7.07","2my8raxg","GFB_QA","gemma-1.1-7b-it_TO_gemma-1.1-7b-it_s3_bs5_top5","StablePrompt-PPO(cs=0)","True"
"PROFESSIONAL_MEDICINE","StablePrompt-PPO","A100","42.0","30.0","7.15","4x8r6b9n","GFB_QA","gemma-1.1-7b-it_TO_gemma-1.1-7b-it_s42_bs5_top5","StablePrompt-PPO(cs=0)","True"
"PROFESSIONAL_MEDICINE","StablePrompt-PPO","A100","42.0","30.0","7.17","fvh5ydb0","GFB_QA","gemma-1.1-7b-it_TO_gemma-1.1-7b-it_s42_bs5_top5","StablePrompt-PPO(cs=0.1)","True"
"PROFESSIONAL_MEDICINE","StablePrompt-PPO","A100","42.0","30.0","3.6","2vg0uwv3","GFB_QA","gemma-1.1-7b-it_TO_gemma-1.1-7b-it_s42_bs5_top5","StablePrompt-PPO(cs=0.05)","True"
"PROFESSIONAL_MEDICINE","StablePrompt-PPO","A100","42.0","30.0","5.78","z0ulo9mz","GFB_QA","gemma-1.1-7b-it_TO_gemma-1.1-7b-it_s42_bs4_top5","StablePrompt-PPO(cs=0.05)","True"
"PROFESSIONAL_PSYCHOLOGY","StablePrompt-PPO","A100","3.0","30.0","8.07","qlszdzub","GFB_QA","gemma-1.1-7b-it_TO_gemma-1.1-7b-it_s3_bs5_top5","StablePrompt-PPO(cs=0)","True"
"PROFESSIONAL_PSYCHOLOGY","StablePrompt-PPO","A100","42.0","30.0","5.75","a046d94p","GFB_QA","gemma-1.1-7b-it_TO_gemma-1.1-7b-it_s42_bs4_top5","StablePrompt-PPO(cs=0.05)","True"
"PROFESSIONAL_PSYCHOLOGY","StablePrompt-PPO","A100","42.0","30.0","4.02","ntg66huc","GFB_QA","gemma-1.1-7b-it_TO_gemma-1.1-7b-it_s42_bs5_top5","StablePrompt-PPO(cs=0.05)","True"
"PROFESSIONAL_PSYCHOLOGY","StablePrompt-PPO","A100","42.0","30.0","7.87","zfnakjfp","GFB_QA","gemma-1.1-7b-it_TO_gemma-1.1-7b-it_s42_bs5_top5","StablePrompt-PPO(cs=0)","True"
"PROFESSIONAL_PSYCHOLOGY","StablePrompt-PPO","A100","42.0","30.0","7.85","2jwqsxb8","GFB_QA","gemma-1.1-7b-it_TO_gemma-1.1-7b-it_s42_bs5_top5","StablePrompt-PPO(cs=0.1)","True"
"PUBLIC_RELATIONS","StablePrompt-PPO","A100","3.0","30.0","4.7","wkw1sozi","GFB_QA","gemma-1.1-7b-it_TO_gemma-1.1-7b-it_s3_bs5_top5","StablePrompt-PPO(cs=0)","True"
"PUBLIC_RELATIONS","StablePrompt-PPO","A100","42.0","30.0","4.25","dyc8pjw5","GFB_QA","gemma-1.1-7b-it_TO_gemma-1.1-7b-it_s42_bs4_top5","StablePrompt-PPO(cs=0.05)","True"
"PUBLIC_RELATIONS","StablePrompt-PPO","A100","42.0","30.0","2.55","g9r9hl2l","GFB_QA","gemma-1.1-7b-it_TO_gemma-1.1-7b-it_s42_bs5_top5","StablePrompt-PPO(cs=0.05)","True"
"PUBLIC_RELATIONS","StablePrompt-PPO","A100","42.0","30.0","4.35","h5m0wflx","GFB_QA","gemma-1.1-7b-it_TO_gemma-1.1-7b-it_s42_bs5_top5","StablePrompt-PPO(cs=0.1)","True"
"PUBLIC_RELATIONS","StablePrompt-PPO","A100","42.0","30.0","4.4","o0tdk4uj","GFB_QA","gemma-1.1-7b-it_TO_gemma-1.1-7b-it_s42_bs5_top5","StablePrompt-PPO(cs=0)","True"
"QNLI","StablePrompt-PPO","A100","","100.0","29.4","z42fn4jy","algprompt_classification_qnli","classification_qnli_google/gemma-1.1-7b-it_google/gemma-1.1-7b-it","Unknown","True"
"QNLI","StablePrompt-PPO","A100","3.0","100.0","27.28","u35qx1lw","GFB_TC","gemma-1.1-7b-it_TO_gemma-1.1-7b-it_s3_cs0_bs16_top5","StablePrompt-PPO(cs=0)","True"
"QNLI","StablePrompt-PPO","A100","3.0","100.0","56.98","oo5rdcty","GFB_TC","gemma-1.1-7b-it_TO_gemma-1.1-7b-it_bs16_top5_s3","StablePrompt-PPO(cs=0)","True"
"QNLI","StablePrompt-PPO","A100","3.0","100.0","27.17","qyq4nfrs","GFB_TC","gemma-1.1-7b-it_TO_gemma-1.1-7b-it_s3_cs0.1_bs16_top5","StablePrompt-PPO(cs=0.1)","True"
"QNLI","StablePrompt-PPO","A100","42.0","100.0","51.8","n72iimyi","GFB_TC","gemma-1.1-7b-it_TO_gemma-1.1-7b-it_bs16_top5_s42","StablePrompt-PPO(cs=0)","True"
"QNLI","StablePrompt-PPO","A100","42.0","100.0","51.05","ow70ta82","GFB_TC","gemma-1.1-7b-it_TO_gemma-1.1-7b-it_bs16_top5_s42","StablePrompt-PPO(cs=0.1)","True"
"QNLI","StablePrompt-PPO","A100","666.0","100.0","54.78","6p2l2nxh","GFB_TC","gemma-1.1-7b-it_TO_gemma-1.1-7b-it_bs16_top5_s666","StablePrompt-PPO(cs=0)","True"
"QNLI","StablePrompt-PPO","A100","666.0","100.0","54.63","v6c2ly9b","GFB_TC","gemma-1.1-7b-it_TO_gemma-1.1-7b-it_s666_cs0.1_bs16_top5","StablePrompt-PPO(cs=0.1)","True"
"RHYMES","StablePrompt-PPO","A100","3.0","30.0","7.13","58sdhgo0","GFB_II","gemma-1.1-7b-it_TO_gemma-1.1-7b-it_bs16_top5_s3","StablePrompt-PPO","True"
"RHYMES","StablePrompt-PPO","A100","3.0","30.0","6.68","oarwpibw","GFB_II","gemma-1.1-7b-it_TO_gemma-1.1-7b-it_bs16_top5_s3_re","StablePrompt-PPO","True"
"RHYMES","StablePrompt-PPO","A100","42.0","30.0","7.2","nhjqiwmk","GFB_II","gemma-1.1-7b-it_TO_gemma-1.1-7b-it_bs16_top5_s42","StablePrompt-PPO","True"
"RHYMES","StablePrompt-PPO","A100","6.0","100.0","37.6","a2mignvr","GFB_II","gemma-1.1-7b-it_TO_gemma-1.1-7b-it_bs16_top5_s6","StablePrompt-PPO","True"
"RHYMES","StablePrompt-PPO","A100","6.0","200.0","73.6","0vfnr4tn","GFB_II","gemma-1.1-7b-it_TO_gemma-1.1-7b-it_bs16_top5_s6","StablePrompt-PPO","True"
"RHYMES","StablePrompt-PPO","A100","6.0","30.0","7.47","fykqraaf","GFB_II","gemma-1.1-7b-it_TO_gemma-1.1-7b-it_bs16_top5_s6","StablePrompt-PPO","True"
"RTE","StablePrompt-PPO","A100","","100.0","22.08","021bviiv","algprompt_classification_rte","classification_rte_google/gemma-1.1-7b-it_google/gemma-1.1-7b-it","Unknown","True"
"RTE","StablePrompt-PPO","A100","3.0","100.0","37.17","khg3bqk8","GFB_TC","gemma-1.1-7b-it_TO_gemma-1.1-7b-it_bs16_top5_s3","StablePrompt-PPO(cs=0)","True"
"RTE","StablePrompt-PPO","A100","3.0","100.0","19.68","vii6hjkr","GFB_TC","gemma-1.1-7b-it_TO_gemma-1.1-7b-it_s3_cs0.1_bs16_top5","StablePrompt-PPO(cs=0.1)","True"
"RTE","StablePrompt-PPO","A100","3.0","100.0","19.52","g5vrsu5y","GFB_TC","gemma-1.1-7b-it_TO_gemma-1.1-7b-it_s3_cs0_bs16_top5","StablePrompt-PPO(cs=0)","True"
"RTE","StablePrompt-PPO","A100","42.0","100.0","37.88","06jr9z5i","GFB_TC","gemma-1.1-7b-it_TO_gemma-1.1-7b-it_bs16_top5_s42","StablePrompt-PPO(cs=0)","True"
"RTE","StablePrompt-PPO","A100","42.0","100.0","38.28","q9bi1p48","GFB_TC","gemma-1.1-7b-it_TO_gemma-1.1-7b-it_bs16_top5_s42","StablePrompt-PPO(cs=0.1)","True"
"RTE","StablePrompt-PPO","A100","666.0","100.0","36.3","jl4j4rxk","GFB_TC","gemma-1.1-7b-it_TO_gemma-1.1-7b-it_bs16_top5_s666","StablePrompt-PPO(cs=0)","True"
"RTE","StablePrompt-PPO","A100","666.0","100.0","36.7","igkngxjy","GFB_TC","gemma-1.1-7b-it_TO_gemma-1.1-7b-it_s666_cs0.1_bs16_top5","StablePrompt-PPO(cs=0.1)","True"
"RUIN_NAMES","StablePrompt-PPO","A100","3.0","30.0","3.55","6qblsejd","GFB_BBH_TC","gemma-1.1-7b-it_TO_gemma-1.1-7b-it_top5_s3","Unknown","True"
"RUIN_NAMES","StablePrompt-PPO","A100","42.0","30.0","3.52","x3xhqchk","GFB_BBH_TC","gemma-1.1-7b-it_TO_gemma-1.1-7b-it_top5_s42","Unknown","True"
"RUIN_NAMES","StablePrompt-PPO","A100","6.0","30.0","6.38","3o59odpe","GFB_BBH_TC","gemma-1.1-7b-it_TO_gemma-1.1-7b-it_top5_s6","Unknown","True"
"SECOND_WORD_LETTER","StablePrompt-PPO","A100","3.0","30.0","6.55","8m2ad850","GFB_II","gemma-1.1-7b-it_TO_gemma-1.1-7b-it_bs16_top5_s3_re","StablePrompt-PPO","True"
"SECOND_WORD_LETTER","StablePrompt-PPO","A100","3.0","30.0","7.27","dtygrvur","GFB_II","gemma-1.1-7b-it_TO_gemma-1.1-7b-it_bs16_top5_s3","StablePrompt-PPO","True"
"SECOND_WORD_LETTER","StablePrompt-PPO","A100","42.0","30.0","7.2","hcisz5t7","GFB_II","gemma-1.1-7b-it_TO_gemma-1.1-7b-it_bs16_top5_s42","StablePrompt-PPO","True"
"SECOND_WORD_LETTER","StablePrompt-PPO","A100","6.0","100.0","37.23","8320cdfd","GFB_II","gemma-1.1-7b-it_TO_gemma-1.1-7b-it_bs16_top5_s6","StablePrompt-PPO","True"
"SECOND_WORD_LETTER","StablePrompt-PPO","A100","6.0","200.0","72.9","8p58c7ce","GFB_II","gemma-1.1-7b-it_TO_gemma-1.1-7b-it_bs16_top5_s6","StablePrompt-PPO","True"
"SECOND_WORD_LETTER","StablePrompt-PPO","A100","6.0","30.0","7.17","i0nrgxvf","GFB_II","gemma-1.1-7b-it_TO_gemma-1.1-7b-it_bs16_top5_s6","StablePrompt-PPO","True"
"SECURITY_STUDIES","StablePrompt-PPO","A100","3.0","30.0","6.67","3i01wx3q","GFB_QA","gemma-1.1-7b-it_TO_gemma-1.1-7b-it_s3_bs5_top5","StablePrompt-PPO(cs=0)","True"
"SECURITY_STUDIES","StablePrompt-PPO","A100","42.0","30.0","6.77","0k50hime","GFB_QA","gemma-1.1-7b-it_TO_gemma-1.1-7b-it_s42_bs5_top5","StablePrompt-PPO(cs=0.1)","True"
"SECURITY_STUDIES","StablePrompt-PPO","A100","42.0","30.0","3.42","06v0qgdz","GFB_QA","gemma-1.1-7b-it_TO_gemma-1.1-7b-it_s42_bs5_top5","StablePrompt-PPO(cs=0.05)","True"
"SECURITY_STUDIES","StablePrompt-PPO","A100","42.0","30.0","5.27","m0bihpcb","GFB_QA","gemma-1.1-7b-it_TO_gemma-1.1-7b-it_s42_bs4_top5","StablePrompt-PPO(cs=0.05)","True"
"SECURITY_STUDIES","StablePrompt-PPO","A100","42.0","30.0","6.78","0dj84mr7","GFB_QA","gemma-1.1-7b-it_TO_gemma-1.1-7b-it_s42_bs5_top5","StablePrompt-PPO(cs=0)","True"
"SENTENCE_SIMILARITY","StablePrompt-PPO","A100","3.0","30.0","7.18","xkxylho2","GFB_II","gemma-1.1-7b-it_TO_gemma-1.1-7b-it_bs16_top5_s3_re","StablePrompt-PPO","True"
"SENTENCE_SIMILARITY","StablePrompt-PPO","A100","3.0","30.0","7.55","ev1lk5wu","GFB_II","gemma-1.1-7b-it_TO_gemma-1.1-7b-it_bs16_top5_s3","StablePrompt-PPO","True"
"SENTENCE_SIMILARITY","StablePrompt-PPO","A100","42.0","30.0","7.57","s8sxnk2g","GFB_II","gemma-1.1-7b-it_TO_gemma-1.1-7b-it_bs16_top5_s42","StablePrompt-PPO","True"
"SENTENCE_SIMILARITY","StablePrompt-PPO","A100","6.0","100.0","40.45","fwzn1gjy","GFB_II","gemma-1.1-7b-it_TO_gemma-1.1-7b-it_bs16_top5_s6","StablePrompt-PPO","True"
"SENTENCE_SIMILARITY","StablePrompt-PPO","A100","6.0","200.0","79.62","u456fi0y","GFB_II","gemma-1.1-7b-it_TO_gemma-1.1-7b-it_bs16_top5_s6","StablePrompt-PPO","True"
"SENTENCE_SIMILARITY","StablePrompt-PPO","A100","6.0","30.0","7.38","ljo176e1","GFB_II","gemma-1.1-7b-it_TO_gemma-1.1-7b-it_bs16_top5_s6","StablePrompt-PPO","True"
"SENTIMENT","StablePrompt-PPO","A100","3.0","30.0","7.33","w34ayhza","GFB_II","gemma-1.1-7b-it_TO_gemma-1.1-7b-it_bs16_top5_s3","StablePrompt-PPO","True"
"SENTIMENT","StablePrompt-PPO","A100","3.0","30.0","6.72","h5osl9wl","GFB_II","gemma-1.1-7b-it_TO_gemma-1.1-7b-it_bs16_top5_s3_re","StablePrompt-PPO","True"
"SENTIMENT","StablePrompt-PPO","A100","42.0","30.0","7.33","r130swr5","GFB_II","gemma-1.1-7b-it_TO_gemma-1.1-7b-it_bs16_top5_s42","StablePrompt-PPO","True"
"SENTIMENT","StablePrompt-PPO","A100","6.0","100.0","38.93","abtx5xrq","GFB_II","gemma-1.1-7b-it_TO_gemma-1.1-7b-it_bs16_top5_s6","StablePrompt-PPO","True"
"SENTIMENT","StablePrompt-PPO","A100","6.0","200.0","77.02","4pe5m4de","GFB_II","gemma-1.1-7b-it_TO_gemma-1.1-7b-it_bs16_top5_s6","StablePrompt-PPO","True"
"SENTIMENT","StablePrompt-PPO","A100","6.0","30.0","7.58","7fvfzens","GFB_II","gemma-1.1-7b-it_TO_gemma-1.1-7b-it_bs16_top5_s6","StablePrompt-PPO","True"
"SINGULAR_TO_PLURAL","StablePrompt-PPO","A100","3.0","30.0","7.08","4v72cxj9","GFB_II","gemma-1.1-7b-it_TO_gemma-1.1-7b-it_bs16_top5_s3","StablePrompt-PPO","True"
"SINGULAR_TO_PLURAL","StablePrompt-PPO","A100","3.0","30.0","6.42","ixe0a886","GFB_II","gemma-1.1-7b-it_TO_gemma-1.1-7b-it_bs16_top5_s3_re","StablePrompt-PPO","True"
"SINGULAR_TO_PLURAL","StablePrompt-PPO","A100","42.0","30.0","7.07","wgegb00l","GFB_II","gemma-1.1-7b-it_TO_gemma-1.1-7b-it_bs16_top5_s42","StablePrompt-PPO","True"
"SINGULAR_TO_PLURAL","StablePrompt-PPO","A100","6.0","100.0","36.77","pwpoa9kg","GFB_II","gemma-1.1-7b-it_TO_gemma-1.1-7b-it_bs16_top5_s6","StablePrompt-PPO","True"
"SINGULAR_TO_PLURAL","StablePrompt-PPO","A100","6.0","200.0","71.9","8r2z8ben","GFB_II","gemma-1.1-7b-it_TO_gemma-1.1-7b-it_bs16_top5_s6","StablePrompt-PPO","True"
"SINGULAR_TO_PLURAL","StablePrompt-PPO","A100","6.0","30.0","6.88","4g1zp7gx","GFB_II","gemma-1.1-7b-it_TO_gemma-1.1-7b-it_bs16_top5_s6","StablePrompt-PPO","True"
"SNARKS","StablePrompt-PPO","A100","3.0","30.0","3.28","gc0vzwfw","GFB_BBH_TC","gemma-1.1-7b-it_TO_gemma-1.1-7b-it_top5_s3","Unknown","True"
"SNARKS","StablePrompt-PPO","A100","42.0","30.0","3.27","wiu5oqv2","GFB_BBH_TC","gemma-1.1-7b-it_TO_gemma-1.1-7b-it_top5_s42","Unknown","True"
"SNARKS","StablePrompt-PPO","A100","6.0","30.0","5.87","faszx9c1","GFB_BBH_TC","gemma-1.1-7b-it_TO_gemma-1.1-7b-it_top5_s6","Unknown","True"
"SNLI","StablePrompt-PPO","A100","","100.0","49.3","5q6bv3gp","algprompt_classification_snli","classification_snli_google/gemma-1.1-7b-it_google/gemma-1.1-7b-it","Unknown","True"
"SNLI","StablePrompt-PPO","A100","","100.0","73.53","bc6prqrz","algprompt_classification_snli","classification_snli_google/gemma-1.1-7b-it_google/gemma-1.1-7b-it","Unknown","True"
"SNLI","StablePrompt-PPO","A100","3.0","100.0","91.62","uwujmxiz","GFB_TC","gemma-1.1-7b-it_TO_gemma-1.1-7b-it_bs16_top5_s3","StablePrompt-PPO(cs=0)","True"
"SNLI","StablePrompt-PPO","A100","3.0","100.0","44.3","urvwfep8","GFB_TC","gemma-1.1-7b-it_TO_gemma-1.1-7b-it_s3_cs0.1_bs16_top5","StablePrompt-PPO(cs=0.1)","True"
"SNLI","StablePrompt-PPO","A100","3.0","100.0","44.5","vwn055o6","GFB_TC","gemma-1.1-7b-it_TO_gemma-1.1-7b-it_s3_cs0_bs16_top5","StablePrompt-PPO(cs=0)","True"
"SNLI","StablePrompt-PPO","A100","42.0","100.0","85.93","wjq0ywiq","GFB_TC","gemma-1.1-7b-it_TO_gemma-1.1-7b-it_bs16_top5_s42","StablePrompt-PPO(cs=0)","True"
"SNLI","StablePrompt-PPO","A100","42.0","100.0","89.38","0ed07hsf","GFB_TC","gemma-1.1-7b-it_TO_gemma-1.1-7b-it_bs16_top5_s42","StablePrompt-PPO(cs=0.1)","True"
"SNLI","StablePrompt-PPO","A100","666.0","100.0","93","6nhg85b5","GFB_TC","gemma-1.1-7b-it_TO_gemma-1.1-7b-it_s666_cs0.1_bs16_top5","StablePrompt-PPO(cs=0.1)","True"
"SNLI","StablePrompt-PPO","A100","666.0","100.0","93.32","xy9dlzm1","GFB_TC","gemma-1.1-7b-it_TO_gemma-1.1-7b-it_bs16_top5_s666","StablePrompt-PPO(cs=0)","True"
"SOCIOLOGY","StablePrompt-PPO","A100","3.0","30.0","5.22","r9bb3dyg","GFB_QA","gemma-1.1-7b-it_TO_gemma-1.1-7b-it_s3_bs5_top5","StablePrompt-PPO(cs=0)","True"
"SOCIOLOGY","StablePrompt-PPO","A100","42.0","30.0","4.62","msgdq13r","GFB_QA","gemma-1.1-7b-it_TO_gemma-1.1-7b-it_s42_bs4_top5","StablePrompt-PPO(cs=0.05)","True"
"SOCIOLOGY","StablePrompt-PPO","A100","42.0","30.0","5.08","4yrl485w","GFB_QA","gemma-1.1-7b-it_TO_gemma-1.1-7b-it_s42_bs5_top5","StablePrompt-PPO(cs=0)","True"
"SOCIOLOGY","StablePrompt-PPO","A100","42.0","30.0","5.1","yqoya5eb","GFB_QA","gemma-1.1-7b-it_TO_gemma-1.1-7b-it_s42_bs5_top5","StablePrompt-PPO(cs=0.1)","True"
"SOCIOLOGY","StablePrompt-PPO","A100","42.0","30.0","2.82","x8vog3vl","GFB_QA","gemma-1.1-7b-it_TO_gemma-1.1-7b-it_s42_bs5_top5","StablePrompt-PPO(cs=0.05)","True"
"SPORTS_UNDERSTANDING","StablePrompt-PPO","A100","3.0","30.0","4.83","muk2ydk0","GFB_BBH_TC","gemma-1.1-7b-it_TO_gemma-1.1-7b-it_top5_s3","Unknown","True"
"SPORTS_UNDERSTANDING","StablePrompt-PPO","A100","42.0","30.0","4.67","kf18pw1k","GFB_BBH_TC","gemma-1.1-7b-it_TO_gemma-1.1-7b-it_top5_s42","Unknown","True"
"SPORTS_UNDERSTANDING","StablePrompt-PPO","A100","6.0","30.0","8.75","cx0pa5la","GFB_BBH_TC","gemma-1.1-7b-it_TO_gemma-1.1-7b-it_top5_s6","Unknown","True"
"SST2","StablePrompt-PPO","A100","","100.0","37.22","hxxqjxon","algprompt_classification_sst2","classification_sst2_google/gemma-1.1-7b-it_google/gemma-1.1-7b-it","Unknown","True"
"SST2","StablePrompt-PPO","A100","","100.0","20.98","gr6jxsk8","algprompt_classification_sst2","classification_sst2_google/gemma-1.1-7b-it_google/gemma-1.1-7b-it","Unknown","True"
"SST2","StablePrompt-PPO","A100","3.0","100.0","18.18","x8vi5opn","GFB_TC","gemma-1.1-7b-it_TO_gemma-1.1-7b-it_s3_cs0_bs16_top5","StablePrompt-PPO(cs=0)","True"
"SST2","StablePrompt-PPO","A100","3.0","100.0","31.9","92emydsq","GFB_TC","gemma-1.1-7b-it_TO_gemma-1.1-7b-it_bs16_top5_s3","StablePrompt-PPO(cs=0)","True"
"SST2","StablePrompt-PPO","A100","3.0","100.0","18.83","8a1j1qz9","GFB_TC","gemma-1.1-7b-it_TO_gemma-1.1-7b-it_s3_cs0.1_bs16_top5","StablePrompt-PPO(cs=0.1)","True"
"SST2","StablePrompt-PPO","A100","42.0","100.0","32.72","r6d8qcje","GFB_TC","gemma-1.1-7b-it_TO_gemma-1.1-7b-it_bs16_top5_s42","StablePrompt-PPO(cs=0.1)","True"
"SST2","StablePrompt-PPO","A100","42.0","100.0","32.2","jbugnzc8","GFB_TC","gemma-1.1-7b-it_TO_gemma-1.1-7b-it_bs16_top5_s42","StablePrompt-PPO(cs=0.1)","True"
"SST2","StablePrompt-PPO","A100","42.0","100.0","31.75","yfxn6rcx","GFB_TC","gemma-1.1-7b-it_TO_gemma-1.1-7b-it_bs16_top5_s42","StablePrompt-PPO(cs=0)","True"
"SST2","StablePrompt-PPO","A100","42.0","100.0","31.83","8cp0i36r","GFB_TC","gemma-1.1-7b-it_TO_gemma-1.1-7b-it_bs16_top5_s42","StablePrompt-PPO(cs=0)","True"
"SST2","StablePrompt-PPO","A100","666.0","100.0","30.58","gb5a03z7","GFB_TC","gemma-1.1-7b-it_TO_gemma-1.1-7b-it_bs16_top5_s666","StablePrompt-PPO(cs=0)","True"
"SST2","StablePrompt-PPO","A100","666.0","100.0","31.03","ik1s0zys","GFB_TC","gemma-1.1-7b-it_TO_gemma-1.1-7b-it_s666_cs0.1_bs16_top5","StablePrompt-PPO(cs=0.1)","True"
"SUM","StablePrompt-PPO","A100","3.0","30.0","6.53","asqz76id","GFB_II","gemma-1.1-7b-it_TO_gemma-1.1-7b-it_bs16_top5_s3_re","StablePrompt-PPO","True"
"SUM","StablePrompt-PPO","A100","3.0","30.0","7.1","trp1goyb","GFB_II","gemma-1.1-7b-it_TO_gemma-1.1-7b-it_bs16_top5_s3","StablePrompt-PPO","True"
"SUM","StablePrompt-PPO","A100","42.0","30.0","7.17","qzfcwrai","GFB_II","gemma-1.1-7b-it_TO_gemma-1.1-7b-it_bs16_top5_s42","StablePrompt-PPO","True"
"SUM","StablePrompt-PPO","A100","6.0","100.0","37.57","fj8di6v2","GFB_II","gemma-1.1-7b-it_TO_gemma-1.1-7b-it_bs16_top5_s6","StablePrompt-PPO","True"
"SUM","StablePrompt-PPO","A100","6.0","200.0","74.02","vlxloxje","GFB_II","gemma-1.1-7b-it_TO_gemma-1.1-7b-it_bs16_top5_s6","StablePrompt-PPO","True"
"SUM","StablePrompt-PPO","A100","6.0","30.0","7.08","kv6niv96","GFB_II","gemma-1.1-7b-it_TO_gemma-1.1-7b-it_bs16_top5_s6","StablePrompt-PPO","True"
"SYNONYMS","StablePrompt-PPO","A100","3.0","30.0","6.58","fepne7t8","GFB_II","gemma-1.1-7b-it_TO_gemma-1.1-7b-it_bs16_top5_s3_re","StablePrompt-PPO","True"
"SYNONYMS","StablePrompt-PPO","A100","3.0","30.0","7.27","e5atjxvy","GFB_II","gemma-1.1-7b-it_TO_gemma-1.1-7b-it_bs16_top5_s3","StablePrompt-PPO","True"
"SYNONYMS","StablePrompt-PPO","A100","42.0","30.0","7.18","y2iff2ze","GFB_II","gemma-1.1-7b-it_TO_gemma-1.1-7b-it_bs16_top5_s42","StablePrompt-PPO","True"
"SYNONYMS","StablePrompt-PPO","A100","6.0","100.0","37.92","dwpv12iw","GFB_II","gemma-1.1-7b-it_TO_gemma-1.1-7b-it_bs16_top5_s6","StablePrompt-PPO","True"
"SYNONYMS","StablePrompt-PPO","A100","6.0","200.0","74.57","s7q3zil0","GFB_II","gemma-1.1-7b-it_TO_gemma-1.1-7b-it_bs16_top5_s6","StablePrompt-PPO","True"
"SYNONYMS","StablePrompt-PPO","A100","6.0","30.0","8.52","wo56tdgm","GFB_II","gemma-1.1-7b-it_TO_gemma-1.1-7b-it_bs16_top5_s6","StablePrompt-PPO","True"
"TAXONOMY_ANIMAL","StablePrompt-PPO","A100","3.0","30.0","6.72","x5ltxxkj","GFB_II","gemma-1.1-7b-it_TO_gemma-1.1-7b-it_bs16_top5_s3_re","StablePrompt-PPO","True"
"TAXONOMY_ANIMAL","StablePrompt-PPO","A100","3.0","30.0","7.18","etzwt1qh","GFB_II","gemma-1.1-7b-it_TO_gemma-1.1-7b-it_bs16_top5_s3","StablePrompt-PPO","True"
"TAXONOMY_ANIMAL","StablePrompt-PPO","A100","42.0","30.0","7.12","58xxm6ju","GFB_II","gemma-1.1-7b-it_TO_gemma-1.1-7b-it_bs16_top5_s42","StablePrompt-PPO","True"
"TAXONOMY_ANIMAL","StablePrompt-PPO","A100","6.0","100.0","38.57","hbyqjltd","GFB_II","gemma-1.1-7b-it_TO_gemma-1.1-7b-it_bs16_top5_s6","StablePrompt-PPO","True"
"TAXONOMY_ANIMAL","StablePrompt-PPO","A100","6.0","200.0","75.52","7xjf8nxq","GFB_II","gemma-1.1-7b-it_TO_gemma-1.1-7b-it_bs16_top5_s6","StablePrompt-PPO","True"
"TAXONOMY_ANIMAL","StablePrompt-PPO","A100","6.0","30.0","7.35","4tn3ldme","GFB_II","gemma-1.1-7b-it_TO_gemma-1.1-7b-it_bs16_top5_s6","StablePrompt-PPO","True"
"TENSE","StablePrompt-PPO","A100","3.0","30.0","15.43","dutllpid","GFB_BBH_TG","gemma-1.1-7b-it_TO_gemma-1.1-7b-it_bs16_top5_s3","StablePrompt-PPO","True"
"TENSE","StablePrompt-PPO","A100","42.0","30.0","15.62","cna5wybg","GFB_BBH_TG","gemma-1.1-7b-it_TO_gemma-1.1-7b-it_bs16_top5_s42","StablePrompt-PPO","True"
"TENSE","StablePrompt-PPO","A100","6.0","30.0","27.57","r7ip6xtm","GFB_BBH_TG","gemma-1.1-7b-it_TO_gemma-1.1-7b-it_bs16_top5_s6","StablePrompt-PPO","True"
"TRANSLATION_EN-DE","StablePrompt-PPO","A100","3.0","30.0","6.32","b8n9xp82","GFB_II","gemma-1.1-7b-it_TO_gemma-1.1-7b-it_bs16_top5_s3_re","StablePrompt-PPO","True"
"TRANSLATION_EN-DE","StablePrompt-PPO","A100","3.0","30.0","7.02","791xou4c","GFB_II","gemma-1.1-7b-it_TO_gemma-1.1-7b-it_bs16_top5_s3","StablePrompt-PPO","True"
"TRANSLATION_EN-DE","StablePrompt-PPO","A100","42.0","30.0","6.9","ce6ci83c","GFB_II","gemma-1.1-7b-it_TO_gemma-1.1-7b-it_bs16_top5_s42","StablePrompt-PPO","True"
"TRANSLATION_EN-DE","StablePrompt-PPO","A100","6.0","100.0","36.25","uzya0ah3","GFB_II","gemma-1.1-7b-it_TO_gemma-1.1-7b-it_bs16_top5_s6","StablePrompt-PPO","True"
"TRANSLATION_EN-DE","StablePrompt-PPO","A100","6.0","200.0","70.93","py7xe8cw","GFB_II","gemma-1.1-7b-it_TO_gemma-1.1-7b-it_bs16_top5_s6","StablePrompt-PPO","True"
"TRANSLATION_EN-DE","StablePrompt-PPO","A100","6.0","30.0","6.98","fkjd03ik","GFB_II","gemma-1.1-7b-it_TO_gemma-1.1-7b-it_bs16_top5_s6","StablePrompt-PPO","True"
"TRANSLATION_EN-ES","StablePrompt-PPO","A100","3.0","30.0","6.17","ovg0a6id","GFB_II","gemma-1.1-7b-it_TO_gemma-1.1-7b-it_bs16_top5_s3_re","StablePrompt-PPO","True"
"TRANSLATION_EN-ES","StablePrompt-PPO","A100","3.0","30.0","7","5nzmf901","GFB_II","gemma-1.1-7b-it_TO_gemma-1.1-7b-it_bs16_top5_s3","StablePrompt-PPO","True"
"TRANSLATION_EN-ES","StablePrompt-PPO","A100","42.0","30.0","6.85","8j6q5bag","GFB_II","gemma-1.1-7b-it_TO_gemma-1.1-7b-it_bs16_top5_s42","StablePrompt-PPO","True"
"TRANSLATION_EN-ES","StablePrompt-PPO","A100","6.0","100.0","35.07","ksbaavzu","GFB_II","gemma-1.1-7b-it_TO_gemma-1.1-7b-it_bs16_top5_s6","StablePrompt-PPO","True"
"TRANSLATION_EN-ES","StablePrompt-PPO","A100","6.0","200.0","68.97","k63x8lus","GFB_II","gemma-1.1-7b-it_TO_gemma-1.1-7b-it_bs16_top5_s6","StablePrompt-PPO","True"
"TRANSLATION_EN-ES","StablePrompt-PPO","A100","6.0","30.0","6.87","p634eblj","GFB_II","gemma-1.1-7b-it_TO_gemma-1.1-7b-it_bs16_top5_s6","StablePrompt-PPO","True"
"TRANSLATION_EN-FR","StablePrompt-PPO","A100","3.0","30.0","6.12","y7gpc91k","GFB_II","gemma-1.1-7b-it_TO_gemma-1.1-7b-it_bs16_top5_s3_re","StablePrompt-PPO","True"
"TRANSLATION_EN-FR","StablePrompt-PPO","A100","3.0","30.0","6.97","npajnuwq","GFB_II","gemma-1.1-7b-it_TO_gemma-1.1-7b-it_bs16_top5_s3","StablePrompt-PPO","True"
"TRANSLATION_EN-FR","StablePrompt-PPO","A100","42.0","30.0","6.72","knv128de","GFB_II","gemma-1.1-7b-it_TO_gemma-1.1-7b-it_bs16_top5_s42","StablePrompt-PPO","True"
"TRANSLATION_EN-FR","StablePrompt-PPO","A100","6.0","100.0","35.63","ad3ds1dx","GFB_II","gemma-1.1-7b-it_TO_gemma-1.1-7b-it_bs16_top5_s6","StablePrompt-PPO","True"
"TRANSLATION_EN-FR","StablePrompt-PPO","A100","6.0","200.0","69.62","tbs7rnrs","GFB_II","gemma-1.1-7b-it_TO_gemma-1.1-7b-it_bs16_top5_s6","StablePrompt-PPO","True"
"TRANSLATION_EN-FR","StablePrompt-PPO","A100","6.0","30.0","6.82","0zjbfjbk","GFB_II","gemma-1.1-7b-it_TO_gemma-1.1-7b-it_bs16_top5_s6","StablePrompt-PPO","True"
"US_FOREIGN_POLICY","StablePrompt-PPO","A100","3.0","30.0","4.4","iuxojig6","GFB_QA","gemma-1.1-7b-it_TO_gemma-1.1-7b-it_s3_bs5_top5","StablePrompt-PPO(cs=0)","True"
"US_FOREIGN_POLICY","StablePrompt-PPO","A100","42.0","30.0","4.55","3wbx3fva","GFB_QA","gemma-1.1-7b-it_TO_gemma-1.1-7b-it_s42_bs5_top5","StablePrompt-PPO(cs=0.1)","True"
"US_FOREIGN_POLICY","StablePrompt-PPO","A100","42.0","30.0","4.58","uky9ql83","GFB_QA","gemma-1.1-7b-it_TO_gemma-1.1-7b-it_s42_bs5_top5","StablePrompt-PPO(cs=0)","True"
"US_FOREIGN_POLICY","StablePrompt-PPO","A100","42.0","30.0","4.3","hrpvaflk","GFB_QA","gemma-1.1-7b-it_TO_gemma-1.1-7b-it_s42_bs4_top5","StablePrompt-PPO(cs=0.05)","True"
"US_FOREIGN_POLICY","StablePrompt-PPO","A100","42.0","30.0","2.62","uuiouyig","GFB_QA","gemma-1.1-7b-it_TO_gemma-1.1-7b-it_s42_bs5_top5","StablePrompt-PPO(cs=0.05)","True"
"VIROLOGY","StablePrompt-PPO","A100","3.0","30.0","4.92","nl8t83nw","GFB_QA","gemma-1.1-7b-it_TO_gemma-1.1-7b-it_s3_bs5_top5","StablePrompt-PPO(cs=0)","True"
"VIROLOGY","StablePrompt-PPO","A100","42.0","30.0","4.95","xjsro70q","GFB_QA","gemma-1.1-7b-it_TO_gemma-1.1-7b-it_s42_bs5_top5","StablePrompt-PPO(cs=0.1)","True"
"VIROLOGY","StablePrompt-PPO","A100","42.0","30.0","5.07","5va7onvm","GFB_QA","gemma-1.1-7b-it_TO_gemma-1.1-7b-it_s42_bs5_top5","StablePrompt-PPO(cs=0)","True"
"VIROLOGY","StablePrompt-PPO","A100","42.0","30.0","4.53","9vi9sulb","GFB_QA","gemma-1.1-7b-it_TO_gemma-1.1-7b-it_s42_bs4_top5","StablePrompt-PPO(cs=0.05)","True"
"VIROLOGY","StablePrompt-PPO","A100","42.0","30.0","2.72","5ckjflzo","GFB_QA","gemma-1.1-7b-it_TO_gemma-1.1-7b-it_s42_bs5_top5","StablePrompt-PPO(cs=0.05)","True"
"WINOWHY","StablePrompt-PPO","A100","3.0","30.0","8.32","rrx8mn50","GFB_BBH_TC","gemma-1.1-7b-it_TO_gemma-1.1-7b-it_top5_s3","Unknown","True"
"WINOWHY","StablePrompt-PPO","A100","42.0","30.0","8.43","emie6d0w","GFB_BBH_TC","gemma-1.1-7b-it_TO_gemma-1.1-7b-it_top5_s42","Unknown","True"
"WINOWHY","StablePrompt-PPO","A100","6.0","30.0","16.8","hsea8m19","GFB_BBH_TC","gemma-1.1-7b-it_TO_gemma-1.1-7b-it_top5_s6","Unknown","True"
"WORD_IN_CONTEXT","StablePrompt-PPO","A100","3.0","30.0","7.35","vgkzoub3","GFB_II","gemma-1.1-7b-it_TO_gemma-1.1-7b-it_bs16_top5_s3","StablePrompt-PPO","True"
"WORD_IN_CONTEXT","StablePrompt-PPO","A100","3.0","30.0","6.87","gw67czaz","GFB_II","gemma-1.1-7b-it_TO_gemma-1.1-7b-it_bs16_top5_s3_re","StablePrompt-PPO","True"
"WORD_IN_CONTEXT","StablePrompt-PPO","A100","42.0","30.0","7.45","jvx2eop8","GFB_II","gemma-1.1-7b-it_TO_gemma-1.1-7b-it_bs16_top5_s42","StablePrompt-PPO","True"
"WORD_IN_CONTEXT","StablePrompt-PPO","A100","6.0","100.0","40.6","cr9h5kos","GFB_II","gemma-1.1-7b-it_TO_gemma-1.1-7b-it_bs16_top5_s6","StablePrompt-PPO","True"
"WORD_IN_CONTEXT","StablePrompt-PPO","A100","6.0","200.0","79.57","7b8pcgmp","GFB_II","gemma-1.1-7b-it_TO_gemma-1.1-7b-it_bs16_top5_s6","StablePrompt-PPO","True"
"WORD_IN_CONTEXT","StablePrompt-PPO","A100","6.0","30.0","7.4","8pwb3fml","GFB_II","gemma-1.1-7b-it_TO_gemma-1.1-7b-it_bs16_top5_s6","StablePrompt-PPO","True"
"WORD_SORTING","StablePrompt-PPO","A100","3.0","30.0","26.57","05k2kbgv","GFB_BBH_TG","gemma-1.1-7b-it_TO_gemma-1.1-7b-it_bs16_top5_s3","StablePrompt-PPO","True"
"WORD_SORTING","StablePrompt-PPO","A100","42.0","30.0","34.7","zgcres3n","GFB_BBH_TG","gemma-1.1-7b-it_TO_gemma-1.1-7b-it_bs16_top5_s42","StablePrompt-PPO","True"
"WORD_SORTING","StablePrompt-PPO","A100","6.0","30.0","51.65","ra87j2cd","GFB_BBH_TG","gemma-1.1-7b-it_TO_gemma-1.1-7b-it_bs16_top5_s6","StablePrompt-PPO","True"
"WORLD_RELIGIONS","StablePrompt-PPO","A100","3.0","30.0","4.5","0hn0g0qw","GFB_QA","gemma-1.1-7b-it_TO_gemma-1.1-7b-it_s3_bs5_top5","StablePrompt-PPO(cs=0)","True"
"WORLD_RELIGIONS","StablePrompt-PPO","A100","42.0","30.0","4.53","1fzndgk8","GFB_QA","gemma-1.1-7b-it_TO_gemma-1.1-7b-it_s42_bs5_top5","StablePrompt-PPO(cs=0)","True"
"WORLD_RELIGIONS","StablePrompt-PPO","A100","42.0","30.0","4.42","odp4k245","GFB_QA","gemma-1.1-7b-it_TO_gemma-1.1-7b-it_s42_bs5_top5","StablePrompt-PPO(cs=0.1)","True"
"WORLD_RELIGIONS","StablePrompt-PPO","A100","42.0","30.0","4.4","chrsmjg2","GFB_QA","gemma-1.1-7b-it_TO_gemma-1.1-7b-it_s42_bs4_top5","StablePrompt-PPO(cs=0.05)","True"
"WORLD_RELIGIONS","StablePrompt-PPO","A100","42.0","30.0","2.57","7ergfgmt","GFB_QA","gemma-1.1-7b-it_TO_gemma-1.1-7b-it_s42_bs5_top5","StablePrompt-PPO(cs=0.05)","True"
"ABSTRACT_ALGEBRA","StablePrompt-RAE","A40","","30.0","5.43","vyjkrrgm","mmlu","abstract_algebrameta_changegoogle/gemma-1.1-7b-it_google/gemma-1.1-7b-it","AlgPrompt","False"
"ABSTRACT_ALGEBRA","StablePrompt-RAE","A40","","30.0","5.53","w0nxue9l","mmlu","abstract_algebrameta_changegoogle/gemma-1.1-7b-it_google/gemma-1.1-7b-it","AlgPrompt","False"
"ABSTRACT_ALGEBRA","StablePrompt-RAE","A40","42.0","30.0","5.32","hho995yk","mmlu","abstract_algebrameta_changegoogle/gemma-1.1-7b-it_google/gemma-1.1-7b-it","AlgPrompt","False"
"ABSTRACT_ALGEBRA","StablePrompt-RAE","A40","42.0","30.0","6.5","ds23iye2","mmlu","abstract_algebrameta_changegoogle/gemma-1.1-7b-it_google/gemma-1.1-7b-it","AlgPrompt","False"
"ABSTRACT_ALGEBRA","StablePrompt-RAE","A40","42.0","30.0","4.33","m3ph287v","mmlu","abstract_algebrameta_changegoogle/gemma-1.1-7b-it_google/gemma-1.1-7b-it","AlgPrompt","False"
"ANATOMY","StablePrompt-RAE","A40","","30.0","6.22","l3kt3owb","mmlu","anatomymeta_changegoogle/gemma-1.1-7b-it_google/gemma-1.1-7b-it","AlgPrompt","False"
"ANATOMY","StablePrompt-RAE","A40","","30.0","6.03","te42h38z","mmlu","anatomymeta_changegoogle/gemma-1.1-7b-it_google/gemma-1.1-7b-it","AlgPrompt","False"
"ANATOMY","StablePrompt-RAE","A40","42.0","30.0","4.23","stgzjyl7","mmlu","anatomymeta_changegoogle/gemma-1.1-7b-it_google/gemma-1.1-7b-it","AlgPrompt","False"
"ANATOMY","StablePrompt-RAE","A40","42.0","30.0","4.87","935v09wh","mmlu","anatomymeta_changegoogle/gemma-1.1-7b-it_google/gemma-1.1-7b-it","AlgPrompt","False"
"ANATOMY","StablePrompt-RAE","A40","42.0","30.0","2.9","exr96f6h","mmlu","anatomymeta_changegoogle/gemma-1.1-7b-it_google/gemma-1.1-7b-it","AlgPrompt","False"
"ASTRONOMY","StablePrompt-RAE","A40","","30.0","6.77","i34s22ug","mmlu","astronomymeta_changegoogle/gemma-1.1-7b-it_google/gemma-1.1-7b-it","AlgPrompt","False"
"ASTRONOMY","StablePrompt-RAE","A40","","30.0","6.72","opb2ryoe","mmlu","astronomymeta_changegoogle/gemma-1.1-7b-it_google/gemma-1.1-7b-it","AlgPrompt","False"
"ASTRONOMY","StablePrompt-RAE","A40","42.0","30.0","5.75","f4a7z2ht","mmlu","astronomymeta_changegoogle/gemma-1.1-7b-it_google/gemma-1.1-7b-it","AlgPrompt","False"
"ASTRONOMY","StablePrompt-RAE","A40","42.0","30.0","3.05","xh2xhkj4","mmlu","astronomymeta_changegoogle/gemma-1.1-7b-it_google/gemma-1.1-7b-it","AlgPrompt","False"
"ASTRONOMY","StablePrompt-RAE","A40","42.0","30.0","4.57","bt6zyhjy","mmlu","astronomymeta_changegoogle/gemma-1.1-7b-it_google/gemma-1.1-7b-it","AlgPrompt","False"
"BUSINESS_ETHICS","StablePrompt-RAE","A40","","30.0","5.6","l5ywecmk","mmlu","business_ethicsmeta_changegoogle/gemma-1.1-7b-it_google/gemma-1.1-7b-it","AlgPrompt","False"
"BUSINESS_ETHICS","StablePrompt-RAE","A40","","30.0","5.55","yjukp10v","mmlu","business_ethicsmeta_changegoogle/gemma-1.1-7b-it_google/gemma-1.1-7b-it","AlgPrompt","False"
"BUSINESS_ETHICS","StablePrompt-RAE","A40","42.0","30.0","3.68","gcwg00xd","mmlu","business_ethicsmeta_changegoogle/gemma-1.1-7b-it_google/gemma-1.1-7b-it","AlgPrompt","False"
"BUSINESS_ETHICS","StablePrompt-RAE","A40","42.0","30.0","2.62","ljatv6s0","mmlu","business_ethicsmeta_changegoogle/gemma-1.1-7b-it_google/gemma-1.1-7b-it","AlgPrompt","False"
"CLINICAL_KNOWLEDGE","StablePrompt-RAE","A40","","30.0","8.63","s7z1ls5s","mmlu","clinical_knowledgemeta_changegoogle/gemma-1.1-7b-it_google/gemma-1.1-7b-it","AlgPrompt","False"
"CLINICAL_KNOWLEDGE","StablePrompt-RAE","A40","","30.0","8.58","epforthd","mmlu","clinical_knowledgemeta_changegoogle/gemma-1.1-7b-it_google/gemma-1.1-7b-it","AlgPrompt","False"
"CLINICAL_KNOWLEDGE","StablePrompt-RAE","A40","42.0","30.0","4.03","ui150pgf","mmlu","clinical_knowledgemeta_changegoogle/gemma-1.1-7b-it_google/gemma-1.1-7b-it","AlgPrompt","False"
"CLINICAL_KNOWLEDGE","StablePrompt-RAE","A40","42.0","30.0","6.18","k46se5w5","mmlu","clinical_knowledgemeta_changegoogle/gemma-1.1-7b-it_google/gemma-1.1-7b-it","AlgPrompt","False"
"COLLEGE_BIOLOGY","StablePrompt-RAE","A40","","30.0","6.38","719fpm3v","mmlu","college_biologymeta_changegoogle/gemma-1.1-7b-it_google/gemma-1.1-7b-it","AlgPrompt","False"
"COLLEGE_BIOLOGY","StablePrompt-RAE","A40","","30.0","6.38","i7ko8kq3","mmlu","college_biologymeta_changegoogle/gemma-1.1-7b-it_google/gemma-1.1-7b-it","AlgPrompt","False"
"COLLEGE_BIOLOGY","StablePrompt-RAE","A40","42.0","30.0","3.02","vokpg9wh","mmlu","college_biologymeta_changegoogle/gemma-1.1-7b-it_google/gemma-1.1-7b-it","AlgPrompt","False"
"COLLEGE_BIOLOGY","StablePrompt-RAE","A40","42.0","30.0","4.5","y1c844or","mmlu","college_biologymeta_changegoogle/gemma-1.1-7b-it_google/gemma-1.1-7b-it","AlgPrompt","False"
"COLLEGE_CHEMISTRY","StablePrompt-RAE","A40","","30.0","5.47","ks015d43","mmlu","college_chemistrymeta_changegoogle/gemma-1.1-7b-it_google/gemma-1.1-7b-it","AlgPrompt","False"
"COLLEGE_CHEMISTRY","StablePrompt-RAE","A40","","30.0","5.62","t2a4daw8","mmlu","college_chemistrymeta_changegoogle/gemma-1.1-7b-it_google/gemma-1.1-7b-it","AlgPrompt","False"
"COLLEGE_CHEMISTRY","StablePrompt-RAE","A40","42.0","30.0","3.67","k4mxdxb7","mmlu","college_chemistrymeta_changegoogle/gemma-1.1-7b-it_google/gemma-1.1-7b-it","AlgPrompt","False"
"COLLEGE_CHEMISTRY","StablePrompt-RAE","A40","42.0","30.0","2.48","b428lmha","mmlu","college_chemistrymeta_changegoogle/gemma-1.1-7b-it_google/gemma-1.1-7b-it","AlgPrompt","False"
"COLLEGE_COMPUTER_SCIENCE","StablePrompt-RAE","A40","","30.0","6.07","zfc7fxsg","mmlu","college_computer_sciencemeta_changegoogle/gemma-1.1-7b-it_google/gemma-1.1-7b-it","AlgPrompt","False"
"COLLEGE_COMPUTER_SCIENCE","StablePrompt-RAE","A40","","30.0","6.2","d2k6q89f","mmlu","college_computer_sciencemeta_changegoogle/gemma-1.1-7b-it_google/gemma-1.1-7b-it","AlgPrompt","False"
"COLLEGE_COMPUTER_SCIENCE","StablePrompt-RAE","A40","42.0","30.0","2.78","fgpjzkr8","mmlu","college_computer_sciencemeta_changegoogle/gemma-1.1-7b-it_google/gemma-1.1-7b-it","AlgPrompt","False"
"COLLEGE_COMPUTER_SCIENCE","StablePrompt-RAE","A40","42.0","30.0","4.12","yjknm651","mmlu","college_computer_sciencemeta_changegoogle/gemma-1.1-7b-it_google/gemma-1.1-7b-it","AlgPrompt","False"
"COLLEGE_COMPUTER_SCIENCE","StablePrompt-RAE","A40","42.0","30.0","4.12","zw4dj2le","mmlu","college_computer_sciencemeta_changegoogle/gemma-1.1-7b-it_google/gemma-1.1-7b-it","AlgPrompt","False"
"COLLEGE_MATHEMATICS","StablePrompt-RAE","A40","","30.0","5.82","ec6xa8d1","mmlu","college_mathematicsmeta_changegoogle/gemma-1.1-7b-it_google/gemma-1.1-7b-it","AlgPrompt","False"
"COLLEGE_MATHEMATICS","StablePrompt-RAE","A40","","30.0","5.72","pb6vgh92","mmlu","college_mathematicsmeta_changegoogle/gemma-1.1-7b-it_google/gemma-1.1-7b-it","AlgPrompt","False"
"COLLEGE_MATHEMATICS","StablePrompt-RAE","A40","42.0","30.0","3.9","povk0h6f","mmlu","college_mathematicsmeta_changegoogle/gemma-1.1-7b-it_google/gemma-1.1-7b-it","AlgPrompt","False"
"COLLEGE_MATHEMATICS","StablePrompt-RAE","A40","42.0","30.0","3.98","abu7wb70","mmlu","college_mathematicsmeta_changegoogle/gemma-1.1-7b-it_google/gemma-1.1-7b-it","AlgPrompt","False"
"COLLEGE_MATHEMATICS","StablePrompt-RAE","A40","42.0","30.0","2.68","tdebr732","mmlu","college_mathematicsmeta_changegoogle/gemma-1.1-7b-it_google/gemma-1.1-7b-it","AlgPrompt","False"
"COLLEGE_MEDICINE","StablePrompt-RAE","A40","","30.0","8.23","303azuhi","mmlu","college_medicinemeta_changegoogle/gemma-1.1-7b-it_google/gemma-1.1-7b-it","AlgPrompt","False"
"COLLEGE_MEDICINE","StablePrompt-RAE","A40","","30.0","8.32","csd7oiyy","mmlu","college_medicinemeta_changegoogle/gemma-1.1-7b-it_google/gemma-1.1-7b-it","AlgPrompt","False"
"COLLEGE_MEDICINE","StablePrompt-RAE","A40","42.0","30.0","3.75","sai2xt5c","mmlu","college_medicinemeta_changegoogle/gemma-1.1-7b-it_google/gemma-1.1-7b-it","AlgPrompt","False"
"COLLEGE_MEDICINE","StablePrompt-RAE","A40","42.0","30.0","5.93","yr1bsyyh","mmlu","college_medicinemeta_changegoogle/gemma-1.1-7b-it_google/gemma-1.1-7b-it","AlgPrompt","False"
"COLLEGE_MEDICINE","StablePrompt-RAE","A40","42.0","30.0","5.82","go2gey2z","mmlu","college_medicinemeta_changegoogle/gemma-1.1-7b-it_google/gemma-1.1-7b-it","AlgPrompt","False"
"COLLEGE_PHYSICS","StablePrompt-RAE","A40","","30.0","5.82","6xwxanbl","mmlu","college_physicsmeta_changegoogle/gemma-1.1-7b-it_google/gemma-1.1-7b-it","AlgPrompt","False"
"COLLEGE_PHYSICS","StablePrompt-RAE","A40","","30.0","5.78","vsqpv5bv","mmlu","college_physicsmeta_changegoogle/gemma-1.1-7b-it_google/gemma-1.1-7b-it","AlgPrompt","False"
"COLLEGE_PHYSICS","StablePrompt-RAE","A40","42.0","30.0","2.68","6oeaxn2n","mmlu","college_physicsmeta_changegoogle/gemma-1.1-7b-it_google/gemma-1.1-7b-it","AlgPrompt","False"
"COLLEGE_PHYSICS","StablePrompt-RAE","A40","42.0","30.0","3.87","ur1jxrg5","mmlu","college_physicsmeta_changegoogle/gemma-1.1-7b-it_google/gemma-1.1-7b-it","AlgPrompt","False"
"COLLEGE_PHYSICS","StablePrompt-RAE","A40","42.0","30.0","3.98","uxa8hb1y","mmlu","college_physicsmeta_changegoogle/gemma-1.1-7b-it_google/gemma-1.1-7b-it","AlgPrompt","False"
"COMPUTER_SECURITY","StablePrompt-RAE","A40","","30.0","5.85","uauwo1fx","mmlu","computer_securitymeta_changegoogle/gemma-1.1-7b-it_google/gemma-1.1-7b-it","AlgPrompt","False"
"COMPUTER_SECURITY","StablePrompt-RAE","A40","","30.0","5.93","hf4jrgf8","mmlu","computer_securitymeta_changegoogle/gemma-1.1-7b-it_google/gemma-1.1-7b-it","AlgPrompt","False"
"COMPUTER_SECURITY","StablePrompt-RAE","A40","42.0","30.0","4.1","11yynh42","mmlu","computer_securitymeta_changegoogle/gemma-1.1-7b-it_google/gemma-1.1-7b-it","AlgPrompt","False"
"COMPUTER_SECURITY","StablePrompt-RAE","A40","42.0","30.0","2.77","l7krk4lr","mmlu","computer_securitymeta_changegoogle/gemma-1.1-7b-it_google/gemma-1.1-7b-it","AlgPrompt","False"
"COMPUTER_SECURITY","StablePrompt-RAE","A40","42.0","30.0","4.03","hi4i5j43","mmlu","computer_securitymeta_changegoogle/gemma-1.1-7b-it_google/gemma-1.1-7b-it","AlgPrompt","False"
"CONCEPTUAL_PHYSICS","StablePrompt-RAE","A40","","30.0","8.2","llb06iem","mmlu","conceptual_physicsmeta_changegoogle/gemma-1.1-7b-it_google/gemma-1.1-7b-it","AlgPrompt","False"
"CONCEPTUAL_PHYSICS","StablePrompt-RAE","A40","","30.0","7.97","ugl2nxau","mmlu","conceptual_physicsmeta_changegoogle/gemma-1.1-7b-it_google/gemma-1.1-7b-it","AlgPrompt","False"
"CONCEPTUAL_PHYSICS","StablePrompt-RAE","A40","42.0","30.0","3.65","tlogrbhf","mmlu","conceptual_physicsmeta_changegoogle/gemma-1.1-7b-it_google/gemma-1.1-7b-it","AlgPrompt","False"
"CONCEPTUAL_PHYSICS","StablePrompt-RAE","A40","42.0","30.0","5.5","1czg6ab3","mmlu","conceptual_physicsmeta_changegoogle/gemma-1.1-7b-it_google/gemma-1.1-7b-it","AlgPrompt","False"
"CONCEPTUAL_PHYSICS","StablePrompt-RAE","A40","42.0","30.0","5.32","snjt3den","mmlu","conceptual_physicsmeta_changegoogle/gemma-1.1-7b-it_google/gemma-1.1-7b-it","AlgPrompt","False"
"ECONOMETRICS","StablePrompt-RAE","A40","","30.0","6.17","gk0ic9gr","mmlu","econometricsmeta_changegoogle/gemma-1.1-7b-it_google/gemma-1.1-7b-it","AlgPrompt","False"
"ECONOMETRICS","StablePrompt-RAE","A40","","30.0","6.2","33zjk1gf","mmlu","econometricsmeta_changegoogle/gemma-1.1-7b-it_google/gemma-1.1-7b-it","AlgPrompt","False"
"ECONOMETRICS","StablePrompt-RAE","A40","42.0","30.0","4.28","limnb5y3","mmlu","econometricsmeta_changegoogle/gemma-1.1-7b-it_google/gemma-1.1-7b-it","AlgPrompt","False"
"ECONOMETRICS","StablePrompt-RAE","A40","42.0","30.0","4.3","2f223w1k","mmlu","econometricsmeta_changegoogle/gemma-1.1-7b-it_google/gemma-1.1-7b-it","AlgPrompt","False"
"ECONOMETRICS","StablePrompt-RAE","A40","42.0","30.0","2.8","uwnwhtas","mmlu","econometricsmeta_changegoogle/gemma-1.1-7b-it_google/gemma-1.1-7b-it","AlgPrompt","False"
"ELECTRICAL_ENGINEERING","StablePrompt-RAE","A40","","30.0","6.28","nykbk99n","mmlu","electrical_engineeringmeta_changegoogle/gemma-1.1-7b-it_google/gemma-1.1-7b-it","AlgPrompt","False"
"ELECTRICAL_ENGINEERING","StablePrompt-RAE","A40","","30.0","6.15","vzwnobzr","mmlu","electrical_engineeringmeta_changegoogle/gemma-1.1-7b-it_google/gemma-1.1-7b-it","AlgPrompt","False"
"ELECTRICAL_ENGINEERING","StablePrompt-RAE","A40","42.0","30.0","2.88","ttbc3oaa","mmlu","electrical_engineeringmeta_changegoogle/gemma-1.1-7b-it_google/gemma-1.1-7b-it","AlgPrompt","False"
"ELECTRICAL_ENGINEERING","StablePrompt-RAE","A40","42.0","30.0","4.28","apzsipl6","mmlu","electrical_engineeringmeta_changegoogle/gemma-1.1-7b-it_google/gemma-1.1-7b-it","AlgPrompt","False"
"ELECTRICAL_ENGINEERING","StablePrompt-RAE","A40","42.0","30.0","4.08","kb83ikii","mmlu","electrical_engineeringmeta_changegoogle/gemma-1.1-7b-it_google/gemma-1.1-7b-it","AlgPrompt","False"
"ELEMENTARY_MATHEMATICS","StablePrompt-RAE","A40","","30.0","11.35","xqjfm9c8","mmlu","elementary_mathematicsmeta_changegoogle/gemma-1.1-7b-it_google/gemma-1.1-7b-it","AlgPrompt","False"
"ELEMENTARY_MATHEMATICS","StablePrompt-RAE","A40","","30.0","11.3","nzs4n17g","mmlu","elementary_mathematicsmeta_changegoogle/gemma-1.1-7b-it_google/gemma-1.1-7b-it","AlgPrompt","False"
"ELEMENTARY_MATHEMATICS","StablePrompt-RAE","A40","42.0","30.0","8.33","ud3ssvfc","mmlu","elementary_mathematicsmeta_changegoogle/gemma-1.1-7b-it_google/gemma-1.1-7b-it","AlgPrompt","False"
"ELEMENTARY_MATHEMATICS","StablePrompt-RAE","A40","42.0","30.0","8.32","9n0x9zv2","mmlu","elementary_mathematicsmeta_changegoogle/gemma-1.1-7b-it_google/gemma-1.1-7b-it","AlgPrompt","False"
"ELEMENTARY_MATHEMATICS","StablePrompt-RAE","A40","42.0","30.0","5","y5ukq80l","mmlu","elementary_mathematicsmeta_changegoogle/gemma-1.1-7b-it_google/gemma-1.1-7b-it","AlgPrompt","False"
"FORMAL_LOGIC","StablePrompt-RAE","A40","","30.0","6.75","j7rmfngq","mmlu","formal_logicmeta_changegoogle/gemma-1.1-7b-it_google/gemma-1.1-7b-it","AlgPrompt","False"
"FORMAL_LOGIC","StablePrompt-RAE","A40","42.0","30.0","3.03","44fp4fup","mmlu","formal_logicmeta_changegoogle/gemma-1.1-7b-it_google/gemma-1.1-7b-it","AlgPrompt","False"
"FORMAL_LOGIC","StablePrompt-RAE","A40","42.0","30.0","4.67","oz83ria4","mmlu","formal_logicmeta_changegoogle/gemma-1.1-7b-it_google/gemma-1.1-7b-it","AlgPrompt","False"
"FORMAL_LOGIC","StablePrompt-RAE","A40","42.0","30.0","4.67","uxupg9uv","mmlu","formal_logicmeta_changegoogle/gemma-1.1-7b-it_google/gemma-1.1-7b-it","AlgPrompt","False"
"GLOBAL_FACTS","StablePrompt-RAE","A40","","30.0","5.38","gv4tl1dz","mmlu","global_factsmeta_changegoogle/gemma-1.1-7b-it_google/gemma-1.1-7b-it","AlgPrompt","False"
"GLOBAL_FACTS","StablePrompt-RAE","A40","42.0","30.0","3.63","2eixgqdx","mmlu","global_factsmeta_changegoogle/gemma-1.1-7b-it_google/gemma-1.1-7b-it","AlgPrompt","False"
"GLOBAL_FACTS","StablePrompt-RAE","A40","42.0","30.0","2.58","rplms2sg","mmlu","global_factsmeta_changegoogle/gemma-1.1-7b-it_google/gemma-1.1-7b-it","AlgPrompt","False"
"GLOBAL_FACTS","StablePrompt-RAE","A40","42.0","30.0","3.72","u4hbfpln","mmlu","global_factsmeta_changegoogle/gemma-1.1-7b-it_google/gemma-1.1-7b-it","AlgPrompt","False"
"HIGH_SCHOOL_BIOLOGY","StablePrompt-RAE","A40","","30.0","9.95","ami1mh0j","mmlu","high_school_biologymeta_changegoogle/gemma-1.1-7b-it_google/gemma-1.1-7b-it","AlgPrompt","False"
"HIGH_SCHOOL_BIOLOGY","StablePrompt-RAE","A40","42.0","30.0","6.87","fmdsweev","mmlu","high_school_biologymeta_changegoogle/gemma-1.1-7b-it_google/gemma-1.1-7b-it","AlgPrompt","False"
"HIGH_SCHOOL_BIOLOGY","StablePrompt-RAE","A40","42.0","30.0","4.32","xbzpfwao","mmlu","high_school_biologymeta_changegoogle/gemma-1.1-7b-it_google/gemma-1.1-7b-it","AlgPrompt","False"
"HIGH_SCHOOL_BIOLOGY","StablePrompt-RAE","A40","42.0","30.0","6.95","z1xfn7rj","mmlu","high_school_biologymeta_changegoogle/gemma-1.1-7b-it_google/gemma-1.1-7b-it","AlgPrompt","False"
"HIGH_SCHOOL_CHEMISTRY","StablePrompt-RAE","A40","","30.0","8.32","5kom0go7","mmlu","high_school_chemistrymeta_changegoogle/gemma-1.1-7b-it_google/gemma-1.1-7b-it","AlgPrompt","False"
"HIGH_SCHOOL_CHEMISTRY","StablePrompt-RAE","A40","42.0","30.0","3.75","aqlysomr","mmlu","high_school_chemistrymeta_changegoogle/gemma-1.1-7b-it_google/gemma-1.1-7b-it","AlgPrompt","False"
"HIGH_SCHOOL_CHEMISTRY","StablePrompt-RAE","A40","42.0","30.0","5.85","ikxwgvwg","mmlu","high_school_chemistrymeta_changegoogle/gemma-1.1-7b-it_google/gemma-1.1-7b-it","AlgPrompt","False"
"HIGH_SCHOOL_CHEMISTRY","StablePrompt-RAE","A40","42.0","30.0","5.98","y6z5702e","mmlu","high_school_chemistrymeta_changegoogle/gemma-1.1-7b-it_google/gemma-1.1-7b-it","AlgPrompt","False"
"HIGH_SCHOOL_COMPUTER_SCIENCE","StablePrompt-RAE","A40","","30.0","5.95","v0idcwrz","mmlu","high_school_computer_sciencemeta_changegoogle/gemma-1.1-7b-it_google/gemma-1.1-7b-it","AlgPrompt","False"
"HIGH_SCHOOL_COMPUTER_SCIENCE","StablePrompt-RAE","A40","42.0","30.0","4.05","d23u5fw3","mmlu","high_school_computer_sciencemeta_changegoogle/gemma-1.1-7b-it_google/gemma-1.1-7b-it","AlgPrompt","False"
"HIGH_SCHOOL_COMPUTER_SCIENCE","StablePrompt-RAE","A40","42.0","30.0","2.75","n8bh9eoo","mmlu","high_school_computer_sciencemeta_changegoogle/gemma-1.1-7b-it_google/gemma-1.1-7b-it","AlgPrompt","False"
"HIGH_SCHOOL_COMPUTER_SCIENCE","StablePrompt-RAE","A40","42.0","30.0","3.98","tw2bef9o","mmlu","high_school_computer_sciencemeta_changegoogle/gemma-1.1-7b-it_google/gemma-1.1-7b-it","AlgPrompt","False"
"HIGH_SCHOOL_EUROPEAN_HISTORY","StablePrompt-RAE","A40","42.0","30.0","4.67","gv7f159p","mmlu","high_school_european_historymeta_changegoogle/gemma-1.1-7b-it_google/gemma-1.1-7b-it","AlgPrompt","False"
"HIGH_SCHOOL_EUROPEAN_HISTORY","StablePrompt-RAE","A40","42.0","30.0","8.08","z9ztt3ku","mmlu","high_school_european_historymeta_changegoogle/gemma-1.1-7b-it_google/gemma-1.1-7b-it","AlgPrompt","False"
"HIGH_SCHOOL_EUROPEAN_HISTORY","StablePrompt-RAE","A40","42.0","30.0","8","265lq5z8","mmlu","high_school_european_historymeta_changegoogle/gemma-1.1-7b-it_google/gemma-1.1-7b-it","AlgPrompt","False"
"HIGH_SCHOOL_GEOGRAPHY","StablePrompt-RAE","A40","","30.0","7.35","ulokorg4","mmlu","high_school_geographymeta_changegoogle/gemma-1.1-7b-it_google/gemma-1.1-7b-it","AlgPrompt","False"
"HIGH_SCHOOL_GEOGRAPHY","StablePrompt-RAE","A40","42.0","30.0","5.02","3iq1lv9y","mmlu","high_school_geographymeta_changegoogle/gemma-1.1-7b-it_google/gemma-1.1-7b-it","AlgPrompt","False"
"HIGH_SCHOOL_GEOGRAPHY","StablePrompt-RAE","A40","42.0","30.0","4.87","jr14yj8v","mmlu","high_school_geographymeta_changegoogle/gemma-1.1-7b-it_google/gemma-1.1-7b-it","AlgPrompt","False"
"HIGH_SCHOOL_GEOGRAPHY","StablePrompt-RAE","A40","42.0","30.0","3.32","n85dby9z","mmlu","high_school_geographymeta_changegoogle/gemma-1.1-7b-it_google/gemma-1.1-7b-it","AlgPrompt","False"
"HIGH_SCHOOL_GOVERNMENT_AND_POLITICS","StablePrompt-RAE","A40","","30.0","7.3","7r72h4uj","mmlu","high_school_government_and_politicsmeta_changegoogle/gemma-1.1-7b-it_google/gemma-1.1-7b-it","AlgPrompt","False"
"HIGH_SCHOOL_GOVERNMENT_AND_POLITICS","StablePrompt-RAE","A40","42.0","30.0","3.52","js0xq5m8","mmlu","high_school_government_and_politicsmeta_changegoogle/gemma-1.1-7b-it_google/gemma-1.1-7b-it","AlgPrompt","False"
"HIGH_SCHOOL_GOVERNMENT_AND_POLITICS","StablePrompt-RAE","A40","42.0","30.0","5.13","zpld1f7c","mmlu","high_school_government_and_politicsmeta_changegoogle/gemma-1.1-7b-it_google/gemma-1.1-7b-it","AlgPrompt","False"
"HIGH_SCHOOL_GOVERNMENT_AND_POLITICS","StablePrompt-RAE","A40","42.0","30.0","5.3","66hsi90o","mmlu","high_school_government_and_politicsmeta_changegoogle/gemma-1.1-7b-it_google/gemma-1.1-7b-it","AlgPrompt","False"
"HIGH_SCHOOL_MACROECONOMICS","StablePrompt-RAE","A40","","30.0","10.97","n7ud92fh","mmlu","high_school_macroeconomicsmeta_changegoogle/gemma-1.1-7b-it_google/gemma-1.1-7b-it","AlgPrompt","False"
"HIGH_SCHOOL_MACROECONOMICS","StablePrompt-RAE","A40","42.0","30.0","7.9","oezrmvwk","mmlu","high_school_macroeconomicsmeta_changegoogle/gemma-1.1-7b-it_google/gemma-1.1-7b-it","AlgPrompt","False"
"HIGH_SCHOOL_MACROECONOMICS","StablePrompt-RAE","A40","42.0","30.0","5.02","g99kvafr","mmlu","high_school_macroeconomicsmeta_changegoogle/gemma-1.1-7b-it_google/gemma-1.1-7b-it","AlgPrompt","False"
"HIGH_SCHOOL_MACROECONOMICS","StablePrompt-RAE","A40","42.0","30.0","8.03","1a52626p","mmlu","high_school_macroeconomicsmeta_changegoogle/gemma-1.1-7b-it_google/gemma-1.1-7b-it","AlgPrompt","False"
"HIGH_SCHOOL_MATHEMATICS","StablePrompt-RAE","A40","","30.0","9.08","738abr4q","mmlu","high_school_mathematicsmeta_changegoogle/gemma-1.1-7b-it_google/gemma-1.1-7b-it","AlgPrompt","False"
"HIGH_SCHOOL_MATHEMATICS","StablePrompt-RAE","A40","42.0","30.0","6.5","t9vff28d","mmlu","high_school_mathematicsmeta_changegoogle/gemma-1.1-7b-it_google/gemma-1.1-7b-it","AlgPrompt","False"
"HIGH_SCHOOL_MATHEMATICS","StablePrompt-RAE","A40","42.0","30.0","4.18","bd4i3pav","mmlu","high_school_mathematicsmeta_changegoogle/gemma-1.1-7b-it_google/gemma-1.1-7b-it","AlgPrompt","False"
"HIGH_SCHOOL_MATHEMATICS","StablePrompt-RAE","A40","42.0","30.0","6.48","hnws59g7","mmlu","high_school_mathematicsmeta_changegoogle/gemma-1.1-7b-it_google/gemma-1.1-7b-it","AlgPrompt","False"
"HIGH_SCHOOL_MICROECONOMICS","StablePrompt-RAE","A40","","30.0","8.33","amnlglhy","mmlu","high_school_microeconomicsmeta_changegoogle/gemma-1.1-7b-it_google/gemma-1.1-7b-it","AlgPrompt","False"
"HIGH_SCHOOL_MICROECONOMICS","StablePrompt-RAE","A40","42.0","30.0","3.77","xoue7p0s","mmlu","high_school_microeconomicsmeta_changegoogle/gemma-1.1-7b-it_google/gemma-1.1-7b-it","AlgPrompt","False"
"HIGH_SCHOOL_MICROECONOMICS","StablePrompt-RAE","A40","42.0","30.0","5.67","s55k9pqa","mmlu","high_school_microeconomicsmeta_changegoogle/gemma-1.1-7b-it_google/gemma-1.1-7b-it","AlgPrompt","False"
"HIGH_SCHOOL_MICROECONOMICS","StablePrompt-RAE","A40","42.0","30.0","5.95","p47kscn7","mmlu","high_school_microeconomicsmeta_changegoogle/gemma-1.1-7b-it_google/gemma-1.1-7b-it","AlgPrompt","False"
"HIGH_SCHOOL_PHYSICS","StablePrompt-RAE","A40","","30.0","7.18","xy552pie","mmlu","high_school_physicsmeta_changegoogle/gemma-1.1-7b-it_google/gemma-1.1-7b-it","AlgPrompt","False"
"HIGH_SCHOOL_PHYSICS","StablePrompt-RAE","A40","42.0","30.0","5.13","6ayeiz9a","mmlu","high_school_physicsmeta_changegoogle/gemma-1.1-7b-it_google/gemma-1.1-7b-it","AlgPrompt","False"
"HIGH_SCHOOL_PHYSICS","StablePrompt-RAE","A40","42.0","30.0","5.18","qax08j7x","mmlu","high_school_physicsmeta_changegoogle/gemma-1.1-7b-it_google/gemma-1.1-7b-it","AlgPrompt","False"
"HIGH_SCHOOL_PHYSICS","StablePrompt-RAE","A40","42.0","30.0","3.27","lido8glg","mmlu","high_school_physicsmeta_changegoogle/gemma-1.1-7b-it_google/gemma-1.1-7b-it","AlgPrompt","False"
"HIGH_SCHOOL_PSYCHOLOGY","StablePrompt-RAE","A40","","30.0","13.97","ohkyxdk8","mmlu","high_school_psychologymeta_changegoogle/gemma-1.1-7b-it_google/gemma-1.1-7b-it","AlgPrompt","False"
"HIGH_SCHOOL_PSYCHOLOGY","StablePrompt-RAE","A40","42.0","30.0","6.4","9sf06ymq","mmlu","high_school_psychologymeta_changegoogle/gemma-1.1-7b-it_google/gemma-1.1-7b-it","AlgPrompt","False"
"HIGH_SCHOOL_PSYCHOLOGY","StablePrompt-RAE","A40","42.0","30.0","10.37","nkjolpt4","mmlu","high_school_psychologymeta_changegoogle/gemma-1.1-7b-it_google/gemma-1.1-7b-it","AlgPrompt","False"
"HIGH_SCHOOL_PSYCHOLOGY","StablePrompt-RAE","A40","42.0","30.0","10.17","izzyqa9w","mmlu","high_school_psychologymeta_changegoogle/gemma-1.1-7b-it_google/gemma-1.1-7b-it","AlgPrompt","False"
"HIGH_SCHOOL_STATISTICS","StablePrompt-RAE","A40","","30.0","8.88","y35a0xdv","mmlu","high_school_statisticsmeta_changegoogle/gemma-1.1-7b-it_google/gemma-1.1-7b-it","AlgPrompt","False"
"HIGH_SCHOOL_STATISTICS","StablePrompt-RAE","A40","42.0","30.0","6.1","ttth95h9","mmlu","high_school_statisticsmeta_changegoogle/gemma-1.1-7b-it_google/gemma-1.1-7b-it","AlgPrompt","False"
"HIGH_SCHOOL_STATISTICS","StablePrompt-RAE","A40","42.0","30.0","3.83","sc83vm5z","mmlu","high_school_statisticsmeta_changegoogle/gemma-1.1-7b-it_google/gemma-1.1-7b-it","AlgPrompt","False"
"HIGH_SCHOOL_STATISTICS","StablePrompt-RAE","A40","42.0","30.0","6.05","5ogon63o","mmlu","high_school_statisticsmeta_changegoogle/gemma-1.1-7b-it_google/gemma-1.1-7b-it","AlgPrompt","False"
"HIGH_SCHOOL_US_HISTORY","StablePrompt-RAE","A40","42.0","30.0","4.78","q6zh5t6a","mmlu","high_school_us_historymeta_changegoogle/gemma-1.1-7b-it_google/gemma-1.1-7b-it","AlgPrompt","False"
"HIGH_SCHOOL_US_HISTORY","StablePrompt-RAE","A40","42.0","30.0","8.47","2c8eozuo","mmlu","high_school_us_historymeta_changegoogle/gemma-1.1-7b-it_google/gemma-1.1-7b-it","AlgPrompt","False"
"HIGH_SCHOOL_US_HISTORY","StablePrompt-RAE","A40","42.0","30.0","8.45","ciasykxg","mmlu","high_school_us_historymeta_changegoogle/gemma-1.1-7b-it_google/gemma-1.1-7b-it","AlgPrompt","False"
"HIGH_SCHOOL_WORLD_HISTORY","StablePrompt-RAE","A40","42.0","30.0","6.33","h3rozwrx","mmlu","high_school_world_historymeta_changegoogle/gemma-1.1-7b-it_google/gemma-1.1-7b-it","AlgPrompt","False"
"HIGH_SCHOOL_WORLD_HISTORY","StablePrompt-RAE","A40","42.0","30.0","11.45","yf5i9qrt","mmlu","high_school_world_historymeta_changegoogle/gemma-1.1-7b-it_google/gemma-1.1-7b-it","AlgPrompt","False"
"HIGH_SCHOOL_WORLD_HISTORY","StablePrompt-RAE","A40","42.0","30.0","11.5","05dglm4n","mmlu","high_school_world_historymeta_changegoogle/gemma-1.1-7b-it_google/gemma-1.1-7b-it","AlgPrompt","False"
"HUMAN_AGING","StablePrompt-RAE","A40","","30.0","7.53","tam1wkgj","mmlu","human_agingmeta_changegoogle/gemma-1.1-7b-it_google/gemma-1.1-7b-it","AlgPrompt","False"
"HUMAN_AGING","StablePrompt-RAE","A40","42.0","30.0","5.17","rcrajve2","mmlu","human_agingmeta_changegoogle/gemma-1.1-7b-it_google/gemma-1.1-7b-it","AlgPrompt","False"
"HUMAN_AGING","StablePrompt-RAE","A40","42.0","30.0","3.47","rk41n4a7","mmlu","human_agingmeta_changegoogle/gemma-1.1-7b-it_google/gemma-1.1-7b-it","AlgPrompt","False"
"HUMAN_AGING","StablePrompt-RAE","A40","42.0","30.0","5","6q7w7t9k","mmlu","human_agingmeta_changegoogle/gemma-1.1-7b-it_google/gemma-1.1-7b-it","AlgPrompt","False"
"HUMAN_SEXUALITY","StablePrompt-RAE","A40","","30.0","5.97","mjytq255","mmlu","human_sexualitymeta_changegoogle/gemma-1.1-7b-it_google/gemma-1.1-7b-it","AlgPrompt","False"
"HUMAN_SEXUALITY","StablePrompt-RAE","A40","42.0","30.0","3.82","sronoml3","mmlu","human_sexualitymeta_changegoogle/gemma-1.1-7b-it_google/gemma-1.1-7b-it","AlgPrompt","False"
"HUMAN_SEXUALITY","StablePrompt-RAE","A40","42.0","30.0","2.7","cp96k24t","mmlu","human_sexualitymeta_changegoogle/gemma-1.1-7b-it_google/gemma-1.1-7b-it","AlgPrompt","False"
"HUMAN_SEXUALITY","StablePrompt-RAE","A40","42.0","30.0","3.75","6aewnqco","mmlu","human_sexualitymeta_changegoogle/gemma-1.1-7b-it_google/gemma-1.1-7b-it","AlgPrompt","False"
"INTERNATIONAL_LAW","StablePrompt-RAE","A40","","30.0","6.13","lqqwrytr","mmlu","international_lawmeta_changegoogle/gemma-1.1-7b-it_google/gemma-1.1-7b-it","AlgPrompt","False"
"INTERNATIONAL_LAW","StablePrompt-RAE","A40","42.0","30.0","4.52","bzzbsusw","mmlu","international_lawmeta_changegoogle/gemma-1.1-7b-it_google/gemma-1.1-7b-it","AlgPrompt","False"
"INTERNATIONAL_LAW","StablePrompt-RAE","A40","42.0","30.0","4.4","mavxxabm","mmlu","international_lawmeta_changegoogle/gemma-1.1-7b-it_google/gemma-1.1-7b-it","AlgPrompt","False"
"INTERNATIONAL_LAW","StablePrompt-RAE","A40","42.0","30.0","2.85","92powlid","mmlu","international_lawmeta_changegoogle/gemma-1.1-7b-it_google/gemma-1.1-7b-it","AlgPrompt","False"
"JURISPRUDENCE","StablePrompt-RAE","A40","","30.0","5.52","g8pxxj3p","mmlu","jurisprudencemeta_changegoogle/gemma-1.1-7b-it_google/gemma-1.1-7b-it","AlgPrompt","False"
"JURISPRUDENCE","StablePrompt-RAE","A40","42.0","30.0","2.75","itrn633p","mmlu","jurisprudencemeta_changegoogle/gemma-1.1-7b-it_google/gemma-1.1-7b-it","AlgPrompt","False"
"JURISPRUDENCE","StablePrompt-RAE","A40","42.0","30.0","3.68","tbbflsw4","mmlu","jurisprudencemeta_changegoogle/gemma-1.1-7b-it_google/gemma-1.1-7b-it","AlgPrompt","False"
"JURISPRUDENCE","StablePrompt-RAE","A40","42.0","30.0","3.77","bu2yh6e6","mmlu","jurisprudencemeta_changegoogle/gemma-1.1-7b-it_google/gemma-1.1-7b-it","AlgPrompt","False"
"LOGICAL_FALLACIES","StablePrompt-RAE","A40","","30.0","6.75","5cx1yv20","mmlu","logical_fallaciesmeta_changegoogle/gemma-1.1-7b-it_google/gemma-1.1-7b-it","AlgPrompt","False"
"LOGICAL_FALLACIES","StablePrompt-RAE","A40","42.0","30.0","4.65","487nxqtp","mmlu","logical_fallaciesmeta_changegoogle/gemma-1.1-7b-it_google/gemma-1.1-7b-it","AlgPrompt","False"
"LOGICAL_FALLACIES","StablePrompt-RAE","A40","42.0","30.0","3.13","j8m5jz30","mmlu","logical_fallaciesmeta_changegoogle/gemma-1.1-7b-it_google/gemma-1.1-7b-it","AlgPrompt","False"
"LOGICAL_FALLACIES","StablePrompt-RAE","A40","42.0","30.0","4.65","cgmj0ovy","mmlu","logical_fallaciesmeta_changegoogle/gemma-1.1-7b-it_google/gemma-1.1-7b-it","AlgPrompt","False"
"MACHINE_LEARNING","StablePrompt-RAE","A40","","30.0","5.98","71qto5rf","mmlu","machine_learningmeta_changegoogle/gemma-1.1-7b-it_google/gemma-1.1-7b-it","AlgPrompt","False"
"MACHINE_LEARNING","StablePrompt-RAE","A40","42.0","30.0","2.75","ss9wdim0","mmlu","machine_learningmeta_changegoogle/gemma-1.1-7b-it_google/gemma-1.1-7b-it","AlgPrompt","False"
"MACHINE_LEARNING","StablePrompt-RAE","A40","42.0","30.0","3.92","6c02h0hl","mmlu","machine_learningmeta_changegoogle/gemma-1.1-7b-it_google/gemma-1.1-7b-it","AlgPrompt","False"
"MACHINE_LEARNING","StablePrompt-RAE","A40","42.0","30.0","3.95","gxi9e0kz","mmlu","machine_learningmeta_changegoogle/gemma-1.1-7b-it_google/gemma-1.1-7b-it","AlgPrompt","False"
"MANAGEMENT","StablePrompt-RAE","A40","","30.0","5.37","8i4zs04x","mmlu","managementmeta_changegoogle/gemma-1.1-7b-it_google/gemma-1.1-7b-it","AlgPrompt","False"
"MANAGEMENT","StablePrompt-RAE","A40","42.0","30.0","3.5","qxsahotq","mmlu","managementmeta_changegoogle/gemma-1.1-7b-it_google/gemma-1.1-7b-it","AlgPrompt","False"
"MANAGEMENT","StablePrompt-RAE","A40","42.0","30.0","2.57","iv6tt55r","mmlu","managementmeta_changegoogle/gemma-1.1-7b-it_google/gemma-1.1-7b-it","AlgPrompt","False"
"MANAGEMENT","StablePrompt-RAE","A40","42.0","30.0","3.53","anf1xoab","mmlu","managementmeta_changegoogle/gemma-1.1-7b-it_google/gemma-1.1-7b-it","AlgPrompt","False"
"MARKETING","StablePrompt-RAE","A40","","30.0","8.13","7r6uyki5","mmlu","marketingmeta_changegoogle/gemma-1.1-7b-it_google/gemma-1.1-7b-it","AlgPrompt","False"
"MARKETING","StablePrompt-RAE","A40","42.0","30.0","5.57","e3caryeu","mmlu","marketingmeta_changegoogle/gemma-1.1-7b-it_google/gemma-1.1-7b-it","AlgPrompt","False"
"MARKETING","StablePrompt-RAE","A40","42.0","30.0","5.53","m2bvgylz","mmlu","marketingmeta_changegoogle/gemma-1.1-7b-it_google/gemma-1.1-7b-it","AlgPrompt","False"
"MARKETING","StablePrompt-RAE","A40","42.0","30.0","3.67","zvbm3exx","mmlu","marketingmeta_changegoogle/gemma-1.1-7b-it_google/gemma-1.1-7b-it","AlgPrompt","False"
"MEDICAL_GENETICS","StablePrompt-RAE","A40","","30.0","5.38","z8gfe581","mmlu","medical_geneticsmeta_changegoogle/gemma-1.1-7b-it_google/gemma-1.1-7b-it","AlgPrompt","False"
"MEDICAL_GENETICS","StablePrompt-RAE","A40","42.0","30.0","3.65","ohsudbzt","mmlu","medical_geneticsmeta_changegoogle/gemma-1.1-7b-it_google/gemma-1.1-7b-it","AlgPrompt","False"
"MEDICAL_GENETICS","StablePrompt-RAE","A40","42.0","30.0","3.67","0ge2binw","mmlu","medical_geneticsmeta_changegoogle/gemma-1.1-7b-it_google/gemma-1.1-7b-it","AlgPrompt","False"
"MEDICAL_GENETICS","StablePrompt-RAE","A40","42.0","30.0","2.6","kgk5nh8g","mmlu","medical_geneticsmeta_changegoogle/gemma-1.1-7b-it_google/gemma-1.1-7b-it","AlgPrompt","False"
"MISCELLANEOUS","StablePrompt-RAE","A40","","30.0","18.32","ealdu0gg","mmlu","miscellaneousmeta_changegoogle/gemma-1.1-7b-it_google/gemma-1.1-7b-it","AlgPrompt","False"
"MISCELLANEOUS","StablePrompt-RAE","A40","42.0","30.0","7.73","v5640smi","mmlu","miscellaneousmeta_changegoogle/gemma-1.1-7b-it_google/gemma-1.1-7b-it","AlgPrompt","False"
"MISCELLANEOUS","StablePrompt-RAE","A40","42.0","30.0","12.53","945wfack","mmlu","miscellaneousmeta_changegoogle/gemma-1.1-7b-it_google/gemma-1.1-7b-it","AlgPrompt","False"
"MISCELLANEOUS","StablePrompt-RAE","A40","42.0","30.0","12.93","glvwvqqo","mmlu","miscellaneousmeta_changegoogle/gemma-1.1-7b-it_google/gemma-1.1-7b-it","AlgPrompt","False"
"MNLI","StablePrompt-RAE","A40","","100.0","59.12","acxjarlv","algprompt_classification_mnli","classification_mnli_google/gemma-1.1-7b-it_google/gemma-1.1-7b-it","AlgPrompt","False"
"MORAL_DISPUTES","StablePrompt-RAE","A40","","30.0","10.4","k7jkgmun","mmlu","moral_disputesmeta_changegoogle/gemma-1.1-7b-it_google/gemma-1.1-7b-it","AlgPrompt","False"
"MORAL_DISPUTES","StablePrompt-RAE","A40","42.0","30.0","4.65","ydrypu89","mmlu","moral_disputesmeta_changegoogle/gemma-1.1-7b-it_google/gemma-1.1-7b-it","AlgPrompt","False"
"MORAL_DISPUTES","StablePrompt-RAE","A40","42.0","30.0","7.52","njl76qye","mmlu","moral_disputesmeta_changegoogle/gemma-1.1-7b-it_google/gemma-1.1-7b-it","AlgPrompt","False"
"MORAL_DISPUTES","StablePrompt-RAE","A40","42.0","30.0","7.47","v2gup6zr","mmlu","moral_disputesmeta_changegoogle/gemma-1.1-7b-it_google/gemma-1.1-7b-it","AlgPrompt","False"
"MORAL_SCENARIOS","StablePrompt-RAE","A40","","30.0","22.93","reluhtps","mmlu","moral_scenariosmeta_changegoogle/gemma-1.1-7b-it_google/gemma-1.1-7b-it","AlgPrompt","False"
"MORAL_SCENARIOS","StablePrompt-RAE","A40","42.0","30.0","9.55","u083i9q2","mmlu","moral_scenariosmeta_changegoogle/gemma-1.1-7b-it_google/gemma-1.1-7b-it","AlgPrompt","False"
"MORAL_SCENARIOS","StablePrompt-RAE","A40","42.0","30.0","17.4","7cx4nt5o","mmlu","moral_scenariosmeta_changegoogle/gemma-1.1-7b-it_google/gemma-1.1-7b-it","AlgPrompt","False"
"MORAL_SCENARIOS","StablePrompt-RAE","A40","42.0","30.0","17.55","km3do40i","mmlu","moral_scenariosmeta_changegoogle/gemma-1.1-7b-it_google/gemma-1.1-7b-it","AlgPrompt","False"
"MRPC","StablePrompt-RAE","A40","","100.0","31.32","9m6c1ql8","algprompt_classification_mrpc","classification_mrpc_google/gemma-1.1-7b-it_google/gemma-1.1-7b-it","AlgPrompt","False"
"NUTRITION","StablePrompt-RAE","A40","","30.0","9.6","esix242i","mmlu","nutritionmeta_changegoogle/gemma-1.1-7b-it_google/gemma-1.1-7b-it","AlgPrompt","False"
"NUTRITION","StablePrompt-RAE","A40","42.0","30.0","4.3","0a0p11io","mmlu","nutritionmeta_changegoogle/gemma-1.1-7b-it_google/gemma-1.1-7b-it","AlgPrompt","False"
"NUTRITION","StablePrompt-RAE","A40","42.0","30.0","6.97","q6pzcn13","mmlu","nutritionmeta_changegoogle/gemma-1.1-7b-it_google/gemma-1.1-7b-it","AlgPrompt","False"
"NUTRITION","StablePrompt-RAE","A40","42.0","30.0","6.9","ek8ro07p","mmlu","nutritionmeta_changegoogle/gemma-1.1-7b-it_google/gemma-1.1-7b-it","AlgPrompt","False"
"PHILOSOPHY","StablePrompt-RAE","A40","","30.0","9.52","6k7opmjg","mmlu","philosophymeta_changegoogle/gemma-1.1-7b-it_google/gemma-1.1-7b-it","AlgPrompt","False"
"PHILOSOPHY","StablePrompt-RAE","A40","42.0","30.0","4.3","2gmi2lwz","mmlu","philosophymeta_changegoogle/gemma-1.1-7b-it_google/gemma-1.1-7b-it","AlgPrompt","False"
"PHILOSOPHY","StablePrompt-RAE","A40","42.0","30.0","6.78","0y5rkwwo","mmlu","philosophymeta_changegoogle/gemma-1.1-7b-it_google/gemma-1.1-7b-it","AlgPrompt","False"
"PHILOSOPHY","StablePrompt-RAE","A40","42.0","30.0","7.02","3uyjbfdn","mmlu","philosophymeta_changegoogle/gemma-1.1-7b-it_google/gemma-1.1-7b-it","AlgPrompt","False"
"PREHISTORY","StablePrompt-RAE","A40","","30.0","9.78","ihl7liv2","mmlu","prehistorymeta_changegoogle/gemma-1.1-7b-it_google/gemma-1.1-7b-it","AlgPrompt","False"
"PREHISTORY","StablePrompt-RAE","A40","42.0","30.0","4.32","ndqoel4r","mmlu","prehistorymeta_changegoogle/gemma-1.1-7b-it_google/gemma-1.1-7b-it","AlgPrompt","False"
"PREHISTORY","StablePrompt-RAE","A40","42.0","30.0","7.33","j8e9s55z","mmlu","prehistorymeta_changegoogle/gemma-1.1-7b-it_google/gemma-1.1-7b-it","AlgPrompt","False"
"PREHISTORY","StablePrompt-RAE","A40","42.0","30.0","7.18","7z56gxe6","mmlu","prehistorymeta_changegoogle/gemma-1.1-7b-it_google/gemma-1.1-7b-it","AlgPrompt","False"
"PROFESSIONAL_ACCOUNTING","StablePrompt-RAE","A40","","30.0","10.23","e2wp27zg","mmlu","professional_accountingmeta_changegoogle/gemma-1.1-7b-it_google/gemma-1.1-7b-it","AlgPrompt","False"
"PROFESSIONAL_ACCOUNTING","StablePrompt-RAE","A40","42.0","30.0","7.4","24k8n30y","mmlu","professional_accountingmeta_changegoogle/gemma-1.1-7b-it_google/gemma-1.1-7b-it","AlgPrompt","False"
"PROFESSIONAL_ACCOUNTING","StablePrompt-RAE","A40","42.0","30.0","4.43","7ldqkha7","mmlu","professional_accountingmeta_changegoogle/gemma-1.1-7b-it_google/gemma-1.1-7b-it","AlgPrompt","False"
"PROFESSIONAL_ACCOUNTING","StablePrompt-RAE","A40","42.0","30.0","7.4","iav3ecrn","mmlu","professional_accountingmeta_changegoogle/gemma-1.1-7b-it_google/gemma-1.1-7b-it","AlgPrompt","False"
"PROFESSIONAL_LAW","StablePrompt-RAE","A40","42.0","30.0","45.4","lar7co0t","mmlu","professional_lawmeta_changegoogle/gemma-1.1-7b-it_google/gemma-1.1-7b-it","AlgPrompt","False"
"PROFESSIONAL_LAW","StablePrompt-RAE","A40","42.0","30.0","45.35","9xal8yfk","mmlu","professional_lawmeta_changegoogle/gemma-1.1-7b-it_google/gemma-1.1-7b-it","AlgPrompt","False"
"PROFESSIONAL_LAW","StablePrompt-RAE","A40","42.0","30.0","23.18","v0c8znj8","mmlu","professional_lawmeta_changegoogle/gemma-1.1-7b-it_google/gemma-1.1-7b-it","AlgPrompt","False"
"PROFESSIONAL_MEDICINE","StablePrompt-RAE","A40","","30.0","12.48","lo1z1b1i","mmlu","professional_medicinemeta_changegoogle/gemma-1.1-7b-it_google/gemma-1.1-7b-it","AlgPrompt","False"
"PROFESSIONAL_MEDICINE","StablePrompt-RAE","A40","42.0","30.0","8.77","pz2yaxg1","mmlu","professional_medicinemeta_changegoogle/gemma-1.1-7b-it_google/gemma-1.1-7b-it","AlgPrompt","False"
"PROFESSIONAL_MEDICINE","StablePrompt-RAE","A40","42.0","30.0","8.77","l2cc7oqq","mmlu","professional_medicinemeta_changegoogle/gemma-1.1-7b-it_google/gemma-1.1-7b-it","AlgPrompt","False"
"PROFESSIONAL_MEDICINE","StablePrompt-RAE","A40","42.0","30.0","5.23","2d9zscrw","mmlu","professional_medicinemeta_changegoogle/gemma-1.1-7b-it_google/gemma-1.1-7b-it","AlgPrompt","False"
"PROFESSIONAL_PSYCHOLOGY","StablePrompt-RAE","A40","","30.0","16.4","khu63n2f","mmlu","professional_psychologymeta_changegoogle/gemma-1.1-7b-it_google/gemma-1.1-7b-it","AlgPrompt","False"
"PROFESSIONAL_PSYCHOLOGY","StablePrompt-RAE","A40","42.0","30.0","7.32","k9d011vo","mmlu","professional_psychologymeta_changegoogle/gemma-1.1-7b-it_google/gemma-1.1-7b-it","AlgPrompt","False"
"PROFESSIONAL_PSYCHOLOGY","StablePrompt-RAE","A40","42.0","30.0","12.67","zzp378wq","mmlu","professional_psychologymeta_changegoogle/gemma-1.1-7b-it_google/gemma-1.1-7b-it","AlgPrompt","False"
"PROFESSIONAL_PSYCHOLOGY","StablePrompt-RAE","A40","42.0","30.0","12.9","h8pxvxna","mmlu","professional_psychologymeta_changegoogle/gemma-1.1-7b-it_google/gemma-1.1-7b-it","AlgPrompt","False"
"PUBLIC_RELATIONS","StablePrompt-RAE","A40","","30.0","5.73","mqj24dtr","mmlu","public_relationsmeta_changegoogle/gemma-1.1-7b-it_google/gemma-1.1-7b-it","AlgPrompt","False"
"PUBLIC_RELATIONS","StablePrompt-RAE","A40","42.0","30.0","2.72","cg3b4ul3","mmlu","public_relationsmeta_changegoogle/gemma-1.1-7b-it_google/gemma-1.1-7b-it","AlgPrompt","False"
"PUBLIC_RELATIONS","StablePrompt-RAE","A40","42.0","30.0","3.87","g69dg8eq","mmlu","public_relationsmeta_changegoogle/gemma-1.1-7b-it_google/gemma-1.1-7b-it","AlgPrompt","False"
"PUBLIC_RELATIONS","StablePrompt-RAE","A40","42.0","30.0","4.03","osmhu3r5","mmlu","public_relationsmeta_changegoogle/gemma-1.1-7b-it_google/gemma-1.1-7b-it","AlgPrompt","False"
"QNLI","StablePrompt-RAE","A40","","100.0","39.03","2n7zbc6q","algprompt_classification_qnli","classification_qnli_google/gemma-1.1-7b-it_google/gemma-1.1-7b-it","AlgPrompt","False"
"SECURITY_STUDIES","StablePrompt-RAE","A40","","30.0","10.72","nt7g0a5a","mmlu","security_studiesmeta_changegoogle/gemma-1.1-7b-it_google/gemma-1.1-7b-it","AlgPrompt","False"
"SECURITY_STUDIES","StablePrompt-RAE","A40","42.0","30.0","7.45","tvfzbl3c","mmlu","security_studiesmeta_changegoogle/gemma-1.1-7b-it_google/gemma-1.1-7b-it","AlgPrompt","False"
"SECURITY_STUDIES","StablePrompt-RAE","A40","42.0","30.0","4.52","2ixp22ug","mmlu","security_studiesmeta_changegoogle/gemma-1.1-7b-it_google/gemma-1.1-7b-it","AlgPrompt","False"
"SECURITY_STUDIES","StablePrompt-RAE","A40","42.0","30.0","7.62","ie0fhf79","mmlu","security_studiesmeta_changegoogle/gemma-1.1-7b-it_google/gemma-1.1-7b-it","AlgPrompt","False"
"SOCIOLOGY","StablePrompt-RAE","A40","","30.0","7.37","4dnyuvng","mmlu","sociologymeta_changegoogle/gemma-1.1-7b-it_google/gemma-1.1-7b-it","AlgPrompt","False"
"SOCIOLOGY","StablePrompt-RAE","A40","42.0","30.0","5.27","df3030k3","mmlu","sociologymeta_changegoogle/gemma-1.1-7b-it_google/gemma-1.1-7b-it","AlgPrompt","False"
"SOCIOLOGY","StablePrompt-RAE","A40","42.0","30.0","5.05","0m94ieog","mmlu","sociologymeta_changegoogle/gemma-1.1-7b-it_google/gemma-1.1-7b-it","AlgPrompt","False"
"SOCIOLOGY","StablePrompt-RAE","A40","42.0","30.0","3.5","2chma4me","mmlu","sociologymeta_changegoogle/gemma-1.1-7b-it_google/gemma-1.1-7b-it","AlgPrompt","False"
"SST2","StablePrompt-RAE","A40","","100.0","27.7","p6qlvi5v","algprompt_classification_sst2","classification_sst2_google/gemma-1.1-7b-it_google/gemma-1.1-7b-it","AlgPrompt","False"
"US_FOREIGN_POLICY","StablePrompt-RAE","A40","","30.0","5.57","nxuxwvb0","mmlu","us_foreign_policymeta_changegoogle/gemma-1.1-7b-it_google/gemma-1.1-7b-it","AlgPrompt","False"
"US_FOREIGN_POLICY","StablePrompt-RAE","A40","42.0","30.0","2.62","uk85plv6","mmlu","us_foreign_policymeta_changegoogle/gemma-1.1-7b-it_google/gemma-1.1-7b-it","AlgPrompt","False"
"US_FOREIGN_POLICY","StablePrompt-RAE","A40","42.0","30.0","3.72","ae5ugm8o","mmlu","us_foreign_policymeta_changegoogle/gemma-1.1-7b-it_google/gemma-1.1-7b-it","AlgPrompt","False"
"US_FOREIGN_POLICY","StablePrompt-RAE","A40","42.0","30.0","3.67","n2u70jcd","mmlu","us_foreign_policymeta_changegoogle/gemma-1.1-7b-it_google/gemma-1.1-7b-it","AlgPrompt","False"
"VIROLOGY","StablePrompt-RAE","A40","","30.0","6.85","7ed7kuvb","mmlu","virologymeta_changegoogle/gemma-1.1-7b-it_google/gemma-1.1-7b-it","AlgPrompt","False"
"VIROLOGY","StablePrompt-RAE","A40","42.0","30.0","3.33","19e02f08","mmlu","virologymeta_changegoogle/gemma-1.1-7b-it_google/gemma-1.1-7b-it","AlgPrompt","False"
"VIROLOGY","StablePrompt-RAE","A40","42.0","30.0","4.97","vtv67zdl","mmlu","virologymeta_changegoogle/gemma-1.1-7b-it_google/gemma-1.1-7b-it","AlgPrompt","False"
"VIROLOGY","StablePrompt-RAE","A40","42.0","30.0","5.13","kubva3cd","mmlu","virologymeta_changegoogle/gemma-1.1-7b-it_google/gemma-1.1-7b-it","AlgPrompt","False"
"WORLD_RELIGIONS","StablePrompt-RAE","A40","","30.0","6.78","xhwc2zjf","mmlu","world_religionsmeta_changegoogle/gemma-1.1-7b-it_google/gemma-1.1-7b-it","AlgPrompt","False"
"WORLD_RELIGIONS","StablePrompt-RAE","A40","42.0","30.0","3.03","bmfxjam4","mmlu","world_religionsmeta_changegoogle/gemma-1.1-7b-it_google/gemma-1.1-7b-it","AlgPrompt","False"
"WORLD_RELIGIONS","StablePrompt-RAE","A40","42.0","30.0","4.43","im1rnrfm","mmlu","world_religionsmeta_changegoogle/gemma-1.1-7b-it_google/gemma-1.1-7b-it","AlgPrompt","False"
"WORLD_RELIGIONS","StablePrompt-RAE","A40","42.0","30.0","4.43","3ae696kq","mmlu","world_religionsmeta_changegoogle/gemma-1.1-7b-it_google/gemma-1.1-7b-it","AlgPrompt","False"
